aCO,U,flux_C2H4,flux_CH4,flux_H2
0.000000000000000000e+00,-8.000000000000000444e-01,0.000000000000000000e+00,0.000000000000000000e+00,2.309291244964305414e-07
9.999999999999999547e-07,-8.000000000000000444e-01,6.875946620334795422e-14,1.228928209476847820e-16,2.309060338930412396e-07
1.501310728908174203e-06,-8.000000000000000444e-01,1.032241501051142626e-13,1.844910627844152177e-16,2.308944600634166459e-07
2.253933904734788681e-06,-8.000000000000000444e-01,1.549598631474643653e-13,2.769575706062103800e-16,2.308770863271606039e-07
3.383855153428233349e-06,-8.000000000000000444e-01,2.326166271693172980e-13,4.157524060415311914e-16,2.308510078591686853e-07
5.080218046913022430e-06,-8.000000000000000444e-01,3.491706261188384914e-13,6.240677190382849959e-16,2.308118670351951551e-07
7.626985859023451423e-06,-8.000000000000000444e-01,5.240802039241440573e-13,9.366811323491631493e-16,2.307531294109362805e-07
1.145047569938281224e-05,-8.000000000000000444e-01,7.865067420898858573e-13,1.405712370482203935e-15,2.306650020963103081e-07
1.719072201858574747e-05,-8.000000000000000444e-01,1.180114370326019592e-12,2.109201714588118489e-15,2.305328219306335668e-07
2.580861540418076793e-05,-8.000000000000000444e-01,1.770195447950198852e-12,3.163845274539930393e-15,2.303346626242384756e-07
3.874675120456128150e-05,-8.000000000000000444e-01,2.654188233419518659e-12,4.743793070854217200e-15,2.300378027453686727e-07
5.817091329374357686e-05,-8.000000000000000444e-01,3.977065970758857425e-12,7.108153731097474595e-15,2.295935578020599369e-07
8.733261623828436962e-05,-8.000000000000000444e-01,5.953550653644744160e-12,1.064069683609194058e-14,2.289298204806767266e-07
1.311133937421564226e-04,-8.000000000000000444e-01,8.899504076309924636e-12,1.590595770099061744e-14,2.279405189947554548e-07
1.968419447286613299e-04,-8.000000000000000444e-01,1.327479683812679463e-11,2.372585654054096134e-14,2.264712209409220173e-07
2.955209235202887964e-04,-8.000000000000000444e-01,1.973857669779980317e-11,3.527847881644468112e-14,2.243005732413880093e-07
4.436687330978615856e-04,-8.000000000000000444e-01,2.921337001504126682e-11,5.221264283698183378e-14,2.211187757847725191e-07
6.660846290809161038e-04,-8.000000000000000444e-01,4.294378405673674079e-11,7.675281755813898750e-14,2.165078681888626912e-07
1.000000000000000021e-03,-8.000000000000000444e-01,6.251485649997115980e-11,1.117319183907086851e-13,2.099355677240277745e-07
1.501310728908174328e-03,-8.000000000000000444e-01,8.976337540209939623e-11,1.604328106376848791e-13,2.007850495822164078e-07
2.253933904734791056e-03,-8.000000000000000444e-01,1.264857402376866693e-10,2.260661736595700775e-13,1.884530521314481349e-07
3.383855153428236544e-03,-8.000000000000000444e-01,1.738627163840571395e-10,3.107423727065479512e-13,1.725430541866546908e-07
5.080218046913023006e-03,-8.000000000000000444e-01,2.316597885545676141e-10,4.140422619253667204e-13,1.531338099873845020e-07
7.626985859023451518e-03,-8.000000000000000444e-01,2.975437339935739807e-10,5.317957053017000934e-13,1.310088555941147148e-07
1.145047569938283452e-02,-8.000000000000000444e-01,3.670815233931209668e-10,6.560796122840997470e-13,1.076568779792024592e-07
1.719072201858574608e-02,-8.000000000000000444e-01,4.347597211015682604e-10,7.770398973516013650e-13,8.492938302211427532e-08
2.580861540418076527e-02,-8.000000000000000444e-01,4.956248816852123894e-10,8.858233375754822140e-13,6.448982232065552546e-08
3.874675120456136379e-02,-8.000000000000000444e-01,5.465948570298240765e-10,9.769212532458671806e-13,4.737323386482870738e-08
5.817091329374357578e-02,-8.000000000000000444e-01,5.867899861480703723e-10,1.048761438727952738e-12,3.387502284168812071e-08
8.733261623828436626e-02,-8.000000000000000444e-01,6.170125494614565230e-10,1.102777798466231060e-12,2.372576978009945017e-08
1.311133937421565809e-01,-8.000000000000000444e-01,6.389321562906420200e-10,1.141954401573303898e-12,1.636479134775725209e-08
1.968419447286615387e-01,-8.000000000000000444e-01,6.544175814259120079e-10,1.169631282787295042e-12,1.116452104525351331e-08
2.955209235202888030e-01,-8.000000000000000444e-01,6.651555220872219501e-10,1.188823052181411915e-12,7.558537131781582506e-09
4.436687330978615895e-01,-8.000000000000000444e-01,6.725055899955367272e-10,1.201959724545018455e-12,5.090258764793835921e-09
6.660846290809168124e-01,-8.000000000000000444e-01,6.774921590286737671e-10,1.210872148814285765e-12,3.415683696438420717e-09
1.000000000000000000e+00,-8.000000000000000444e-01,6.808548727719632576e-10,1.216882279502767824e-12,2.286426975212185683e-09
0.000000000000000000e+00,-9.200000000000000400e-01,0.000000000000000000e+00,0.000000000000000000e+00,5.290280613908551747e-07
9.999999999999999547e-07,-9.200000000000000400e-01,3.608141290179564805e-13,1.947718124064991535e-15,5.289751638744676489e-07
1.501310728908174203e-06,-9.200000000000000400e-01,5.416669714050532910e-13,2.923983548772036226e-15,5.289486497625620617e-07
2.253933904734788681e-06,-9.200000000000000400e-01,8.131492453554229615e-13,4.389477560258479082e-15,5.289088488321654472e-07
3.383855153428233349e-06,-9.200000000000000400e-01,1.220651793295993640e-12,6.589225392713823535e-15,5.288491065134089705e-07
5.080218046913022430e-06,-9.200000000000000400e-01,1.832266919715977991e-12,9.890797506651799167e-15,5.287594400658653463e-07
7.626985859023451423e-06,-9.200000000000000400e-01,2.750101953310915286e-12,1.484538155994338460e-14,5.286248799424501979e-07
1.145047569938281224e-05,-9.200000000000000400e-01,4.127180747370244823e-12,2.227901874248685630e-14,5.284229919280484327e-07
1.719072201858574747e-05,-9.200000000000000400e-01,6.192630079638755044e-12,3.342856299605211331e-14,5.281201846621618913e-07
2.580861540418076793e-05,-9.200000000000000400e-01,9.289070494741608813e-12,5.014352128495829225e-14,5.276662279170465047e-07
3.874675120456128150e-05,-9.200000000000000400e-01,1.392780759610292921e-11,7.518398283696284496e-14,5.269861612231391632e-07
5.817091329374357686e-05,-9.200000000000000400e-01,2.086958601514623747e-11,1.126565387948283427e-13,5.259684548526075302e-07
8.733261623828436962e-05,-9.200000000000000400e-01,3.124115576037616341e-11,1.686435214076492292e-13,5.244479204931159928e-07
1.311133937421564226e-04,-9.200000000000000400e-01,4.669999622290798710e-11,2.520922040516817956e-13,5.221815617201838136e-07
1.968419447286613299e-04,-9.200000000000000400e-01,6.965927054863940645e-11,3.760291320243157415e-13,5.188155943363822354e-07
2.955209235202887964e-04,-9.200000000000000400e-01,1.035778453865308593e-10,5.591256840746047908e-13,5.138429277359650414e-07
4.436687330978615856e-04,-9.200000000000000400e-01,1.532966621131676414e-10,8.275138447852315539e-13,5.065538508649457181e-07
6.660846290809161038e-04,-9.200000000000000400e-01,2.253467761855926812e-10,1.216449038098651957e-12,4.959908718035747765e-07
1.000000000000000021e-03,-9.200000000000000400e-01,3.280456458462347766e-10,1.770829905343089137e-12,4.809346012644136893e-07
1.501310728908174328e-03,-9.200000000000000400e-01,4.710317851746696979e-10,2.542686306360619687e-12,4.599719752472735074e-07
2.253933904734791056e-03,-9.200000000000000400e-01,6.637317698494621944e-10,3.582904031979287054e-12,4.317210011932938007e-07
3.383855153428236544e-03,-9.200000000000000400e-01,9.123416460983971730e-10,4.924930085974271568e-12,3.952733015459646436e-07
5.080218046913023006e-03,-9.200000000000000400e-01,1.215630798944893612e-09,6.562121460489543124e-12,3.508092918451860167e-07
7.626985859023451518e-03,-9.200000000000000400e-01,1.561355681676519183e-09,8.428386015786710395e-12,3.001239495066819750e-07
1.145047569938283452e-02,-9.200000000000000400e-01,1.926254048424020022e-09,1.039815134701200557e-11,2.466276593605223260e-07
1.719072201858574608e-02,-9.200000000000000400e-01,2.281394239411853062e-09,1.231524087023430799e-11,1.945619763348862657e-07
2.580861540418076527e-02,-9.200000000000000400e-01,2.600783134005341571e-09,1.403934058971580539e-11,1.477376478871309699e-07
3.874675120456136379e-02,-9.200000000000000400e-01,2.868247212415207821e-09,1.548314389773235870e-11,1.085258090679390143e-07
5.817091329374357578e-02,-9.200000000000000400e-01,3.079170468577107952e-09,1.662173303760745496e-11,7.760319406479284473e-08
8.733261623828436626e-02,-9.200000000000000400e-01,3.237762855352770812e-09,1.747783384192576630e-11,5.435259852624504103e-08
1.311133937421565809e-01,-9.200000000000000400e-01,3.352785619245367562e-09,1.809874057449584474e-11,3.748957114287105140e-08
1.968419447286615387e-01,-9.200000000000000400e-01,3.434045124171296386e-09,1.853738916879439165e-11,2.557644012121633885e-08
2.955209235202888030e-01,-9.200000000000000400e-01,3.490392285094549354e-09,1.884155792978092295e-11,1.731560821744254104e-08
4.436687330978615895e-01,-9.200000000000000400e-01,3.528961641388247759e-09,1.904975996025910772e-11,1.166110914848384929e-08
6.660846290809168124e-01,-9.200000000000000400e-01,3.555128577547383208e-09,1.919101223313189214e-11,7.824879292257042033e-09
1.000000000000000000e+00,-9.200000000000000400e-01,3.572774360701566870e-09,1.928626629581582184e-11,5.237901597929263734e-09
0.000000000000000000e+00,-1.040000000000000036e+00,0.000000000000000000e+00,0.000000000000000000e+00,1.211933273246753073e-06
9.999999999999999547e-07,-1.040000000000000036e+00,1.892459855958938158e-12,3.086879250011825811e-14,1.211812092037549409e-06
1.501310728908174203e-06,-1.040000000000000036e+00,2.841027876244576078e-12,4.634132646074386964e-14,1.211751351716243025e-06
2.253933904734788681e-06,-1.040000000000000036e+00,4.264944690294706521e-12,6.956749558234487336e-14,1.211660173052247140e-06
3.383855153428233349e-06,-1.040000000000000036e+00,6.402283977083371837e-12,1.044306303212312949e-13,1.211523311306706744e-06
5.080218046913022430e-06,-1.040000000000000036e+00,9.610187939152075462e-12,1.567562431756339676e-13,1.211317897342490326e-06
7.626985859023451423e-06,-1.040000000000000036e+00,1.442420661463664958e-11,2.352799397905500523e-13,1.211009637908406251e-06
1.145047569938281224e-05,-1.040000000000000036e+00,2.164694576662792685e-11,3.530933958928053721e-13,1.210547139186731479e-06
1.719072201858574747e-05,-1.040000000000000036e+00,3.248016883489868647e-11,5.297991336388220073e-13,1.209853447816289312e-06
2.580861540418076793e-05,-1.040000000000000036e+00,4.872091084214795081e-11,7.947094267111678180e-13,1.208813492993148669e-06
3.874675120456128150e-05,-1.040000000000000036e+00,7.305095515212768907e-11,1.191568090295809530e-12,1.207255550202351489e-06
5.817091329374357686e-05,-1.040000000000000036e+00,1.094603857438764407e-10,1.785459239133228448e-12,1.204924119598084913e-06
8.733261623828436962e-05,-1.040000000000000036e+00,1.638589744009993564e-10,2.672779908191821426e-12,1.201440776619003789e-06
1.311133937421564226e-04,-1.040000000000000036e+00,2.449401534408568812e-10,3.995332713507765340e-12,1.196248848616527156e-06
1.968419447286613299e-04,-1.040000000000000036e+00,3.653608950056449118e-10,5.959571411818341609e-12,1.188537862816704351e-06
2.955209235202887964e-04,-1.040000000000000036e+00,5.432628564026556901e-10,8.861413009375339801e-12,1.177146141753809884e-06
4.436687330978615856e-04,-1.040000000000000036e+00,8.040366376207889559e-10,1.311501538648618772e-11,1.160447831331454274e-06
6.660846290809161038e-04,-1.040000000000000036e+00,1.181937438984752974e-09,1.927913104061804748e-11,1.136249444282896320e-06
1.000000000000000021e-03,-1.040000000000000036e+00,1.720590092676849043e-09,2.806534489033478637e-11,1.101757521133411866e-06
1.501310728908174328e-03,-1.040000000000000036e+00,2.470548331213976594e-09,4.029826236874871353e-11,1.053734919273677089e-06
2.253933904734791056e-03,-1.040000000000000036e+00,3.481254276220909761e-09,5.678435690693156796e-11,9.890156766542333024e-07
3.383855153428236544e-03,-1.040000000000000036e+00,4.785206014132522036e-09,7.805371990082509639e-11,9.055188205143718009e-07
5.080218046913023006e-03,-1.040000000000000036e+00,6.375949004358453300e-09,1.040010683381952609e-10,8.036576589785055491e-07
7.626985859023451518e-03,-1.040000000000000036e+00,8.189266192231526886e-09,1.335789279863665067e-10,6.875442477457658983e-07
1.145047569938283452e-02,-1.040000000000000036e+00,1.010314775904860762e-08,1.647971399710753478e-10,5.649913271068493698e-07
1.719072201858574608e-02,-1.040000000000000036e+00,1.196584797123629695e-08,1.951805090866185229e-10,4.457157380441597399e-07
2.580861540418076527e-02,-1.040000000000000036e+00,1.364103364953105427e-08,2.225052414658149764e-10,3.384473986406233538e-07
3.874675120456136379e-02,-1.040000000000000036e+00,1.504387514212829914e-08,2.453876412214482381e-10,2.486182654841928499e-07
5.817091329374357578e-02,-1.040000000000000036e+00,1.615016162836142677e-08,2.634327944022068396e-10,1.777786470344938649e-07
8.733261623828436626e-02,-1.040000000000000036e+00,1.698197419138530221e-08,2.770008758207501049e-10,1.245146098076480441e-07
1.311133937421565809e-01,-1.040000000000000036e+00,1.758526532020179717e-08,2.868414378881351228e-10,8.588364584733940043e-08
1.968419447286615387e-01,-1.040000000000000036e+00,1.801146911495331510e-08,2.937934461230898127e-10,5.859223934664634066e-08
2.955209235202888030e-01,-1.040000000000000036e+00,1.830700837317124298e-08,2.986141243577387540e-10,3.966776675333894019e-08
4.436687330978615895e-01,-1.040000000000000036e+00,1.850930355117512304e-08,3.019138550515831931e-10,2.671405774365598915e-08
6.660846290809168124e-01,-1.040000000000000036e+00,1.864654838792634584e-08,3.041525193878680827e-10,1.792576285744403575e-08
1.000000000000000000e+00,-1.040000000000000036e+00,1.873910001925280944e-08,3.056621720729531370e-10,1.199933933907677421e-08
0.000000000000000000e+00,-1.159999999999999920e+00,0.000000000000000000e+00,0.000000000000000000e+00,2.776378732993951384e-06
9.999999999999999547e-07,-1.159999999999999920e+00,9.901047432084825202e-12,4.891220096053096086e-13,2.776101122881663072e-06
1.501310728908174203e-06,-1.159999999999999920e+00,1.486380367329868682e-11,7.342873138354187359e-13,2.775961974844364050e-06
2.253933904734788681e-06,-1.159999999999999920e+00,2.231350881280857636e-11,1.102310472374799394e-12,2.775753096592393103e-06
3.383855153428233349e-06,-1.159999999999999920e+00,3.349572627983636647e-11,1.654723610159812854e-12,2.775439564446633362e-06
5.080218046913022430e-06,-1.159999999999999920e+00,5.027896698425858943e-11,2.483833103609445115e-12,2.774968988240583040e-06
7.626985859023451423e-06,-1.159999999999999920e+00,7.546514311097117097e-11,3.728056319978476973e-12,2.774262806674379498e-06
1.145047569938281224e-05,-1.159999999999999920e+00,1.132533597055077246e-10,5.594833402595534682e-12,2.773203283313448488e-06
1.719072201858574747e-05,-1.159999999999999920e+00,1.699310509672617883e-10,8.394770120391974975e-12,2.771614128191898563e-06
2.580861540418076793e-05,-1.159999999999999920e+00,2.549000168556016364e-10,1.259232514014796058e-11,2.769231729327225239e-06
3.874675120456128150e-05,-1.159999999999999920e+00,3.821909192117684937e-10,1.888062770530511072e-11,2.765662688582925335e-06
5.817091329374357686e-05,-1.159999999999999920e+00,5.726792395473342576e-10,2.829094824845727880e-11,2.760321689626938923e-06
8.733261623828436962e-05,-1.159999999999999920e+00,8.572839590803292437e-10,4.235071650186739689e-11,2.752341811872665480e-06
1.311133937421564226e-04,-1.159999999999999920e+00,1.281487725937093669e-09,6.330682244422960586e-11,2.740447791956292878e-06
1.968419447286613299e-04,-1.159999999999999920e+00,1.911509794984176620e-09,9.443056592912640992e-11,2.722782944016527272e-06
2.955209235202887964e-04,-1.159999999999999920e+00,2.842264417073737646e-09,1.404108093658570006e-10,2.696686018724189291e-06
4.436687330978615856e-04,-1.159999999999999920e+00,4.206591152330451098e-09,2.078099647667820906e-10,2.658432399521739403e-06
6.660846290809161038e-04,-1.159999999999999920e+00,6.183707732714420437e-09,3.054815739227596374e-10,2.602997097383042969e-06
1.000000000000000021e-03,-1.159999999999999920e+00,9.001852306207303317e-09,4.447008380057001586e-10,2.523980666358137660e-06
1.501310728908174328e-03,-1.159999999999999920e+00,1.292551391966664916e-08,6.385337901807751477e-10,2.413967241155926225e-06
2.253933904734791056e-03,-1.159999999999999920e+00,1.821336584946784231e-08,8.997591585209272224e-10,2.265704021727412672e-06
3.383855153428236544e-03,-1.159999999999999920e+00,2.503543288859685488e-08,1.236776344099474003e-09,2.074423774888799766e-06
5.080218046913023006e-03,-1.159999999999999920e+00,3.335794591252708884e-08,1.647917117149377436e-09,1.841073334852930922e-06
7.626985859023451518e-03,-1.159999999999999920e+00,4.284493155717028414e-08,2.116584045111716813e-09,1.575072877007325712e-06
1.145047569938283452e-02,-1.159999999999999920e+00,5.285805395592615590e-08,2.611242674281836204e-09,1.294320355363416180e-06
1.719072201858574608e-02,-1.159999999999999920e+00,6.260340368926546490e-08,3.092673056125163220e-09,1.021075766614879033e-06
2.580861540418076527e-02,-1.159999999999999920e+00,7.136770735791112831e-08,3.525638745119594942e-09,7.753381977092030884e-07
3.874675120456136379e-02,-1.159999999999999920e+00,7.870714978474344379e-08,3.888214811320580903e-09,5.695515422849675027e-07
5.817091329374357578e-02,-1.159999999999999920e+00,8.449506382644890195e-08,4.174143766506452173e-09,4.072673518441411695e-07
8.733261623828436626e-02,-1.159999999999999920e+00,8.884697418014582877e-08,4.389132650503160460e-09,2.852464919053416032e-07
1.311133937421565809e-01,-1.159999999999999920e+00,9.200329692218959346e-08,4.545058266771651759e-09,1.967480661734329974e-07
1.968419447286615387e-01,-1.159999999999999920e+00,9.423312704211628298e-08,4.655214186821348338e-09,1.342270658224591705e-07
2.955209235202888030e-01,-1.159999999999999920e+00,9.577934119532278644e-08,4.731598769269237812e-09,9.087360371276103248e-08
4.436687330978615895e-01,-1.159999999999999920e+00,9.683771722712692414e-08,4.783883642677334981e-09,6.119837075911190204e-08
6.660846290809168124e-01,-1.159999999999999920e+00,9.755576027263926570e-08,4.819355713669137358e-09,4.106555028130451958e-08
1.000000000000000000e+00,-1.159999999999999920e+00,9.803997561215874297e-08,4.843276453527426889e-09,2.748889834647478986e-08
0.000000000000000000e+00,-1.280000000000000027e+00,0.000000000000000000e+00,0.000000000000000000e+00,6.360316231248221330e-06
9.999999999999999547e-07,-1.280000000000000027e+00,5.113134550251325263e-11,7.723193691840870219e-12,6.359680263221899282e-06
1.501310728908174203e-06,-1.280000000000000027e+00,7.676018990052742926e-11,1.159433237279314805e-11,6.359361493484304236e-06
2.253933904734788681e-06,-1.280000000000000027e+00,1.152322253081915318e-10,1.740538581276462794e-11,6.358882981053497121e-06
3.383855153428233349e-06,-1.280000000000000027e+00,1.729798352164134236e-10,2.612794087519975679e-11,6.358164720402672993e-06
5.080218046913022430e-06,-1.280000000000000027e+00,2.596524509165242180e-10,3.921950715908604542e-11,6.357086692594070886e-06
7.626985859023451423e-06,-1.280000000000000027e+00,3.897198081588401504e-10,5.886568277006994461e-11,6.355468924087074034e-06
1.145047569938281224e-05,-1.280000000000000027e+00,5.848670763516765718e-10,8.834192940263337900e-11,6.353041696292165004e-06
1.719072201858574747e-05,-1.280000000000000027e+00,8.775640494818520643e-10,1.325526849437480633e-10,6.349401152228975540e-06
2.580861540418076793e-05,-1.280000000000000027e+00,1.316363841284601292e-09,1.988317110621885360e-10,6.343943391733905669e-06
3.874675120456128150e-05,-1.280000000000000027e+00,1.973724100625301133e-09,2.981234578040657991e-10,6.335767191741378785e-06
5.817091329374357686e-05,-1.280000000000000027e+00,2.957450740466307298e-09,4.467115949760562468e-10,6.323531669999642131e-06
8.733261623828436962e-05,-1.280000000000000027e+00,4.427216676434885926e-09,6.687141042704218868e-10,6.305250826179336921e-06
1.311133937421564226e-04,-1.280000000000000027e+00,6.617905036974696699e-09,9.996091816565363914e-10,6.278003200691542721e-06
1.968419447286613299e-04,-1.280000000000000027e+00,9.871487681399167531e-09,1.491050365305163273e-09,6.237535371955272407e-06
2.955209235202887964e-04,-1.280000000000000027e+00,1.467812420006712309e-08,2.217074381984396102e-09,6.177750769966358704e-06
4.436687330978615856e-04,-1.280000000000000027e+00,2.172382943047201529e-08,3.281301142599537852e-09,6.090116791134169981e-06
6.660846290809161038e-04,-1.280000000000000027e+00,3.193412603432067693e-08,4.823527296589407525e-09,5.963121850643222405e-06
1.000000000000000021e-03,-1.280000000000000027e+00,4.648768967005773053e-08,7.021787282918230632e-09,5.782105664771110300e-06
1.501310728908174328e-03,-1.280000000000000027e+00,6.675040419282760157e-08,1.008239262087352553e-08,5.530079467605176192e-06
2.253933904734791056e-03,-1.280000000000000027e+00,9.405811944653228030e-08,1.420711830750018302e-08,5.190428054121185651e-06
3.383855153428236544e-03,-1.280000000000000027e+00,1.292888835865605615e-07,1.952859015008303893e-08,4.752230324025170744e-06
5.080218046913023006e-03,-1.280000000000000027e+00,1.722683048846300750e-07,2.602046694671272785e-08,4.217655349187873601e-06
7.626985859023451518e-03,-1.280000000000000027e+00,2.212613376017244137e-07,3.342067669097259397e-08,3.608283504687958168e-06
1.145047569938283452e-02,-1.280000000000000027e+00,2.729714646808685934e-07,4.123129312081611877e-08,2.965116634420941265e-06
1.719072201858574608e-02,-1.280000000000000027e+00,3.232987505237234972e-07,4.883303668396769262e-08,2.339149444763084332e-06
2.580861540418076527e-02,-1.280000000000000027e+00,3.685596829699489926e-07,5.566952699182284283e-08,1.776197197087278837e-06
3.874675120456136379e-02,-1.280000000000000027e+00,4.064622957082810245e-07,6.139457132085550511e-08,1.304767204804629444e-06
5.817091329374357578e-02,-1.280000000000000027e+00,4.363524497182769541e-07,6.590936448010859275e-08,9.329956023681348499e-07
8.733261623828436626e-02,-1.280000000000000027e+00,4.588267417987044996e-07,6.930402012858189383e-08,6.534619613714319373e-07
1.311133937421565809e-01,-1.280000000000000027e+00,4.751267373040181397e-07,7.176607195269211669e-08,4.507237805413311888e-07
1.968419447286615387e-01,-1.280000000000000027e+00,4.866421062643175692e-07,7.350542428225351827e-08,3.074964432186026154e-07
2.955209235202888030e-01,-1.280000000000000027e+00,4.946271210449033489e-07,7.471153014895020443e-08,2.081793992360017945e-07
4.436687330978615895e-01,-1.280000000000000027e+00,5.000928246409077974e-07,7.553710372068531715e-08,1.401973679741386874e-07
6.660846290809168124e-01,-1.280000000000000027e+00,5.038009683800027656e-07,7.609720461481904534e-08,9.407574078254910782e-08
1.000000000000000000e+00,-1.280000000000000027e+00,5.063015706639950614e-07,7.647491100207974015e-08,6.297342803216067131e-08
0.000000000000000000e+00,-1.399999999999999911e+00,0.000000000000000000e+00,0.000000000000000000e+00,1.457064271554036968e-05
9.999999999999999547e-07,-1.399999999999999911e+00,2.475840157429505530e-10,1.155827347218664630e-10,1.456918579696067250e-05
1.501310728908174203e-06,-1.399999999999999911e+00,3.716819081913252140e-10,1.735169019957955902e-10,1.456845553768013644e-05
2.253933904734788681e-06,-1.399999999999999911e+00,5.579680488438584325e-10,2.604831849878150981e-10,1.456735932903095294e-05
3.383855153428233349e-06,-1.399999999999999911e+00,8.375887985057702188e-10,3.910220278687590249e-10,1.456571388893972347e-05
5.080218046913022430e-06,-1.399999999999999911e+00,1.257267843504188368e-09,5.869460320126314713e-10,1.456324426990421120e-05
7.626985859023451423e-06,-1.399999999999999911e+00,1.887069353842747336e-09,8.809641279646319598e-10,1.455953817636186740e-05
1.145047569938281224e-05,-1.399999999999999911e+00,2.831995481751393511e-09,1.322095780369923683e-09,1.455397771872061219e-05
1.719072201858574747e-05,-1.399999999999999911e+00,4.249268805799034242e-09,1.983739166960160715e-09,1.454563771408777329e-05
2.580861540418076793e-05,-1.399999999999999911e+00,6.373989238910956913e-09,2.975648912997539235e-09,1.453313470711306666e-05
3.874675120456128150e-05,-1.399999999999999911e+00,9.557005277270402754e-09,4.461615998849774455e-09,1.451440411502762524e-05
5.817091329374357686e-05,-1.399999999999999911e+00,1.432032588797453743e-08,6.685336382777229127e-09,1.448637415405474370e-05
8.733261623828436962e-05,-1.399999999999999911e+00,2.143710619275667990e-08,1.000775171549993162e-08,1.444449516028150860e-05
1.311133937421564226e-04,-1.399999999999999911e+00,3.204467804938085947e-08,1.495981681658567682e-08,1.438207445643678821e-05
1.968419447286613299e-04,-1.399999999999999911e+00,4.779890960228580546e-08,2.231456126913871762e-08,1.428936801660712268e-05
2.955209235202887964e-04,-1.399999999999999911e+00,7.107321149700191710e-08,3.317999397351232821e-08,1.415240940577712175e-05
4.436687330978615856e-04,-1.399999999999999911e+00,1.051893486246472344e-07,4.910685587340750947e-08,1.395165155838712583e-05
6.660846290809161038e-04,-1.399999999999999911e+00,1.546288110573972062e-07,7.218729688656659362e-08,1.366072295715124502e-05
1.000000000000000021e-03,-1.399999999999999911e+00,2.250988855859316822e-07,1.050857209048533044e-07,1.324603883230942637e-05
1.501310728908174328e-03,-1.399999999999999911e+00,3.232133432067228350e-07,1.508897171504655321e-07,1.266868016957191484e-05
2.253933904734791056e-03,-1.399999999999999911e+00,4.554405266854933975e-07,2.126189827703987205e-07,1.189058373320459011e-05
3.383855153428236544e-03,-1.399999999999999911e+00,6.260320489260376351e-07,2.922583512561229621e-07,1.088673072781136827e-05
5.080218046913023006e-03,-1.399999999999999911e+00,8.341434845768188118e-07,3.894136089864310681e-07,9.662090209977457970e-06
7.626985859023451518e-03,-1.399999999999999911e+00,1.071373537185697637e-06,5.001626739309727560e-07,8.266099962905169911e-06
1.145047569938283452e-02,-1.399999999999999911e+00,1.321760081701791282e-06,6.170537481220274046e-07,6.792689784478574876e-06
1.719072201858574608e-02,-1.399999999999999911e+00,1.565450745578510832e-06,7.308189008219563339e-07,5.358681797997441407e-06
2.580861540418076527e-02,-1.399999999999999911e+00,1.784609527753646898e-06,8.331315291477505352e-07,4.069032703744028731e-06
3.874675120456136379e-02,-1.399999999999999911e+00,1.968138456567868680e-06,9.188106285406058696e-07,2.989048983879147366e-06
5.817091329374357578e-02,-1.399999999999999911e+00,2.112870113602129920e-06,9.863775135458767887e-07,2.137369445639742047e-06
8.733261623828436626e-02,-1.399999999999999911e+00,2.221693291039906009e-06,1.037180795056747924e-06,1.496994869619996294e-06
1.311133937421565809e-01,-1.399999999999999911e+00,2.300619795009945822e-06,1.074027039526604137e-06,1.032548529175335637e-06
1.968419447286615387e-01,-1.399999999999999911e+00,2.356378571978029437e-06,1.100057604978813707e-06,7.044336551106384766e-07
2.955209235202888030e-01,-1.399999999999999911e+00,2.395042956920668394e-06,1.118107782146345058e-06,4.769114516823841116e-07
4.436687330978615895e-01,-1.399999999999999911e+00,2.421508539468128194e-06,1.130463040209606339e-06,3.211736152951345958e-07
6.660846290809168124e-01,-1.399999999999999911e+00,2.439463809544721390e-06,1.138845322934501680e-06,2.155150714689075670e-07
1.000000000000000000e+00,-1.399999999999999911e+00,2.451572021232918815e-06,1.144497950448897379e-06,1.442637892627760664e-07
0.000000000000000000e+00,-1.520000000000000018e+00,0.000000000000000000e+00,0.000000000000000000e+00,3.337941407706784082e-05
9.999999999999999547e-07,-1.520000000000000018e+00,9.241675845608980167e-10,9.727052098693739203e-10,3.337607646942089719e-05
1.501310728908174203e-06,-1.520000000000000018e+00,1.387393165456978038e-09,1.460259570582501858e-09,3.337440354205698466e-05
2.253933904734788681e-06,-1.520000000000000018e+00,2.082751515338356468e-09,2.192138399655648172e-09,3.337189227312188720e-05
3.383855153428233349e-06,-1.520000000000000018e+00,3.126504004903161410e-09,3.290709158222341387e-09,3.336812278764232084e-05
5.080218046913022430e-06,-1.520000000000000018e+00,4.693058162865016563e-09,4.939539323279507212e-09,3.336246521727921323e-05
7.626985859023451423e-06,-1.520000000000000018e+00,7.043945552811408322e-09,7.413896193417473948e-09,3.335397504746491872e-05
1.145047569938281224e-05,-1.520000000000000018e+00,1.057111225861551890e-08,1.112631100662863306e-08,3.334123677491998111e-05
1.719072201858574747e-05,-1.520000000000000018e+00,1.586142981250629943e-08,1.669447800631620621e-08,3.332213092808268334e-05
2.580861540418076793e-05,-1.520000000000000018e+00,2.379246584746139527e-08,2.504205500397513009e-08,3.329348819384198851e-05
3.874675120456128150e-05,-1.520000000000000018e+00,3.567384774912402495e-08,3.754745150269140283e-08,3.325057888631627155e-05
5.817091329374357686e-05,-1.520000000000000018e+00,5.345410101011800627e-08,5.626153027876442606e-08,3.318636595541515189e-05
8.733261623828436962e-05,-1.520000000000000018e+00,8.001921525783918076e-08,8.422185420833717445e-08,3.309042672324958044e-05
1.311133937421564226e-04,-1.520000000000000018e+00,1.196145584037815729e-07,1.258967595047865105e-07,3.294742915194871357e-05
1.968419447286613299e-04,-1.520000000000000018e+00,1.784210612273621880e-07,1.877918017312168464e-07,3.273505096773966972e-05
2.955209235202887964e-04,-1.520000000000000018e+00,2.652980564963645519e-07,2.792316091078269299e-07,3.242129691642121187e-05
4.436687330978615856e-04,-1.520000000000000018e+00,3.926448399677934069e-07,4.132666930170088075e-07,3.196138725779618486e-05
6.660846290809161038e-04,-1.520000000000000018e+00,5.771896638384140072e-07,6.075038796833953894e-07,3.129490833595993085e-05
1.000000000000000021e-03,-1.520000000000000018e+00,8.402363648357764129e-07,8.843658912639642599e-07,3.034492188824349442e-05
1.501310728908174328e-03,-1.520000000000000018e+00,1.206472452564678568e-06,1.269836834551096891e-06,2.902226960373287398e-05
2.253933904734791056e-03,-1.520000000000000018e+00,1.700042590370901057e-06,1.789329459590707852e-06,2.723975364692508391e-05
3.383855153428236544e-03,-1.520000000000000018e+00,2.336816957983117905e-06,2.459547453854132350e-06,2.494005926873603556e-05
5.080218046913023006e-03,-1.520000000000000018e+00,3.113643532298667286e-06,3.277173248812883212e-06,2.213456992016155539e-05
7.626985859023451518e-03,-1.520000000000000018e+00,3.999162429982369914e-06,4.209199928393922865e-06,1.893654101956435658e-05
1.145047569938283452e-02,-1.520000000000000018e+00,4.933791135141728747e-06,5.192915680806864945e-06,1.556115330254807393e-05
1.719072201858574608e-02,-1.520000000000000018e+00,5.843425836474025840e-06,6.150324735014600151e-06,1.227603079250779770e-05
2.580861540418076527e-02,-1.520000000000000018e+00,6.661489319895289672e-06,7.011353216884404067e-06,9.321615399061395800e-06
3.874675120456136379e-02,-1.520000000000000018e+00,7.346555705664654722e-06,7.732399544062017961e-06,6.847515629707124202e-06
5.817091329374357578e-02,-1.520000000000000018e+00,7.886801833789981684e-06,8.301019599794600193e-06,4.896430525030275410e-06
8.733261623828436626e-02,-1.520000000000000018e+00,8.293010824039689775e-06,8.728562837311854168e-06,3.429417123171761876e-06
1.311133937421565809e-01,-1.520000000000000018e+00,8.587623205670812777e-06,9.038648370814717024e-06,2.365432025400718859e-06
1.968419447286615387e-01,-1.520000000000000018e+00,8.795756408753535732e-06,9.257712807143715105e-06,1.613764274013932539e-06
2.955209235202888030e-01,-1.520000000000000018e+00,8.940080633941280305e-06,9.409616994323339689e-06,1.092541017893695514e-06
4.436687330978615895e-01,-1.520000000000000018e+00,9.038869860796200291e-06,9.513594668119814072e-06,7.357662462021054141e-07
6.660846290809168124e-01,-1.520000000000000018e+00,9.105892275498658845e-06,9.584137124973116185e-06,4.937165059120555150e-07
1.000000000000000000e+00,-1.520000000000000018e+00,9.151089121973802614e-06,9.631707726637234648e-06,3.304892482878006877e-07
