CAD,mean,su
-360,0.221745693,0.030757198
-359.75,0.22206414,0.030974948
-359.5,0.222403789,0.030990593
-359.25,0.222722013,0.030979866
-359,0.222990232,0.030994145
-358.75,0.223201891,0.030920497
-358.5,0.223371456,0.03091354
-358.25,0.223524987,0.030912974
-358,0.223686308,0.030907126
-357.75,0.223864744,0.030921528
-357.5,0.224049746,0.030905572
-357.25,0.224214889,0.030914512
-357,0.224329543,0.030913388
-356.75,0.224373084,0.030922111
-356.5,0.224345127,0.030913806
-356.25,0.224266903,0.030914499
-356,0.224172798,0.030913371
-355.75,0.224095629,0.030907839
-355.5,0.224052265,0.030913754
-355.25,0.224036148,0.030921285
-355,0.224020058,0.030907418
-354.75,0.223967614,0.030913959
-354.5,0.223847958,0.030913721
-354.25,0.223646867,0.030921531
-354,0.223369855,0.030921067
-353.75,0.223037106,0.030902018
-353.5,0.222674054,0.030905776
-353.25,0.222302813,0.030927785
-353,0.221938016,0.030896092
-352.75,0.221587131,0.030916848
-352.5,0.221252541,0.030902633
-352.25,0.220932136,0.030916018
-352,0.220617307,0.030903302
-351.75,0.22029025,0.030920651
-351.5,0.219924255,0.030922603
-351.25,0.219489695,0.030922142
-351,0.218965063,0.03091472
-350.75,0.218348698,0.030903225
-350.5,0.217665138,0.030907888
-350.25,0.216961696,0.030914098
-350,0.216295222,0.03089691
-349.75,0.215713795,0.03090528
-349.5,0.215240719,0.030900257
-349.25,0.214867258,0.03090047
-349,0.214556584,0.030906987
-348.75,0.214256589,0.030898622
-348.5,0.213916011,0.03090008
-348.25,0.213498083,0.030891527
-348,0.212988211,0.030898566
-347.75,0.212395346,0.030896636
-347.5,0.211748745,0.030896441
-347.25,0.211092057,0.030896483
-347,0.210475515,0.030903465
-346.75,0.209946209,0.030892948
-346.5,0.209536901,0.030893745
-346.25,0.20925568,0.030892988
-346,0.209080509,0.030893978
-345.75,0.208962598,0.030897673
-345.5,0.208839838,0.03089424
-345.25,0.208657012,0.030898353
-345,0.208385543,0.030892612
-344.75,0.208034438,0.03088638
-344.5,0.207646991,0.030897608
-344.25,0.207283648,0.030892599
-344,0.206997611,0.030897106
-343.75,0.206813212,0.030876359
-343.5,0.206716167,0.030904235
-343.25,0.206659759,0.030889547
-343,0.206584224,0.030888877
-342.75,0.206441013,0.030882513
-342.5,0.206211847,0.030895282
-342.25,0.205915017,0.03088909
-342,0.205597035,0.030895471
-341.75,0.205313803,0.030874124
-341.5,0.20510927,0.030887633
-341.25,0.204999722,0.030895498
-341,0.204968764,0.030888628
-340.75,0.204973569,0.030880906
-340.5,0.204959114,0.030892721
-340.25,0.204875369,0.030879916
-340,0.204692523,0.030885921
-339.75,0.204410599,0.030886751
-339.5,0.204061151,0.030885013
-339.25,0.203700075,0.030891383
-339,0.203392319,0.030886971
-338.75,0.203191772,0.030897448
-338.5,0.203122389,0.030882893
-338.25,0.203167832,0.030908179
-338,0.203275163,0.030899111
-337.75,0.203372982,0.030920787
-337.5,0.203397835,0.030904346
-337.25,0.20331814,0.030867553
-337,0.203145164,0.030913791
-336.75,0.202926357,0.030901537
-336.5,0.202724671,0.030872388
-336.25,0.202594066,0.030889478
-336,0.202562292,0.030884764
-335.75,0.202627073,0.030894679
-335.5,0.202763967,0.030880141
-335.25,0.202938459,0.030894046
-335,0.203114545,0.030882929
-334.75,0.203256929,0.030897792
-334.5,0.203330285,0.03087582
-334.25,0.203302058,0.030907323
-334,0.203152637,0.030888616
-333.75,0.202890041,0.03088864
-333.5,0.202560149,0.030894407
-333.25,0.202242724,0.030878455
-333,0.202029521,0.030892491
-332.75,0.201990647,0.03087073
-332.5,0.202143356,0.030892036
-332.25,0.202438445,0.03087769
-332,0.202772334,0.030892468
-331.75,0.203021179,0.030885891
-331.5,0.203083379,0.030886159
-331.25,0.202913564,0.030884114
-331,0.202535939,0.030876033
-330.75,0.20203431,0.030888234
-330.5,0.201525133,0.030883993
-330.25,0.201124336,0.030884679
-330,0.200917902,0.030881737
-329.75,0.200942417,0.030883028
-329.5,0.201178133,0.030888059
-329.25,0.201554902,0.030881945
-329,0.201970044,0.030882265
-328.75,0.202315253,0.030878802
-328.5,0.202506454,0.030883644
-328.25,0.202507799,0.030878358
-328,0.20234103,0.03088427
-327.75,0.20207573,0.030882651
-327.5,0.201803353,0.030882323
-327.25,0.201604872,0.030890301
-327,0.201524615,0.030884165
-326.75,0.20155995,0.030875316
-326.5,0.201669191,0.03088986
-326.25,0.201792441,0.030880522
-326,0.201875554,0.030883596
-325.75,0.201887805,0.030876943
-325.5,0.20182813,0.030889164
-325.25,0.201720241,0.030877366
-325,0.201600864,0.030889575
-324.75,0.201506516,0.030869396
-324.5,0.201463073,0.03089663
-324.25,0.201480208,0.030881762
-324,0.2015509,0.030889283
-323.75,0.201655107,0.030876236
-323.5,0.201766148,0.030878088
-323.25,0.201858032,0.03089027
-323,0.201911809,0.030883195
-322.75,0.201919196,0.030883296
-322.5,0.201882721,0.030889173
-322.25,0.201812962,0.030881483
-322,0.201724688,0.03088267
-321.75,0.201633938,0.030881693
-321.5,0.201557033,0.030882077
-321.25,0.201510894,0.030883668
-321,0.201512816,0.030881837
-320.75,0.201578038,0.030880908
-320.5,0.20171499,0.030882379
-320.25,0.201920023,0.030882724
-320,0.202174516,0.030876082
-319.75,0.202446686,0.030883209
-319.5,0.202698467,0.030892582
-319.25,0.20289563,0.030876548
-319,0.203017866,0.030883571
-318.75,0.20306548,0.030890162
-318.5,0.203060361,0.030883226
-318.25,0.20304048,0.030877889
-318,0.203048923,0.030883305
-317.75,0.203120212,0.030891075
-317.5,0.203268084,0.030877741
-317.25,0.203479339,0.030890873
-317,0.203717073,0.030877877
-316.75,0.203933389,0.030879132
-316.5,0.204087436,0.030893251
-316.25,0.204161522,0.030885966
-316,0.204168028,0.030884692
-315.75,0.204143523,0.030885682
-315.5,0.204132406,0.030893522
-315.25,0.204167557,0.030878138
-315,0.204256946,0.030892238
-314.75,0.20438217,0.030886791
-314.5,0.204508898,0.030880413
-314.25,0.204603467,0.030891733
-314,0.204647438,0.030878805
-313.75,0.204643748,0.03089437
-313.5,0.204612907,0.03088011
-313.25,0.204582708,0.030886557
-313,0.204577455,0.03089446
-312.75,0.204611751,0.030886812
-312.5,0.204690414,0.030879124
-312.25,0.20481227,0.030885928
-312,0.204973731,0.030894145
-311.75,0.205169021,0.030886371
-311.5,0.205386955,0.030886947
-311.25,0.205607308,0.030880046
-311,0.205800888,0.030894683
-310.75,0.205935706,0.030873543
-310.5,0.205987947,0.030900946
-310.25,0.205952932,0.030882864
-310,0.205850265,0.030888354
-309.75,0.205719615,0.030888177
-309.5,0.205608112,0.030887552
-309.25,0.205554564,0.030888377
-309,0.205577349,0.030886733
-308.75,0.205670881,0.030888034
-308.5,0.205811333,0.030897363
-308.25,0.205967995,0.03088012
-308,0.206114696,0.030894835
-307.75,0.206236664,0.030887669
-307.5,0.20633123,0.030876547
-307.25,0.206403905,0.030894933
-307,0.206463,0.030887458
-306.75,0.206515643,0.030888474
-306.5,0.206566374,0.030888423
-306.25,0.206617712,0.030888287
-306,0.206671149,0.030888992
-305.75,0.206727211,0.030883594
-305.5,0.206784266,0.030895337
-305.25,0.20683695,0.030882361
-305,0.206875704,0.030895583
-304.75,0.20688871,0.03089198
-304.5,0.206866329,0.030889626
-304.25,0.206806628,0.030889417
-304,0.206719418,0.030888685
-303.75,0.206626279,0.030888543
-303.5,0.206555494,0.03088792
-303.25,0.206533165,0.03088813
-303,0.206573888,0.030887936
-302.75,0.206674912,0.030889649
-302.5,0.206816346,0.030882232
-302.25,0.20696722,0.030904911
-302,0.207094599,0.030889657
-301.75,0.207171908,0.030883588
-301.5,0.207183599,0.030888923
-301.25,0.207125616,0.030894106
-301,0.207003233,0.030889171
-300.75,0.206828558,0.030882041
-300.5,0.206619081,0.030889877
-300.25,0.206397031,0.030887414
-300,0.206188133,0.030888439
-299.75,0.206018574,0.030886278
-299.5,0.205910167,0.03088729
-299.25,0.205875082,0.030894026
-299,0.205912119,0.030880956
-298.75,0.206006039,0.030886662
-298.5,0.20613044,0.030888456
-298.25,0.206253517,0.03089514
-298,0.206345358,0.030881521
-297.75,0.206385002,0.030887174
-297.5,0.20636533,0.030889652
-297.25,0.206294093,0.030887015
-297,0.206190243,0.030887539
-296.75,0.206076475,0.030886804
-296.5,0.205970785,0.030887559
-296.25,0.205880867,0.030901453
-296,0.205804247,0.030873427
-295.75,0.205734185,0.030886883
-295.5,0.20566792,0.030887533
-295.25,0.205611968,0.030896475
-295,0.205580371,0.030887514
-294.75,0.205585829,0.030880365
-294.5,0.205628351,0.03087951
-294.25,0.205688489,0.030893299
-294,0.20573063,0.030887657
-293.75,0.20571662,0.03088808
-293.5,0.205624084,0.030902162
-293.25,0.20546043,0.030874337
-293,0.205264915,0.030894099
-292.75,0.205096549,0.030879935
-292.5,0.205012415,0.030887012
-292.25,0.205045489,0.030887363
-292,0.20519128,0.030887308
-291.75,0.20540856,0.030886128
-291.5,0.205633484,0.030887148
-291.25,0.205801235,0.030888011
-291,0.205867091,0.030887272
-290.75,0.205819839,0.030887472
-290.5,0.205683728,0.03089377
-290.25,0.205509126,0.030888476
-290,0.205355388,0.030880103
-289.75,0.205271484,0.030886009
-289.5,0.205280416,0.030894196
-289.25,0.205372345,0.030886517
-289,0.205508805,0.030881793
-288.75,0.205636757,0.03088688
-288.5,0.205707761,0.030886672
-288.25,0.205695355,0.03088602
-288,0.20560413,0.030896537
-287.75,0.205467056,0.030880746
-287.5,0.205332218,0.03088659
-287.25,0.205244352,0.030894152
-287,0.205228496,0.030880438
-286.75,0.205281888,0.030886543
-286.5,0.205376659,0.030886487
-286.25,0.205471535,0.030885383
-286,0.205527635,0.030886913
-285.75,0.205522516,0.030889722
-285.5,0.205457894,0.030893226
-285.25,0.205359004,0.030879471
-285,0.205266237,0.030887592
-284.75,0.205221832,0.03088564
-284.5,0.205255601,0.030888135
-284.25,0.205374031,0.030902535
-284,0.205556447,0.030873267
-283.75,0.205760151,0.030893987
-283.5,0.205933672,0.030881891
-283.25,0.20603419,0.030895157
-283,0.206042931,0.030882247
-282.75,0.205972375,0.030888558
-282.5,0.205861744,0.030888169
-282.25,0.205761972,0.03088815
-282,0.205715947,0.030894588
-281.75,0.205742203,0.030880783
-281.5,0.205828913,0.030894049
-281.25,0.205940516,0.030887385
-281,0.206033652,0.030888611
-280.75,0.206075126,0.03088054
-280.5,0.206054178,0.030886554
-280.25,0.205984518,0.03088643
-280,0.205896477,0.030894363
-279.75,0.20582378,0.030880379
-279.5,0.205790929,0.030886578
-279.25,0.205805806,0.030895543
-279,0.205859117,0.030880747
-278.75,0.20592942,0.030887636
-278.5,0.205990987,0.030894355
-278.25,0.20602175,0.030888784
-278,0.206009388,0.03088009
-277.75,0.205954452,0.030887553
-277.5,0.205869992,0.030885861
-277.25,0.205777721,0.030887409
-277,0.205701521,0.030887591
-276.75,0.205660137,0.03089229
-276.5,0.205661551,0.030887023
-276.25,0.205701298,0.030881475
-276,0.205765527,0.030895321
-275.75,0.205837613,0.030880416
-275.5,0.205905441,0.030894599
-275.25,0.205966149,0.030879869
-275,0.206026327,0.030888745
-274.75,0.206097811,0.030888382
-274.5,0.20619117,0.030894167
-274.25,0.206309824,0.030880469
-274,0.206447121,0.030887246
-273.75,0.206587154,0.030890381
-273.5,0.206708611,0.030889393
-273.25,0.206790164,0.030895441
-273,0.206815956,0.030881794
-272.75,0.206780161,0.03088796
-272.5,0.206689794,0.030888639
-272.25,0.20656483,0.030895622
-272,0.20643471,0.030880881
-271.75,0.206331042,0.030888817
-271.5,0.206277926,0.030895143
-271.25,0.206283131,0.030881316
-271,0.206334126,0.030887497
-270.75,0.206401672,0.030889021
-270.5,0.206450575,0.030894922
-270.25,0.20645358,0.030881085
-270,0.206402407,0.030889176
-269.75,0.206310886,0.030887941
-269.5,0.206208852,0.030888755
-269.25,0.206129972,0.030887855
-269,0.206099517,0.030886732
-268.75,0.206127648,0.03088025
-268.5,0.206210307,0.030903135
-268.25,0.206335506,0.030888334
-268,0.206490135,0.030876545
-267.75,0.206663006,0.030895447
-267.5,0.206843072,0.030888911
-267.25,0.207015438,0.030882949
-267,0.207159535,0.030897042
-266.75,0.207252492,0.030895223
-266.5,0.207277214,0.030883042
-266.25,0.207231298,0.030889257
-266,0.207131717,0.030903602
-265.75,0.207012076,0.030874884
-265.5,0.206912942,0.030888316
-265.25,0.206869191,0.030887517
-265,0.206899599,0.03089
-264.75,0.207002565,0.030886891
-264.5,0.207158837,0.030891757
-264.25,0.207339166,0.030891364
-264,0.207513404,0.030889498
-263.75,0.20765792,0.030889345
-263.5,0.207759807,0.030891119
-263.25,0.207817972,0.03089163
-263,0.207842002,0.030889692
-262.75,0.207849605,0.03088915
-262.5,0.207862847,0.03089175
-262.25,0.207903133,0.030890173
-262,0.20798529,0.030891154
-261.75,0.208112042,0.030890043
-261.5,0.208271068,0.03088355
-261.25,0.208436728,0.030898149
-261,0.208577204,0.030890686
-260.75,0.208665439,0.030884128
-260.5,0.208689993,0.030899127
-260.25,0.208661128,0.030884829
-260,0.208608776,0.030897975
-259.75,0.208572374,0.030891554
-259.5,0.208586267,0.030890476
-259.25,0.20866672,0.030890438
-259,0.208806131,0.030892217
-258.75,0.208976928,0.030891819
-258.5,0.209143269,0.030885442
-258.25,0.209275283,0.030899584
-258,0.209359703,0.030891558
-257.75,0.209402754,0.03089214
-257.5,0.209424839,0.030899818
-257.25,0.20945018,0.030893502
-257,0.209496355,0.030884522
-256.75,0.209568086,0.030886796
-256.5,0.209657254,0.030895234
-256.25,0.209748135,0.030891451
-256,0.209824827,0.030893935
-255.75,0.209877393,0.030900215
-255.5,0.209904527,0.030892859
-255.25,0.209912545,0.030891221
-255,0.209912286,0.030892782
-254.75,0.209916016,0.030886225
-254.5,0.209935695,0.030900427
-254.25,0.209982495,0.030885854
-254,0.210066376,0.030902942
-253.75,0.210194491,0.030886291
-253.5,0.210368311,0.030900811
-253.25,0.210580853,0.030895229
-253,0.210816103,0.030895619
-252.75,0.211052101,0.030895261
-252.5,0.211267236,0.030893718
-252.25,0.21144728,0.03089467
-252,0.211589756,0.030889101
-251.75,0.211703192,0.030903072
-251.5,0.211801343,0.030896244
-251.25,0.211895253,0.030896996
-251,0.211987506,0.030894636
-250.75,0.212072072,0.030889527
-250.5,0.212140163,0.030904774
-250.25,0.212188866,0.030894555
-250,0.212227231,0.030897363
-249.75,0.212275312,0.030896617
-249.5,0.212355377,0.030895878
-249.25,0.212479256,0.030890075
-249,0.212638813,0.03089633
-248.75,0.212805834,0.030904842
-248.5,0.212943098,0.030891391
-248.25,0.213022206,0.030898138
-248,0.21303944,0.030897733
-247.75,0.213021051,0.030897981
-247.5,0.213014327,0.030897398
-247.25,0.213068026,0.030904615
-247,0.213211402,0.030890012
-246.75,0.21344183,0.030899483
-246.5,0.21372665,0.030906531
-246.25,0.214017535,0.030891835
-246,0.214269722,0.03090657
-245.75,0.214456783,0.030892233
-245.5,0.214574969,0.030899195
-245.25,0.214637277,0.030906851
-245,0.214662552,0.030892007
-244.75,0.214666541,0.030907743
-244.5,0.214659294,0.030893569
-244.25,0.214648695,0.030900751
-244,0.214646005,0.030898859
-243.75,0.214668397,0.030899061
-243.5,0.214735609,0.030900321
-243.25,0.214861728,0.030906764
-243,0.21504628,0.030894288
-242.75,0.21526968,0.030900537
-242.5,0.215496324,0.030907925
-242.25,0.215685042,0.030893617
-242,0.215803137,0.030900299
-241.75,0.215838303,0.030902342
-241.5,0.215803363,0.03090224
-241.25,0.21573166,0.030900773
-241,0.215664889,0.030900717
-240.75,0.215638399,0.030899105
-240.5,0.215669958,0.030901797
-240.25,0.215756301,0.030910294
-240,0.215878194,0.030901591
-239.75,0.216011039,0.030910503
-239.5,0.216135917,0.030900621
-239.25,0.216246286,0.03089436
-239,0.216347913,0.030901572
-238.75,0.216452813,0.030903206
-238.5,0.216570512,0.030902753
-238.25,0.21670088,0.030902501
-238,0.216831978,0.03090225
-237.75,0.216944115,0.030903416
-237.5,0.217018599,0.030904414
-237.25,0.217047387,0.030902882
-237,0.21703909,0.030902876
-236.75,0.217017956,0.030903098
-236.5,0.217015448,0.030901678
-236.25,0.217057558,0.030902178
-236,0.217153363,0.030902713
-235.75,0.2172902,0.030902709
-235.5,0.217438027,0.030904343
-235.25,0.217561299,0.030910923
-235,0.217633213,0.030896113
-234.75,0.21764621,0.030903076
-234.5,0.217614492,0.030910864
-234.25,0.217568083,0.030903291
-234,0.217541522,0.030904131
-233.75,0.217562076,0.030905704
-233.5,0.21764189,0.030901846
-233.25,0.217776265,0.030897888
-233,0.21794765,0.030917689
-232.75,0.218132947,0.030895891
-232.5,0.218311025,0.030903462
-232.25,0.218467836,0.030906061
-232,0.218597896,0.030897644
-231.75,0.218702533,0.030912651
-231.5,0.218786591,0.030905861
-231.25,0.218855709,0.030904492
-231,0.218915575,0.030899254
-230.75,0.218973015,0.030914425
-230.5,0.219037332,0.030903917
-230.25,0.219119838,0.030909641
-230,0.21923062,0.030899041
-229.75,0.219373703,0.030913893
-229.5,0.21954354,0.030898642
-229.25,0.21972582,0.030916812
-229,0.219903482,0.030908158
-228.75,0.220065528,0.030906509
-228.5,0.220213809,0.030916112
-228.25,0.220363198,0.030901882
-228,0.220533777,0.030908081
-227.75,0.220738278,0.03089959
-227.5,0.220971287,0.030909737
-227.25,0.221206621,0.030917485
-227,0.221405425,0.030911488
-226.75,0.221532054,0.030911244
-226.5,0.221570604,0.030911046
-226.25,0.221534371,0.030901782
-226,0.221463829,0.030916123
-225.75,0.221413945,0.030902616
-225.5,0.2214362,0.030917181
-225.25,0.221562307,0.030903077
-225,0.221795214,0.03091176
-224.75,0.222109614,0.030911016
-224.5,0.222460802,0.030918328
-224.25,0.222798484,0.03090354
-224,0.223081336,0.030921368
-223.75,0.22328834,0.030905505
-223.5,0.223423813,0.030911565
-223.25,0.223514503,0.030921516
-223,0.223599347,0.030911944
-222.75,0.223715019,0.030906368
-222.5,0.223882445,0.030922216
-222.25,0.224099653,0.030905402
-222,0.224344068,0.030913087
-221.75,0.224583273,0.030921849
-221.5,0.224789267,0.03090722
-221.25,0.224949492,0.030923286
-221,0.225069655,0.030914402
-220.75,0.225167758,0.030907348
-220.5,0.225263437,0.030914351
-220.25,0.225368881,0.030916787
-220,0.225486072,0.030917074
-219.75,0.225610757,0.030923967
-219.5,0.22573926,0.030908315
-219.25,0.225872751,0.030916343
-219,0.226015834,0.030910394
-218.75,0.226170855,0.030930104
-218.5,0.226332882,0.030908633
-218.25,0.226490399,0.030916644
-218,0.226632936,0.030917684
-217.75,0.226761581,0.030918929
-217.5,0.226895152,0.030915689
-217.25,0.227066171,0.030919181
-217,0.227306405,0.030918347
-216.75,0.227628335,0.030919608
-216.5,0.228012472,0.030927936
-216.25,0.228408466,0.030910618
-216,0.228751252,0.030921777
-215.75,0.228985659,0.030922502
-215.5,0.22908832,0.030921483
-215.25,0.229076872,0.030921675
-215,0.229002631,0.030919303
-214.75,0.228930637,0.03092106
-214.5,0.228916272,0.030914157
-214.25,0.228988079,0.030929297
-214,0.229142423,0.030920469
-213.75,0.22934988,0.030922796
-213.5,0.229568729,0.030921857
-213.25,0.229759514,0.030920605
-213,0.229896018,0.030923207
-212.75,0.229970681,0.030921777
-212.5,0.229994585,0.030923284
-212.25,0.22999312,0.030914796
-212,0.229998536,0.030928849
-211.75,0.230040779,0.030914776
-211.5,0.230138664,0.030931309
-211.25,0.230294066,0.030920261
-211,0.230491562,0.030915747
-210.75,0.230704228,0.030932412
-210.5,0.230903663,0.030924403
-210.25,0.231070122,0.030923804
-210,0.231198354,0.030917941
-209.75,0.231296828,0.030930888
-209.5,0.231381328,0.030923423
-209.25,0.231466686,0.030924337
-209,0.231560899,0.030919019
-208.75,0.231664026,0.030934448
-208.5,0.23177119,0.030918089
-208.25,0.231876857,0.030924632
-208,0.231977456,0.030933444
-207.75,0.23207128,0.030925087
-207.5,0.232156875,0.030926428
-207.25,0.232232223,0.030918148
-207,0.232296142,0.030920155
-206.75,0.2323513,0.030940449
-206.5,0.23240655,0.030918773
-206.25,0.232476274,0.030943938
-206,0.232576028,0.030919327
-205.75,0.232716133,0.030925835
-205.5,0.232896213,0.030919456
-205.25,0.233103431,0.03092719
-205,0.233315379,0.03093035
-204.75,0.233506466,0.03092568
-204.5,0.23365531,0.030935429
-204.25,0.233750517,0.030919441
-204,0.23379326,0.030929463
-203.75,0.23379627,0.030926292
-203.5,0.233779945,0.030928409
-203.25,0.233766851,0.030935264
-203,0.233776137,0.030920586
-202.75,0.233819348,0.030935751
-202.5,0.233898736,0.030928967
-202.25,0.234008393,0.030921321
-202,0.234137442,0.030927898
-201.75,0.234273719,0.030939678
-201.5,0.23440624,0.030921812
-201.25,0.234525661,0.030929553
-201,0.234623349,0.030928693
-200.75,0.234690778,0.030937978
-200.5,0.234720927,0.030921326
-200.25,0.234711928,0.030930193
-200,0.23467126,0.030928747
-199.75,0.234617513,0.030928827
-199.5,0.234577259,0.030930717
-199.25,0.23457692,0.030930145
-199,0.23463253,0.030927753
-198.75,0.234742236,0.030938338
-198.5,0.234885781,0.03092134
-198.25,0.235032159,0.03093014
-198,0.235152497,0.030929662
-197.75,0.235232271,0.030929868
-197.5,0.235276937,0.030929166
-197.25,0.23530817,0.030939672
-197,0.235352546,0.030929536
-196.75,0.235428282,0.030921671
-196.5,0.235536564,0.030930081
-196.25,0.235661544,0.030929999
-196,0.235778699,0.030922587
-195.75,0.235867191,0.03093811
-195.5,0.235920142,0.030931693
-195.25,0.235948067,0.030930526
-195,0.235974157,0.030931549
-194.75,0.236023884,0.030931732
-194.5,0.23611371,0.030940017
-194.25,0.236243712,0.030922716
-194,0.236396966,0.030931631
-193.75,0.23654564,0.030931919
-193.5,0.23666113,0.030931034
-193.25,0.236724287,0.03093375
-193,0.236732025,0.030938631
-192.75,0.236698196,0.030938224
-192.5,0.236648831,0.030932704
-192.25,0.236613775,0.030931529
-192,0.236617747,0.030931392
-191.75,0.236673633,0.030931922
-191.5,0.236779663,0.030932474
-191.25,0.236920707,0.030931687
-191,0.237072867,0.030932323
-190.75,0.237209926,0.030931201
-190.5,0.237310133,0.030925251
-190.25,0.237361726,0.030940686
-190,0.237365729,0.03093291
-189.75,0.237335059,0.03093235
-189.5,0.237290078,0.03092631
-189.25,0.237252154,0.03094131
-189,0.237237786,0.030934032
-188.75,0.237255592,0.030933096
-188.5,0.237306839,0.030924722
-188.25,0.237388127,0.030933737
-188,0.237493688,0.030950357
-187.75,0.23761551,0.030933322
-187.5,0.237741784,0.030932906
-187.25,0.23785629,0.030917839
-187,0.237941588,0.030950956
-186.75,0.237986479,0.030918929
-186.5,0.237994597,0.03094291
-186.25,0.237988526,0.030935663
-186,0.238004793,0.030926105
-185.75,0.238079537,0.03094138
-185.5,0.238230348,0.03092625
-185.25,0.238443397,0.030942652
-185,0.238673739,0.030944415
-184.75,0.238860878,0.030928125
-184.5,0.238953804,0.030935366
-184.25,0.23893425,0.030928757
-184,0.23882679,0.030944505
-183.75,0.238690187,0.030935413
-183.5,0.238593262,0.030935484
-183.25,0.238586134,0.030935078
-183,0.238679993,0.03093446
-182.75,0.238844525,0.030944182
-182.5,0.239023668,0.030927729
-182.25,0.239161759,0.030936109
-182,0.239227578,0.030935598
-181.75,0.23922546,0.030937056
-181.5,0.239189348,0.030935279
-181.25,0.239164022,0.030935575
-181,0.239183447,0.030934104
-180.75,0.239256667,0.030929327
-180.5,0.239367074,0.00360008
-180.25,0.239483812,0.003600097
-180,0.23957831,0.003600067
-179.75,0.239637227,0.00360006
-179.5,0.239665894,0.003600088
-179.25,0.239681855,0.030928661
-179,0.23970325,0.030942488
-178.75,0.239738925,0.030936676
-178.5,0.239785448,0.030929813
-178.25,0.239831884,0.030937516
-178,0.239868704,0.030946795
-177.75,0.23989507,0.030938158
-177.5,0.23991991,0.030936844
-177.25,0.239956021,0.030938598
-177,0.240010596,0.030937788
-176.75,0.240077878,0.030937214
-176.5,0.240138699,0.030935831
-176.25,0.240168028,0.030930757
-176,0.240147249,0.030936884
-175.75,0.240075119,0.030945242
-175.5,0.239971712,0.030937611
-175.25,0.239872944,0.030935956
-175,0.239817818,0.030930314
-174.75,0.23983389,0.03093713
-174.5,0.239927068,0.030937429
-174.25,0.240079539,0.030946403
-174,0.240255811,0.030937073
-173.75,0.240413659,0.03093782
-173.5,0.240515588,0.030939072
-173.25,0.240537484,0.030938669
-173,0.240473179,0.03093784
-172.75,0.240335309,0.030936987
-172.5,0.240153167,0.030930755
-172.25,0.239967692,0.030946038
-172,0.239823434,0.030928872
-171.75,0.239758094,0.030943611
-171.5,0.239792026,0.030936793
-171.25,0.239921508,0.030937266
-171,0.24011922,0.03093735
-170.75,0.240342833,0.030939676
-170.5,0.240548859,0.030931296
-170.25,0.240706218,0.030938965
-170,0.24080394,0.030947343
-169.75,0.240850349,0.030929992
-169.5,0.240865284,0.030946504
-169.25,0.240869986,0.030938463
-169,0.240879554,0.030941049
-168.75,0.240900505,0.030922594
-168.5,0.240932606,0.030946519
-168.25,0.240972112,0.030939635
-168,0.241013744,0.030945193
-167.75,0.241050839,0.030930591
-167.5,0.241075121,0.030947564
-167.25,0.241078141,0.030938413
-167,0.241055007,0.030932637
-166.75,0.24100887,0.030946727
-166.5,0.240953314,0.030931508
-166.25,0.240910457,0.030941442
-166,0.240904871,0.030940905
-165.75,0.240955948,0.030949349
-165.5,0.241072254,0.030935297
-165.25,0.241250203,0.030951719
-165,0.241476637,0.030936015
-164.75,0.241732696,0.030967257
-164.5,0.241996159,0.030934124
-164.25,0.24224157,0.030957598
-164,0.242440361,0.030946102
-163.75,0.242564434,0.030965703
-163.5,0.242594833,0.030942706
-163.25,0.242532813,0.030942181
-163,0.242406861,0.030959738
-162.75,0.242269177,0.030947093
-162.5,0.242180014,0.030931733
-162.25,0.242185731,0.031061477
-162,0.242301623,0.031300608
-161.75,0.242509316,0.031097237
-161.5,0.242770549,0.031066844
-161.25,0.243049099,0.031074099
-161,0.24332706,0.03096963
-160.75,0.243605208,0.031004999
-160.5,0.243887969,0.030937431
-160.25,0.244164734,0.030980072
-160,0.244402847,0.030939882
-159.75,0.244560363,0.03095981
-159.5,0.244612915,0.030973534
-159.25,0.244577792,0.030938896
-159,0.244517841,0.030961765
-158.75,0.244518937,0.030953575
-158.5,0.244650934,0.031023217
-158.25,0.244932754,0.031013234
-158,0.245320756,0.031047662
-157.75,0.245726807,0.030984423
-157.5,0.246056603,0.030997818
-157.25,0.24624922,0.03095814
-157,0.246300428,0.030993246
-156.75,0.24626229,0.030939646
-156.5,0.246223,0.030955235
-156.25,0.246277204,0.030958222
-156,0.246496824,0.030958879
-155.75,0.246908833,0.030978068
-155.5,0.247483759,0.030938063
-155.25,0.248138387,0.030986256
-155,0.248755599,0.030952837
-154.75,0.249220152,0.030991919
-154.5,0.249461159,0.030939187
-154.25,0.249484486,0.030957541
-154,0.249377915,0.030969179
-153.75,0.249281868,0.030948356
-153.5,0.249335408,0.030954438
-153.25,0.249621323,0.030952601
-153,0.250136277,0.03095435
-152.75,0.250799455,0.030968881
-152.5,0.251492806,0.030960668
-152.25,0.252109999,0.030949657
-152,0.252589343,0.030967414
-151.75,0.2529186,0.030948615
-151.5,0.253117894,0.030955943
-151.25,0.253218555,0.030961055
-151,0.253253569,0.030959985
-150.75,0.253262245,0.030960407
-150.5,0.253298132,0.030961865
-150.25,0.253425458,0.030959708
-150,0.25369814,0.030965768
-149.75,0.254130307,0.030949012
-149.5,0.254677067,0.0309611
-149.25,0.25524149,0.030956491
-149,0.255709464,0.030973627
-148.75,0.255997382,0.030964214
-148.5,0.256089202,0.030961823
-148.25,0.256044433,0.030962534
-148,0.255973791,0.030960625
-147.75,0.2559953,0.030955584
-147.5,0.256191535,0.030964836
-147.25,0.256585304,0.03097287
-147,0.257139913,0.030964917
-146.75,0.257778612,0.030978569
-146.5,0.258411883,0.030948626
-146.25,0.258962236,0.030967324
-146,0.259381211,0.030967021
-145.75,0.259657879,0.030969238
-145.5,0.25981976,0.030969913
-145.25,0.25992637,0.030980176
-145,0.260055021,0.030961682
-144.75,0.260280043,0.030979171
-144.5,0.260649988,0.03095499
-144.25,0.261170282,0.030980167
-144,0.261798668,0.030971614
-143.75,0.262456748,0.030974479
-143.5,0.263054649,0.030977222
-143.25,0.263520313,0.0309778
-143,0.263822879,0.03097679
-142.75,0.2639819,0.03096835
-142.5,0.264059563,0.030984955
-142.25,0.264139177,0.030977586
-142,0.264297724,0.030970943
-141.75,0.264581826,0.030994758
-141.5,0.264994951,0.030968588
-141.25,0.265499644,0.030979386
-141,0.2660334,0.030972526
-140.75,0.266532079,0.030992981
-140.5,0.266952211,0.030972641
-140.25,0.267284234,0.030991521
-140,0.267552584,0.030982392
-139.75,0.26780388,0.030966769
-139.5,0.268088984,0.031003492
-139.25,0.268446243,0.03097712
-139,0.268891425,0.030996156
-138.75,0.269416023,0.030986683
-138.5,0.2699921,0.03098659
-138.25,0.270580312,0.030978916
-138,0.271138517,0.03098929
-137.75,0.271629966,0.030990382
-137.5,0.272030979,0.0309917
-137.25,0.272337366,0.030991688
-137,0.272567519,0.030992179
-136.75,0.272759606,0.031001748
-136.5,0.27296177,0.030984009
-136.25,0.273217435,0.030994114
-136,0.273550888,0.030992543
-135.75,0.273959336,0.030994427
-135.5,0.274415456,0.030995642
-135.25,0.274879942,0.030997074
-135,0.275318896,0.030995798
-134.75,0.275718488,0.03099857
-134.5,0.276090515,0.031006773
-134.25,0.276466603,0.030974375
-134,0.27688387,0.031019199
-133.75,0.277368467,0.030989884
-133.5,0.277923954,0.031020041
-133.25,0.278528993,0.030985524
-133,0.27914474,0.031004315
-132.75,0.279728513,0.031015762
-132.5,0.280248298,0.030996839
-132.25,0.280692997,0.031014855
-132,0.281075375,0.031008278
-131.75,0.281427443,0.030990917
-131.5,0.281790349,0.031027984
-131.25,0.282202261,0.031000367
-131,0.28268795,0.031010166
-130.75,0.283253013,0.03100851
-130.5,0.283884121,0.031013492
-130.25,0.284554757,0.031013669
-130,0.285234106,0.031014596
-129.75,0.285895767,0.031016385
-129.5,0.286523304,0.031016077
-129.25,0.287111265,0.031017345
-129,0.287662502,0.031013111
-128.75,0.288184233,0.031030018
-128.5,0.288685411,0.031019458
-128.25,0.289176502,0.031013564
-128,0.289670682,0.031023663
-127.75,0.290184162,0.031024046
-127.5,0.290733793,0.031025964
-127.25,0.291332098,0.031027072
-127,0.291982096,0.031026981
-126.75,0.292675154,0.031037991
-126.5,0.293393782,0.031012065
-126.25,0.294118567,0.031043186
-126,0.294835846,0.031033183
-125.75,0.295542177,0.031033457
-125.5,0.296243398,0.031036888
-125.25,0.29694918,0.031028181
-125,0.297666449,0.031040221
-124.75,0.298395362,0.031062179
-124.5,0.299129666,0.031031232
-124.25,0.299860494,0.031034761
-124,0.300580882,0.031045198
-123.75,0.301288514,0.031046063
-123.5,0.30198594,0.031045455
-123.25,0.302679399,0.031048196
-123,0.303377834,0.031050134
-122.75,0.304092647,0.031053325
-122.5,0.304837153,0.031055193
-122.25,0.305624069,0.031053
-122,0.306460592,0.031055103
-121.75,0.307342828,0.031057289
-121.5,0.308252942,0.03106053
-121.25,0.309161914,0.031072059
-121,0.310038116,0.031044882
-120.75,0.310858578,0.031064747
-120.5,0.31161794,0.031065609
-120.25,0.312330902,0.03106845
-120,0.313027123,0.031068291
-119.75,0.31374102,0.031069666
-119.5,0.314500834,0.031083913
-119.25,0.315320771,0.031062626
-119,0.316197852,0.031077194
-118.75,0.317112948,0.031067956
-118.5,0.3180347,0.031080576
-118.25,0.318925605,0.031082878
-118,0.319750236,0.031081971
-117.75,0.320485227,0.031083832
-117.5,0.321129016,0.031097131
-117.25,0.321707511,0.031076818
-117,0.322271695,0.031077828
-116.75,0.32288555,0.03111193
-116.5,0.323606883,0.031080028
-116.25,0.324467562,0.031091817
-116,0.325460901,0.031094894
-115.75,0.326541653,0.031097176
-115.5,0.3276391,0.031113602
-115.25,0.328678634,0.031091071
-115,0.329604284,0.031092275
-114.75,0.330394903,0.031105282
-114.5,0.33106955,0.03110597
-114.25,0.331681326,0.031108474
-114,0.33230207,0.031109918
-113.75,0.333002228,0.031110306
-113.5,0.333831063,0.031112396
-113.25,0.334802398,0.031116742
-113,0.33589022,0.031115215
-112.75,0.337036212,0.031122447
-112.5,0.338167741,0.031111572
-112.25,0.339220916,0.031125117
-112,0.340160756,0.031139722
-111.75,0.340991084,0.031117082
-111.5,0.341750572,0.031132927
-111.25,0.342497069,0.031130108
-111,0.343287124,0.031132963
-110.75,0.344159027,0.031135447
-110.5,0.345125206,0.031128176
-110.25,0.346174903,0.031151367
-110,0.347283496,0.031144694
-109.75,0.348422996,0.031132702
-109.5,0.349569546,0.031146033
-109.25,0.350706789,0.03113868
-109,0.351826466,0.031177162
-108.75,0.352928137,0.03114417
-108.5,0.354018633,0.031157949
-108.25,0.355110335,0.031160319
-108,0.356217151,0.031150638
-107.75,0.357348542,0.031165927
-107.5,0.358504033,0.031167016
-107.25,0.359671495,0.031170834
-107,0.360831187,0.031174561
-106.75,0.361964482,0.031177547
-106.5,0.363063268,0.031178961
-106.25,0.364135125,0.031170249
-106,0.365201293,0.031195149
-105.75,0.366288111,0.031189333
-105.5,0.367416049,0.031176035
-105.25,0.368591613,0.031178472
-105,0.369805784,0.031221868
-104.75,0.37103928,0.031186793
-104.5,0.37227162,0.031199822
-104.25,0.373489555,0.031201262
-104,0.374691284,0.031208804
-103.75,0.375885307,0.031208938
-103.5,0.377085402,0.031199453
-103.25,0.378304627,0.031215756
-103,0.379551093,0.031217737
-102.75,0.380826836,0.03122275
-102.5,0.382129352,0.031223749
-102.25,0.383454271,0.031228552
-102,0.384797468,0.031234229
-101.75,0.386155798,0.031236525
-101.5,0.387526703,0.031240713
-101.25,0.388907696,0.031227175
-101,0.390296664,0.03124509
-100.75,0.391693181,0.031250404
-100.5,0.393100062,0.031253393
-100.25,0.394523951,0.031256589
-100,0.395973997,0.031259067
-99.75,0.397458701,0.03126408
-99.5,0.398982041,0.031255768
-99.25,0.400540567,0.031270168
-99,0.4021229,0.03127722
-98.75,0.403712064,0.031279583
-98.5,0.405289926,0.031271258
-98.25,0.406842119,0.031300945
-98,0.408361641,0.031278617
-97.75,0.409849902,0.031295609
-97.5,0.411315146,0.031300622
-97.25,0.412769317,0.031304827
-97,0.414225213,0.031305405
-96.75,0.415695404,0.031298687
-96.5,0.417193212,0.031328771
-96.25,0.418734322,0.031320759
-96,0.420336654,0.03131034
-95.75,0.422016656,0.03133004
-95.5,0.423782386,0.031320592
-95.25,0.425626466,0.031338506
-95,0.427523461,0.031329174
-94.75,0.429435017,0.031379457
-94.5,0.431322364,0.031341552
-94.25,0.433161326,0.031360974
-94,0.434952617,0.031353958
-93.75,0.436721661,0.031367188
-93.5,0.438507208,0.031374958
-93.25,0.440343973,0.031366556
-93,0.442248002,0.031384285
-92.75,0.444212242,0.031376973
-92.5,0.446214407,0.031412605
-92.25,0.448232631,0.031402248
-92,0.450260314,0.031395058
-91.75,0.452312176,0.0314006
-91.5,0.454418497,0.031433816
-91.25,0.456610779,0.031412224
-91,0.458906348,0.031449795
-90.75,0.461299476,0.031431374
-90.5,0.463762824,0.031448657
-90.25,0.466257641,0.031455307
-90,0.468747185,0.031462784
-89.75,0.471207008,0.03146015
-89.5,0.473628116,0.031496337
-89.25,0.476013074,0.031468742
-89,0.478368484,0.031491881
-88.75,0.480698487,0.031496865
-88.5,0.48300265,0.031492975
-88.25,0.485278748,0.031529354
-88,0.487528254,0.031506583
-87.75,0.48976109,0.031526947
-87.5,0.491996797,0.031516592
-87.25,0.494261233,0.031557066
-87,0.496579996,0.031534106
-86.75,0.498971069,0.031556138
-86.5,0.501439289,0.031565243
-86.25,0.503974415,0.031556802
-86,0.506553401,0.031580178
-85.75,0.50914633,0.031588982
-85.5,0.511724544,0.031599218
-85.25,0.514268766,0.03158896
-85,0.51677473,0.031614805
-84.75,0.51925424,0.031621625
-84.5,0.521730974,0.031615799
-84.25,0.524232343,0.031641186
-84,0.526780583,0.031646629
-83.75,0.529386833,0.03163749
-83.5,0.532050702,0.031667568
-83.25,0.534765152,0.031675191
-83,0.537523692,0.0316843
-82.75,0.540325519,0.031674277
-82.5,0.543175274,0.031722762
-82.25,0.546077061,0.031696509
-82,0.549025907,0.03172494
-81.75,0.552001825,0.031716101
-81.5,0.554970997,0.031741334
-81.25,0.557895311,0.031757132
-81,0.560747212,0.03174752
-80.75,0.56352361,0.031776025
-80.5,0.566252126,0.03178595
-80.25,0.568985651,0.031795659
-80,0.571785995,0.03178606
-79.75,0.574702254,0.031816569
-79.5,0.577752366,0.031828196
-79.25,0.580915849,0.031821181
-79,0.584141823,0.031850017
-78.75,0.587370469,0.031861959
-78.5,0.590560266,0.031856188
-78.25,0.593710042,0.031887705
-78,0.59686585,0.031897984
-77.75,0.600108042,0.031890784
-77.5,0.603521934,0.031923875
-77.25,0.607162919,0.031918246
-77,0.611030322,0.031968628
-76.75,0.615061751,0.031934008
-76.5,0.619151693,0.032009778
-76.25,0.623187931,0.031979118
-76,0.627091496,0.032015371
-75.75,0.630843951,0.032009708
-75.5,0.634490897,0.032027295
-75.25,0.638120452,0.032056392
-75,0.641825795,0.032055266
-74.75,0.645667205,0.032090005
-74.5,0.649648873,0.032130767
-74.25,0.65371929,0.032103097
-74,0.65779435,0.032139483
-73.75,0.661793264,0.032157398
-73.5,0.665672661,0.03213187
-73.25,0.669445413,0.032188723
-73,0.673177077,0.03220143
-72.75,0.676961781,0.032200995
-72.5,0.680887395,0.032214836
-72.25,0.685003806,0.032252075
-72,0.689306631,0.032273868
-71.75,0.693742249,0.032293174
-71.5,0.698231274,0.032294453
-71.25,0.70270009,0.032308721
-71,0.707107019,0.032350191
-70.75,0.711452612,0.032370663
-70.5,0.715771161,0.032368592
-70.25,0.720109428,0.032431402
-70,0.724504452,0.032402317
-69.75,0.72897201,0.032421808
-69.5,0.733510887,0.032471659
-69.25,0.738118781,0.032447342
-69,0.742808632,0.032511712
-68.75,0.747613528,0.032512139
-68.5,0.752574951,0.03255934
-68.25,0.757719401,0.032579198
-68,0.763036447,0.032573312
-67.75,0.768471999,0.032634213
-67.5,0.77394316,0.03264284
-67.25,0.77936933,0.032663066
-67,0.784704947,0.032709846
-66.75,0.789957787,0.032708336
-66.5,0.795184039,0.032761803
-66.25,0.800463215,0.032761467
-66,0.805865748,0.032813139
-65.75,0.811428582,0.032816744
-65.5,0.817148431,0.032869635
-65.25,0.822992489,0.032878014
-65,0.828918003,0.032907215
-64.75,0.834889618,0.032959851
-64.5,0.840887087,0.03296694
-64.25,0.846902847,0.03301643
-64,0.85293456,0.033054651
-63.75,0.858979292,0.033037152
-63.5,0.865033366,0.033090475
-63.25,0.871097544,0.033149035
-63,0.877183758,0.033150311
-62.75,0.8833189,0.033212591
-62.5,0.889542866,0.033227573
-62.25,0.89590086,0.033253732
-62,0.902432273,0.03331879
-61.75,0.909159512,0.033329369
-61.5,0.916080058,0.033394356
-61.25,0.923164123,0.033373408
-61,0.930359177,0.033479393
-60.75,0.937601143,0.033487198
-60.5,0.944830406,0.033526634
-60.25,0.952008944,0.033594562
-60,0.959133495,0.033606573
-59.75,0.966239551,0.033680553
-59.5,0.973392862,0.033692431
-59.25,0.980669117,0.033736937
-59,0.988127438,0.033806527
-58.75,0.995787256,0.033785587
-58.5,1.003618711,0.033870391
-58.25,1.011552708,0.033944445
-58,1.019508965,0.033966922
-57.75,1.027431927,0.034046286
-57.5,1.035319449,0.0340253
-57.25,1.043230713,0.034141407
-57,1.051268147,0.034173905
-56.75,1.059539647,0.034206368
-56.5,1.06811672,0.034253247
-56.25,1.077006494,0.034287395
-56,1.086149322,0.034415531
-55.75,1.095442036,0.034438614
-55.5,1.104775531,0.034498099
-55.25,1.114069929,0.03455336
-55,1.123293562,0.034616287
-54.75,1.132461244,0.034710013
-54.5,1.141617522,0.034701856
-54.25,1.150816339,0.034795662
-54,1.160107343,0.034858974
-53.75,1.169532528,0.034924735
-53.5,1.179129476,0.034959616
-53.25,1.188933881,0.035122909
-53,1.198975876,0.035123612
-52.75,1.209270375,0.035154457
-52.5,1.219807008,0.035267787
-52.25,1.230546735,0.035339973
-52,1.241428983,0.035422512
-51.75,1.252387458,0.035501165
-51.5,1.263368238,0.035539135
-51.25,1.274343139,0.035684118
-51,1.285314518,0.035700612
-50.75,1.296312238,0.035845435
-50.5,1.307386362,0.035850566
-50.25,1.318598867,0.035980213
-50,1.330015257,0.03606714
-49.75,1.341694853,0.036147037
-49.5,1.353678875,0.036234084
-49.25,1.365978064,0.036290415
-49,1.378564599,0.036417576
-48.75,1.391373787,0.036491018
-48.5,1.40431825,0.036625449
-48.25,1.417312119,0.036683401
-48,1.430297816,0.03686858
-47.75,1.443265904,0.036924627
-47.5,1.456260436,0.036984816
-47.25,1.469367234,0.037092248
-47,1.482688459,0.037208924
-46.75,1.496311434,0.03735129
-46.5,1.510281579,0.037458083
-46.25,1.524588248,0.037531021
-46,1.539168581,0.037704921
-45.75,1.55392918,0.037781117
-45.5,1.56877954,0.03794137
-45.25,1.583666556,0.038024895
-45,1.598597669,0.038198411
-44.75,1.613642861,0.038321703
-44.5,1.62891252,0.038406543
-44.25,1.644517436,0.038544416
-44,1.660525152,0.038716827
-43.75,1.676930109,0.038777043
-43.5,1.693651021,0.039015215
-43.25,1.710558723,0.039158892
-43,1.727524907,0.039264364
-42.75,1.744472505,0.039415035
-42.5,1.761406596,0.039571934
-42.25,1.778412307,0.039718985
-42,1.79562037,0.039870977
-41.75,1.813155396,0.040077122
-41.5,1.831089641,0.040194518
-41.25,1.849422147,0.040357712
-41,1.868090766,0.040541605
-40.75,1.88700898,0.040726338
-40.5,1.906108394,0.040850498
-40.25,1.925366712,0.041160067
-40,1.94481005,0.041201215
-39.75,1.964492201,0.041486975
-39.5,1.984464472,0.041496307
-39.25,2.00475239,0.041927586
-39,2.025349472,0.042030673
-38.75,2.046227705,0.04218781
-38.5,2.067355816,0.042431937
-38.25,2.088714253,0.042658196
-38,2.110300221,0.042855967
-37.75,2.132123379,0.043022261
-37.5,2.154198049,0.043341738
-37.25,2.176538089,0.043478642
-37,2.199156782,0.04375462
-36.75,2.222069357,0.043983605
-36.5,2.245293706,0.044171134
-36.25,2.268846636,0.044456126
-36,2.292737036,0.044750111
-35.75,2.316960504,0.044855693
-35.5,2.341500025,0.045163676
-35.25,2.366333938,0.045424065
-35,2.391448037,0.04573616
-34.75,2.416845734,0.046000289
-34.5,2.442550684,0.046215541
-34.25,2.468599698,0.046445247
-34,2.495028384,0.046841359
-33.75,2.521855457,0.047077855
-33.5,2.549072569,0.047410109
-33.25,2.576644586,0.04766107
-33,2.604521241,0.047957441
-32.75,2.632656605,0.048224219
-32.5,2.661029339,0.048648555
-32.25,2.689655692,0.048895522
-32,2.718589388,0.04922409
-31.75,2.747907306,0.049429781
-31.5,2.777685616,0.049998761
-31.25,2.807975168,0.050213654
-31,2.838785567,0.050515481
-30.75,2.870083855,0.050978681
-30.5,2.901807775,0.051276345
-30.25,2.933887871,0.051595381
-30,2.966269814,0.051968592
-29.75,2.998929313,0.052447433
-29.5,3.031875766,0.052705571
-29.25,3.065145161,0.053150989
-29,3.098785951,0.053497503
-28.75,3.132842775,0.053954297
-28.5,3.167342734,0.054230142
-28.25,3.202287999,0.054764644
-28,3.237657217,0.055098756
-27.75,3.273415927,0.055602269
-27.5,3.309532981,0.055973274
-27.25,3.345996663,0.05635048
-27,3.382822834,0.056894907
-26.75,3.420049844,0.05729495
-26.5,3.457720979,0.057800329
-26.25,3.4958622,0.058192229
-26,3.534466804,0.058654447
-25.75,3.573496255,0.059147053
-25.5,3.612898349,0.059560925
-25.25,3.652634069,0.060109746
-25,3.692698848,0.060591162
-24.75,3.733126186,0.061107412
-24.5,3.773970965,0.061567576
-24.25,3.815281211,0.062103668
-24,3.857073733,0.062548814
-23.75,3.89932696,0.063153975
-23.5,3.941994538,0.063609537
-23.25,3.9850315,0.064212161
-23,4.028417964,0.064695438
-22.75,4.072167327,0.065363377
-22.5,4.116315235,0.065724832
-22.25,4.160896593,0.066325484
-22,4.205924016,0.066999711
-21.75,4.251379133,0.067568943
-21.5,4.297219819,0.068060013
-21.25,4.343397124,0.068677307
-21,4.389871081,0.069260066
-20.75,4.436616997,0.069893878
-20.5,4.483621194,0.070447388
-20.25,4.530872392,0.070998407
-20,4.578357296,0.071735375
-19.75,4.626065116,0.072258485
-19.5,4.673998306,0.072905801
-19.25,4.722180858,0.073527799
-19,4.770655162,0.074134585
-18.75,4.8194646,0.074782329
-18.5,4.868628259,0.075401138
-18.25,4.918121017,0.075984818
-18,4.96787208,0.076769072
-17.75,5.017787051,0.077290802
-17.5,5.067786449,0.077942763
-17.25,5.117843637,0.078733038
-17,5.168003138,0.079252978
-16.75,5.218368094,0.080035336
-16.5,5.269059788,0.080656766
-16.25,5.320165803,0.081247773
-16,5.371699433,0.081971941
-15.75,5.423588265,0.0826186
-15.5,5.475696535,0.083376584
-15.25,5.527870639,0.084068246
-15,5.579987462,0.084690095
-14.75,5.631985435,0.085491721
-14.5,5.683867683,0.085978854
-14.25,5.735680067,0.086817371
-14,5.787477604,0.08750944
-13.75,5.839295949,0.088192572
-13.5,5.891139705,0.088823987
-13.25,5.942989614,0.089575933
-13,5.994821361,0.090185028
-12.75,6.046624087,0.090979333
-12.5,6.098408395,0.091590802
-12.25,6.150200082,0.092412695
-12,6.20202348,0.092980477
-11.75,6.253883347,0.093730233
-11.5,6.305754328,0.094368024
-11.25,6.357582469,0.095141134
-11,6.409296604,0.095838547
-10.75,6.460822239,0.096528397
-10.5,6.512089817,0.097081596
-10.25,6.563033243,0.097964836
-10,6.613581074,0.098579804
-9.75,6.663647933,0.099207991
-9.5,6.713134166,0.099855009
-9.25,6.761936949,0.100650575
-9,6.809968642,0.101255409
-8.75,6.857172612,0.101890745
-8.5,6.903526812,0.102525646
-8.25,6.949031537,0.103108821
-8,6.993686825,0.103794895
-7.75,7.037471447,0.104411862
-7.5,7.080335396,0.10490107
-7.25,7.122210568,0.105487886
-7,7.163034005,0.106114773
-6.75,7.202770568,0.106648908
-6.5,7.241421785,0.107167926
-6.25,7.279015302,0.107691361
-6,7.315580418,0.1081829
-5.75,7.351123206,0.108724845
-5.5,7.385614936,0.109138415
-5.25,7.41899982,0.109675188
-5,7.451217037,0.110042571
-4.75,7.482224218,0.110530349
-4.5,7.512009533,0.110941126
-4.25,7.540586846,0.111314547
-4,7.567978542,0.111680723
-3.75,7.594197047,0.112134843
-3.5,7.619235334,0.112410137
-3.25,7.64306974,0.112799377
-3,7.665670159,0.113038794
-2.75,7.687008718,0.113400185
-2.5,7.707060741,0.113669199
-2.25,7.725798964,0.113917169
-2,7.743188317,0.114171321
-1.75,7.75918943,0.114448443
-1.5,7.773773312,0.114591691
-1.25,7.786941028,0.114838313
-1,7.798736428,0.115003837
-0.75,7.809241312,0.115072714
-0.5,7.818550826,0.115340745
-0.25,7.826737717,0.115367989
0,7.833821118,0.115466871
0.25,7.83975459,0.115570572
0.5,7.844439664,0.115639895
0.75,7.847759613,0.115814123
1,7.849619716,0.115683674
1.25,7.849978617,0.115700156
1.5,7.848860476,0.115830604
1.75,7.846346066,0.115781825
2,7.842548341,0.115670133
2.25,7.837581779,0.115672013
2.5,7.831534587,0.11552927
2.75,7.824450487,0.115499434
3,7.816323631,0.115369163
3.25,7.807107126,0.115246148
3.5,7.796732456,0.115120001
3.75,7.785134096,0.11503189
4,7.772271846,0.114777549
4.25,7.758144366,0.114583122
4.5,7.74279139,0.114450718
4.75,7.726287427,0.11413965
5,7.708733317,0.113964583
5.25,7.690251152,0.11372573
5.5,7.670982889,0.113488029
5.75,7.651086734,0.113204193
6,7.63072299,0.112921941
6.25,7.610025634,0.112700062
6.5,7.589066275,0.112339161
6.75,7.567827899,0.111977682
7,7.546209442,0.111892204
7.25,7.524073982,0.111458533
7.5,7.501333904,0.111086106
7.75,7.47804341,0.110979865
8,7.454453729,0.110538582
8.25,7.430990505,0.110284654
8.5,7.40814059,0.109905447
8.75,7.386281205,0.109608716
9,7.365530682,0.109388735
9.25,7.345722779,0.109040713
9.5,7.32658457,0.108848058
9.75,7.308125393,0.108485288
10,7.291140424,0.108513325
10.25,7.277640053,0.108152931
10.5,7.270987281,0.108299672
10.75,7.275594556,0.108354085
11,7.296191584,0.10895062
11.25,7.336869026,0.109584842
11.5,7.400239871,0.111064175
11.75,7.487060395,0.113018388
12,7.59649088,0.115527803
12.25,7.726906657,0.118169444
12.5,7.876909881,0.121376567
12.75,8.046069251,0.124890328
13,8.235001087,0.128898147
13.25,8.444676321,0.13386967
13.5,8.675178354,0.139324011
13.75,8.924393663,0.144970034
14,9.187174442,0.150905478
14.25,9.455346395,0.155639241
14.5,9.718621462,0.157675027
14.75,9.966150489,0.158523271
15,10.18824463,0.1601183
15.25,10.37777436,0.161609173
15.5,10.53090655,0.161864138
15.75,10.64708411,0.160903293
16,10.72838818,0.159806181
16.25,10.77857104,0.158820042
16.5,10.80207481,0.158707255
16.75,10.80327462,0.159017773
17,10.78605195,0.158356971
17.25,10.75367322,0.157164359
17.5,10.7088633,0.155950691
17.75,10.65394206,0.155065634
18,10.5909255,0.154469637
18.25,10.52155348,0.153879469
18.5,10.44726302,0.152809384
18.75,10.36915574,0.151206815
19,10.28800481,0.149714925
19.25,10.2043195,0.148770015
19.5,10.11845138,0.14811724
19.75,10.03070418,0.146928658
20,9.94140708,0.145459345
20.25,9.850929894,0.143941746
20.5,9.75964573,0.142466644
20.75,9.667870337,0.141498648
21,9.575814976,0.140663955
21.25,9.483579532,0.139329182
21.5,9.391190508,0.137681897
21.75,9.298666152,0.136140344
22,9.206078867,0.134864275
22.25,9.113587556,0.133986353
22.5,9.021426737,0.132875302
22.75,8.929857647,0.131582008
23,8.839101257,0.129949926
23.25,8.749279381,0.128576309
23.5,8.6603865,0.127341425
23.75,8.572303294,0.126441351
24,8.484847086,0.125437504
24.25,8.397840039,0.124174207
24.5,8.311169023,0.122678633
24.75,8.224815104,0.121358509
25,8.138844462,0.120145578
25.25,8.053369662,0.119255989
25.5,7.968502003,0.118336453
25.75,7.884316549,0.117096867
26,7.800841971,0.115566995
26.25,7.71807384,0.114421154
26.5,7.636000041,0.113314239
26.75,7.554624533,0.112413658
27,7.473979806,0.111441842
27.25,7.394125047,0.11030758
27.5,7.315132535,0.109011521
27.75,7.23706791,0.107693995
28,7.159971212,0.106847088
28.25,7.083845336,0.105926852
28.5,7.008656573,0.105151349
28.75,6.934347888,0.103878837
29,6.860860639,0.102754988
29.25,6.788156801,0.101743314
29.5,6.716233471,0.100661388
29.75,6.645124442,0.09993721
30,6.574888199,0.099186691
30.25,6.505585698,0.09808148
30.5,6.437253955,0.097071766
30.75,6.369883229,0.096027544
31,6.303406355,0.095023766
31.25,6.237707204,0.094341363
31.5,6.172649594,0.093623168
31.75,6.108118773,0.092719863
32,6.044059179,0.091892557
32.25,5.980490562,0.090780707
32.5,5.917493068,0.089874881
32.75,5.855167368,0.089167504
33,5.79358958,0.088392548
33.25,5.7327837,0.087683701
33.5,5.672723973,0.0869041
33.75,5.613362353,0.085999776
34,5.554662769,0.084979328
34.25,5.496622518,0.084326133
34.5,5.439271445,0.083705032
34.75,5.382653782,0.083028277
35,5.326806196,0.082185481
35.25,5.271744361,0.081460583
35.5,5.217462368,0.080604604
35.75,5.163941262,0.079895301
36,5.111159976,0.079231161
36.25,5.059103665,0.078766738
36.5,5.007767346,0.078056993
36.75,4.957153901,0.077279329
37,4.907265592,0.076545489
37.25,4.858089889,0.075900006
37.5,4.809584888,0.075193422
37.75,4.761673788,0.07467606
38,4.714257047,0.074352588
38.25,4.667242475,0.073427385
38.5,4.620581621,0.072915351
38.75,4.574293423,0.072112768
39,4.528460018,0.071700092
39.25,4.483194079,0.071024325
39.5,4.438593431,0.070661949
39.75,4.394706124,0.070067515
40,4.351522492,0.069379548
40.25,4.308994292,0.068834859
40.5,4.267066012,0.068238209
40.75,4.225699334,0.06764354
41,4.18487989,0.067364639
41.25,4.144608631,0.066777975
41.5,4.104888508,0.066318377
41.75,4.065715945,0.065774708
42,4.027078954,0.065353522
42.25,3.988957536,0.064476049
42.5,3.951322451,0.06449053
42.75,3.914134107,0.063764083
43,3.877347529,0.063459524
43.25,3.840926862,0.063005853
43.5,3.804864372,0.062460184
43.75,3.769191767,0.062070896
44,3.733972861,0.061500854
44.25,3.699277326,0.061106408
44.5,3.66514832,0.060890441
44.75,3.631582423,0.060288332
45,3.598533393,0.059979231
45.25,3.565936136,0.059523031
45.5,3.533734672,0.059053376
45.75,3.501896914,0.058707446
46,3.470410193,0.058317742
46.25,3.439266138,0.057959007
46.5,3.408450443,0.057794614
46.75,3.377947287,0.057298815
47,3.347754608,0.056804558
47.25,3.317896035,0.056403581
47.5,3.288416647,0.056035827
47.75,3.259361887,0.055924934
48,3.230752507,0.055445331
48.25,3.202572521,0.055196249
48.5,3.174778282,0.054830739
48.75,3.14732158,0.054578338
49,3.120169902,0.054061397
49.25,3.093310329,0.053737274
49.5,3.066737362,0.053525435
49.75,3.040438386,0.053350542
50,3.014392456,0.052933974
50.25,2.988586633,0.052663915
50.5,2.96303794,0.05224916
50.75,2.937801217,0.052074788
51,2.912950919,0.051640006
51.25,2.888543523,0.051412124
51.5,2.864583016,0.051270498
51.75,2.841012578,0.051080489
52,2.81773944,0.050586627
52.25,2.794678048,0.050450838
52.5,2.771784724,0.05006094
52.75,2.749063886,0.049801292
53,2.726546484,0.049638241
53.25,2.704260549,0.049399621
53.5,2.68221726,0.049178353
53.75,2.660421335,0.048956935
54,2.638893142,0.04871624
54.25,2.617678552,0.048240214
54.5,2.596830817,0.048167463
54.75,2.576371253,0.047936338
55,2.556255515,0.047770992
55.25,2.536373753,0.047565362
55.5,2.516592885,0.047380228
55.75,2.496820511,0.047055947
56,2.477052709,0.046839321
56.25,2.457375233,0.046601633
56.5,2.437915834,0.046485975
56.75,2.418776131,0.046245489
57,2.399984156,0.046170219
57.25,2.3814948,0.045817458
57.5,2.363234136,0.045691863
57.75,2.345156076,0.045426587
58,2.327273762,0.045293239
58.25,2.309646869,0.045040299
58.5,2.292335983,0.044960119
58.75,2.275356138,0.044743182
59,2.258660128,0.044643355
59.25,2.242160824,0.044376007
59.5,2.225775858,0.044197603
59.75,2.209465309,0.04397097
60,2.193240652,0.043906012
60.25,2.177144321,0.043744153
60.5,2.161218177,0.043630031
60.75,2.145483168,0.04342642
61,2.129940406,0.043282743
61.25,2.114586061,0.043029587
61.5,2.099422692,0.042918082
61.75,2.084454797,0.042769485
62,2.06967179,0.042653529
62.25,2.055034754,0.042524772
62.5,2.040483415,0.042440664
62.75,2.025965815,0.04226259
63,2.011474996,0.042067655
63.25,1.99706798,0.041867939
63.5,1.982850205,0.041774761
63.75,1.968928976,0.041588497
64,1.955359555,0.041649717
64.25,1.942113677,0.04143735
64.5,1.929088356,0.041317591
64.75,1.916150079,0.041094335
65,1.903190325,0.041026762
65.25,1.89016421,0.040846859
65.5,1.877096546,0.040820122
65.75,1.864059471,0.040654461
66,1.85114003,0.040624822
66.25,1.838416345,0.040462831
66.5,1.825949233,0.040263474
66.75,1.813782241,0.040246984
67,1.80193776,0.039985251
67.25,1.790403714,0.039975888
67.5,1.779118461,0.039863643
67.75,1.767969985,0.039858922
68,1.756821204,0.03970949
68.25,1.745557542,0.039578059
68.5,1.734135817,0.039479707
68.75,1.722607438,0.03932448
69,1.711099676,0.039269775
69.25,1.699761258,0.039151704
69.5,1.688699234,0.039150406
69.75,1.677939832,0.038972682
70,1.667432521,0.038889868
70.25,1.657091683,0.03880349
70.5,1.646849212,0.038744526
70.75,1.63668682,0.038531762
71,1.626631292,0.038524562
71.25,1.616719791,0.03843133
71.5,1.606960633,0.03840089
71.75,1.597316333,0.038279647
72,1.58772012,0.038205714
72.25,1.578114948,0.038113081
72.5,1.568489592,0.037997565
72.75,1.558888548,0.037914792
73,1.549389355,0.037914853
73.25,1.540061372,0.037797554
73.5,1.530931091,0.037755294
73.75,1.521974046,0.037653834
74,1.51313614,0.037577585
74.25,1.50436901,0.037471805
74.5,1.495656486,0.037436985
74.75,1.487016572,0.037320947
75,1.478480285,0.037297337
75.25,1.470063757,0.037261059
75.5,1.461753488,0.037163505
75.75,1.453514481,0.037135967
76,1.445314556,0.036959739
76.25,1.43714652,0.036971368
76.5,1.429031292,0.03690685
76.75,1.420998574,0.036787008
77,1.413058237,0.036770796
77.25,1.405183742,0.036792208
77.5,1.397322513,0.036618116
77.75,1.38943059,0.036565441
78,1.381511417,0.036491067
78.25,1.373632834,0.036512134
78.5,1.365907205,0.03633491
78.75,1.358441148,0.036390485
79,1.351280818,0.036256258
79.25,1.344383668,0.036288972
79.5,1.337634323,0.03620067
79.75,1.330897834,0.036189315
80,1.324082277,0.03602935
80.25,1.317177163,0.036009966
80.5,1.31024782,0.035993175
80.75,1.303390871,0.035898856
81,1.296677491,0.035928638
81.25,1.290116765,0.035884668
81.5,1.283658119,0.035764273
81.75,1.27722793,0.035761824
82,1.270775507,0.035668836
82.25,1.264299586,0.03563068
82.5,1.257840194,0.035576529
82.75,1.251443373,0.035525224
83,1.245123491,0.03554954
83.25,1.238849118,0.035447869
83.5,1.232563039,0.035481394
83.75,1.226224716,0.035356752
84,1.219848269,0.03534541
84.25,1.213510498,0.035261621
84.5,1.207320798,0.035221241
84.75,1.201367845,0.035212697
85,1.195672638,0.035175397
85.25,1.190175088,0.035141897
85.5,1.184762915,0.035130024
85.75,1.179327786,0.034999331
86,1.173818057,0.034991442
86.25,1.168259207,0.034955617
86.5,1.162731154,0.034949946
86.75,1.157315932,0.034912765
87,1.152045893,0.034873049
87.25,1.146882231,0.034844799
87.5,1.14173629,0.034769255
87.75,1.136521542,0.034778594
88,1.131206238,0.034710579
88.25,1.125835803,0.034643393
88.5,1.120510817,0.034699923
88.75,1.115331519,0.034590612
89,1.110339128,0.03459971
89.25,1.105486754,0.034574456
89.5,1.100656907,0.034541203
89.75,1.095717292,0.034475148
90,1.090585938,0.034446713
90.25,1.085272067,0.034408598
90.5,1.079872602,0.034343287
90.75,1.074528053,0.034405306
91,1.069362094,0.034337449
91.25,1.064435691,0.034304388
91.5,1.059736297,0.034311635
91.75,1.055202377,0.034190675
92,1.050765109,0.034193064
92.25,1.046382531,0.034159598
92.5,1.04204918,0.034166071
92.75,1.037780639,0.034143026
93,1.033587164,0.034080318
93.25,1.029455315,0.034090712
93.5,1.025349341,0.03403359
93.75,1.021230275,0.034040921
94,1.01707915,0.034018922
94.25,1.012908517,0.033926947
94.5,1.008754477,0.033935341
94.75,1.004654361,0.033905206
95,1.000624712,0.033913757
95.25,0.996654279,0.033891157
95.5,0.992717115,0.033838247
95.75,0.988797624,0.033847024
96,0.984910695,0.033790513
96.25,0.981101781,0.03376997
96.5,0.97742348,0.033746279
96.75,0.973900169,0.033753851
97,0.970501651,0.033738461
97.25,0.967144183,0.033682335
97.5,0.963723231,0.033698515
97.75,0.960164023,0.033645208
98,0.956463778,0.033631384
98.25,0.952700994,0.033602613
98.5,0.949002793,0.033582307
98.75,0.945483414,0.033589594
99,0.942183725,0.033597031
99.25,0.939043419,0.033521259
99.5,0.935922358,0.03347958
99.75,0.93266274,0.033523804
100,0.929162309,0.033474054
100.25,0.925422442,0.033449058
100.5,0.92154748,0.03345601
100.75,0.917696588,0.03340631
101,0.914013508,0.033382314
101.25,0.91056973,0.033391271
101.5,0.907347769,0.033350842
101.75,0.904268629,0.033363744
102,0.90124401,0.033315165
102.25,0.898222425,0.033303121
102.5,0.895204816,0.033278202
102.75,0.892225043,0.033264118
103,0.889311718,0.033276561
103.25,0.886457961,0.03325749
103.5,0.88361934,0.033225473
103.75,0.880741674,0.033207778
104,0.877800992,0.033214143
104.25,0.874829404,0.033147765
104.5,0.87190807,0.033153198
104.75,0.869127664,0.03316855
105,0.866536533,0.033101189
105.25,0.864105583,0.03316782
105.5,0.861731356,0.033102335
105.75,0.859278688,0.033115801
106,0.856642735,0.033081913
106.25,0.853798914,0.033064979
106.5,0.850814923,0.033013697
106.75,0.847818433,0.033057173
107,0.844936996,0.03301617
107.25,0.84224087,0.033022935
107.5,0.839717309,0.032988765
107.75,0.837287746,0.032977032
108,0.834856688,0.033020382
108.25,0.832364982,0.032900654
108.5,0.829819008,0.032962459
108.75,0.827281367,0.032923558
109,0.824829833,0.032911707
109.25,0.822508343,0.032898139
109.5,0.820297429,0.032914955
109.75,0.818120412,0.032879706
110,0.815881964,0.032897199
110.25,0.813518142,0.032854478
110.5,0.811030929,0.032846839
110.75,0.808488738,0.032831075
111,0.805992505,0.032818971
111.25,0.803625255,0.032827461
111.5,0.80141161,0.032793405
111.75,0.799308278,0.032809662
112,0.797229893,0.032775479
112.25,0.795095764,0.03276369
112.5,0.792871904,0.032753171
112.75,0.790585399,0.032743099
113,0.788303201,0.032730718
113.25,0.786087054,0.032721132
113.5,0.783949757,0.03273303
113.75,0.781838076,0.032695826
114,0.779653749,0.032692106
114.25,0.777303501,0.032729341
114.5,0.774752624,0.032621788
114.75,0.772053402,0.032683436
115,0.76933167,0.032642223
115.25,0.766735961,0.032626126
115.5,0.764373147,0.032639529
115.75,0.762261921,0.032583601
116,0.760327028,0.0326451
116.25,0.758437049,0.032563311
116.5,0.756467123,0.032602386
116.75,0.754356087,0.032547977
117,0.752130921,0.032581453
117.25,0.749888145,0.032547261
117.5,0.747743097,0.032536477
117.75,0.745773241,0.032550933
118,0.743983314,0.032516983
118.25,0.742307984,0.032514541
118.5,0.740648281,0.032528656
118.75,0.73892145,0.032473446
119,0.737098341,0.032493964
119.25,0.735210462,0.032455119
119.5,0.733325592,0.032490443
119.75,0.731507461,0.032459215
120,0.729782529,0.032500689
120.25,0.728131644,0.032471484
120.5,0.726509553,0.032416573
120.75,0.72487918,0.032458196
121,0.723239291,0.032425602
121.25,0.721628175,0.032394224
121.5,0.720100058,0.032432976
121.75,0.718687265,0.032404017
122,0.717370363,0.032397502
122.25,0.71607539,0.032392318
122.5,0.714702988,0.032432282
122.75,0.713176443,0.032337741
123,0.711483855,0.032417266
123.25,0.709690772,0.032342679
123.5,0.707913607,0.032358502
123.75,0.706264326,0.032348901
124,0.704792858,0.032341176
124.25,0.703456758,0.032358302
124.5,0.702135548,0.032329164
124.75,0.700685266,0.032327949
125,0.699007959,0.032315847
125.25,0.697102047,0.032314291
125.5,0.695067716,0.032301099
125.75,0.693063343,0.032290116
126,0.691233459,0.032307287
126.25,0.689643379,0.032270654
126.5,0.68825246,0.032273009
126.75,0.686938459,0.032288847
127,0.685559581,0.032242121
127.25,0.684022184,0.032277606
127.5,0.682320279,0.032224749
127.75,0.68052868,0.032233947
128,0.678756243,0.032250161
128.25,0.67708584,0.032221046
128.5,0.675533107,0.032239167
128.75,0.67404431,0.032209932
129,0.672531824,0.032203097
129.25,0.670925818,0.032197858
129.5,0.669213228,0.032168067
129.75,0.66744348,0.032202211
130,0.665699363,0.032174698
130.25,0.664050433,0.03216427
130.5,0.662515084,0.032184727
130.75,0.661051706,0.032154468
131,0.659582776,0.032150403
131.25,0.658037668,0.032143747
131.5,0.656390179,0.03213696
131.75,0.654670393,0.032129172
132,0.652945133,0.032122586
132.25,0.651278678,0.032113368
132.5,0.649696046,0.032127263
132.75,0.648169382,0.032124282
133,0.646634899,0.032100676
133.25,0.645030914,0.032071477
133.5,0.643335829,0.032103544
133.75,0.641584863,0.032073931
134,0.639855637,0.032070037
134.25,0.638229353,0.032059021
134.5,0.636747271,0.032059268
134.75,0.635384926,0.032052414
135,0.634057621,0.032044509
135.25,0.632655022,0.032061415
135.5,0.631088154,0.032034464
135.75,0.629326039,0.032022972
136,0.627404581,0.032001467
136.25,0.625404122,0.032034656
136.5,0.623407521,0.031984719
136.75,0.621459927,0.032013521
137,0.619550111,0.032031402
137.25,0.617622139,0.031985819
137.5,0.615610832,0.031956406
137.75,0.613482654,0.031989299
138,0.611261056,0.031956662
138.25,0.609023158,0.031928807
138.5,0.606868891,0.031956762
138.75,0.604877267,0.031936111
139,0.603070753,0.031921402
139.25,0.601404805,0.031937033
139.5,0.599787645,0.031910344
139.75,0.59812107,0.031905814
140,0.596343253,0.031918062
140.25,0.594453722,0.0318724
140.5,0.592509069,0.031881009
140.75,0.590591674,0.031880847
141,0.588766347,0.031890921
141.25,0.587045532,0.031879039
141.5,0.585379932,0.031836777
141.75,0.583679594,0.031888381
142,0.581856185,0.031850503
142.25,0.579866842,0.03181659
142.5,0.577738642,0.031829061
142.75,0.575561248,0.03183963
143,0.573449926,0.031833749
143.25,0.571495119,0.031789007
143.5,0.56972156,0.031801546
143.75,0.568075966,0.031807255
144,0.566449371,0.031787118
144.25,0.564724107,0.031785291
144.5,0.562823902,0.031779597
144.75,0.560744231,0.031768759
145,0.558549547,0.031739795
145.25,0.556339823,0.031786639
145.5,0.554203174,0.031743658
145.75,0.552177189,0.031739003
146,0.55023637,0.031746905
146.25,0.548309653,0.031724321
146.5,0.546317373,0.031701626
146.75,0.544208529,0.031712502
147,0.541980721,0.031718624
147.25,0.539675133,0.031710729
147.5,0.537351911,0.031686218
147.75,0.535060374,0.031659392
148,0.532819459,0.0316897
148.25,0.530616945,0.03166457
148.5,0.528425271,0.031672338
148.75,0.526223196,0.031652804
149,0.524010218,0.03164055
149.25,0.521805488,0.031617365
149.5,0.519632106,0.03166112
149.75,0.517496141,0.031617842
150,0.515373089,0.031613543
150.25,0.513210964,0.031605441
150.5,0.510950432,0.031597448
150.75,0.508552965,0.031607235
151,0.506022742,0.031583709
151.25,0.50341017,0.031589809
151.5,0.50079364,0.031550941
151.75,0.498247254,0.031569595
152,0.495809942,0.031549735
152.25,0.493471265,0.031540199
152.5,0.491180862,0.031533854
152.75,0.488876169,0.031543121
153,0.486513186,0.031506688
153.25,0.484083441,0.031527384
153.5,0.481607928,0.031520204
153.75,0.479111944,0.031494207
154,0.476596008,0.031474476
154.25,0.474021093,0.031513751
154.5,0.471319121,0.031458781
154.75,0.468425901,0.03148634
155,0.465320714,0.031444388
155.25,0.462051812,0.031459027
155.5,0.458732885,0.031434985
155.75,0.45550926,0.031438449
156,0.452507161,0.031421029
156.25,0.449787707,0.031423387
156.5,0.447325407,0.031386829
156.75,0.445020075,0.031412799
157,0.442736625,0.03140173
157.25,0.440355723,0.03138122
157.5,0.437814632,0.031362491
157.75,0.435122856,0.031369884
158,0.432348544,0.031372629
158.25,0.429583838,0.031351092
158.5,0.426905302,0.031358407
158.75,0.424346097,0.031350049
159,0.421890003,0.031316174
159.25,0.419487054,0.031340155
159.5,0.417081229,0.031330563
159.75,0.41463642,0.031309754
160,0.412149222,0.031303316
160.25,0.409644356,0.031296128
160.5,0.407156924,0.031278525
160.75,0.404711299,0.03131402
161,0.402306976,0.031263797
161.25,0.399917585,0.031273133
161.5,0.397502815,0.031280498
161.75,0.395027363,0.031270913
162,0.392478383,0.031255498
162.25,0.38987392,0.03124387
162.5,0.387258685,0.031254538
162.75,0.384688516,0.031211538
163,0.382209302,0.031250727
163.25,0.379838533,0.031222292
163.5,0.377557077,0.031218674
163.75,0.375315208,0.031219276
164,0.373051319,0.03120547
164.25,0.370716091,0.03120048
164.5,0.36829183,0.031193999
164.75,0.365798022,0.031186036
165,0.363279973,0.031182319
165.25,0.360785347,0.031198668
165.5,0.358339705,0.031157554
165.75,0.355933317,0.031165423
166,0.353526485,0.031160321
166.25,0.351071611,0.031178443
166.5,0.348541549,0.031139952
166.75,0.345950016,0.03114228
167,0.343353003,0.031134601
167.25,0.340828877,0.031140028
167.5,0.338445158,0.031138327
167.75,0.336226684,0.031109585
168,0.33414006,0.03111388
168.25,0.332102518,0.031122402
168.5,0.330012704,0.031105825
168.75,0.327790988,0.03110208
169,0.325412121,0.03110676
169.25,0.322915694,0.031080183
169.5,0.320389014,0.031097588
169.75,0.317929067,0.0310816
170,0.315599855,0.03109667
170.25,0.313404133,0.031061826
170.5,0.31128277,0.031069557
170.75,0.309142737,0.031075529
171,0.306901512,0.031058115
171.25,0.304527636,0.031067203
171.5,0.302058421,0.031039626
171.75,0.29958609,0.03104491
172,0.29721833,0.0310396
172.25,0.295031327,0.031033965
172.5,0.293036961,0.031041834
172.75,0.291179087,0.031019383
173,0.289360099,0.031036038
173.25,0.287484774,0.031022666
173.5,0.285500774,0.031027294
173.75,0.283417526,0.031015951
174,0.281296115,0.031010169
174.25,0.279216712,0.030995422
174.5,0.27724011,0.031021102
174.75,0.275381517,0.030992852
175,0.273607713,0.03100598
175.25,0.271856949,0.030992272
175.5,0.270070493,0.030999662
175.75,0.268220401,0.030976632
176,0.266321296,0.030993387
176.25,0.264422349,0.030979239
176.5,0.262584854,0.030976151
176.75,0.260856426,0.030974344
177,0.259252968,0.030981006
177.25,0.257754912,0.030959574
177.5,0.256317556,0.030973736
177.75,0.254889787,0.030972667
178,0.253432943,0.03095286
178.25,0.251932649,0.030959649
178.5,0.250399888,0.030954914
178.75,0.248862,0.030952138
179,0.247347882,0.030959007
179.25,0.245873584,0.030950655
179.5,0.24443413,0.030954386
179.75,0.243004982,0.030935141
180,0.241552856,0.030945557
180.25,0.240051812,0.030930616
180.5,0.238498089,0.030952771
180.75,0.23691711,0.030927226
181,0.235358795,0.030940806
181.25,0.233881866,0.030921985
181.5,0.232532524,0.030937802
181.75,0.231325651,0.030926447
182,0.230236284,0.03092916
182.25,0.229205462,0.030944411
182.5,0.228158996,0.030922504
182.75,0.227032621,0.030926627
183,0.225794296,0.030918618
183.25,0.224455322,0.030910025
183.5,0.223066111,0.030920028
183.75,0.221698143,0.030920741
184,0.220418875,0.030909239
184.25,0.219268948,0.030907684
184.5,0.218250074,0.030899847
184.75,0.217327814,0.030910551
185,0.216447608,0.03090497
185.25,0.215557313,0.030911376
185.5,0.214627104,0.030894471
185.75,0.213658974,0.030900503
186,0.212682642,0.030897816
186.25,0.211740406,0.030897432
186.5,0.21086802,0.030897329
186.75,0.210079984,0.030904447
187,0.209365358,0.030890472
187.25,0.208695305,0.030886342
187.5,0.208038399,0.030900315
187.75,0.207376411,0.030885362
188,0.20671328,0.030896886
188.25,0.206073225,0.030883438
188.5,0.205488869,0.030895527
188.75,0.204984782,0.030887076
189,0.20456387,0.030887643
189.25,0.204202784,0.030880258
189.5,0.203858546,0.030893812
189.75,0.203483754,0.030874136
190,0.203044164,0.030906994
190.25,0.202531621,0.030878068
190.5,0.201967485,0.030883133
190.75,0.201395652,0.030885048
191,0.200868301,0.030883949
191.25,0.200429891,0.030880575
191.5,0.200105005,0.0308825
191.75,0.199893613,0.030883141
192,0.199774302,0.0308805
192.25,0.199713249,0.030896051
192.5,0.199675137,0.030873097
192.75,0.199632196,0.030875296
193,0.199568872,0.030886237
193.25,0.1994816,0.030881398
193.5,0.199375091,0.03088113
193.75,0.199257656,0.030873805
194,0.199138038,0.030895112
194.25,0.199025093,0.030872284
194.5,0.19892981,0.030879398
194.75,0.198867589,0.030879795
195,0.19885819,0.030879545
195.25,0.19892177,0.030879905
195.5,0.19907168,0.030873799
195.75,0.199307033,0.030880687
196,0.199609074,0.030887441
196.25,0.199944282,0.030874809
196.5,0.200274137,0.030889488
196.75,0.200568064,0.030875366
197,0.200814142,0.030877568
197.25,0.201022873,0.030890818
197.5,0.201222454,0.030889263
197.75,0.201447839,0.030884133
198,0.201728465,0.030886536
198.25,0.202079489,0.03087679
198.5,0.202499125,0.030885623
198.75,0.202971648,0.030892853
199,0.20347355,0.030885999
199.25,0.203980108,0.030878156
199.5,0.204470702,0.030894406
199.75,0.204932611,0.030888003
200,0.205363436,0.030883201
200.25,0.205771934,0.030890073
200.5,0.206176354,0.030889775
200.75,0.206599583,0.030889918
201,0.207061664,0.030891102
201.25,0.207572156,0.030899692
201.5,0.208125847,0.030883275
201.75,0.208704673,0.030892822
202,0.20928604,0.030892881
202.25,0.209854383,0.030894697
202.5,0.210410541,0.030888933
202.75,0.210973786,0.030903481
203,0.211574479,0.030893626
203.25,0.212239918,0.030897161
203.5,0.212979635,0.030898533
203.75,0.213777267,0.030900092
204,0.214593446,0.030901987
204.25,0.215379167,0.030900605
204.5,0.21609424,0.030902962
204.75,0.216723065,0.030911851
205,0.217281217,0.030896936
205.25,0.217810385,0.03090627
205.5,0.218364132,0.030898012
205.75,0.218990325,0.03091371
206,0.219716822,0.030908836
206.25,0.220544958,0.030908338
206.5,0.221451975,0.030906006
206.75,0.222400291,0.03092126
207,0.223349653,0.030914987
207.25,0.224268084,0.030908894
207.5,0.225138789,0.030925109
207.75,0.225961928,0.0309116
208,0.226751774,0.030919063
208.25,0.227530709,0.030910994
208.5,0.228321849,0.030937142
208.75,0.229142024,0.030910371
209,0.229996664,0.030923788
209.25,0.23087783,0.030932475
209.5,0.231766166,0.030925976
209.75,0.232636615,0.030927435
210,0.233466549,0.03092283
210.25,0.234243801,0.030930136
210.5,0.2349717,0.030931522
210.75,0.235668882,0.03093417
211,0.236363459,0.030933159
211.25,0.237083211,0.030933534
211.5,0.237845127,0.030935203
211.75,0.238647987,0.03093614
212,0.239470832,0.030938238
212.25,0.24027835,0.030929845
212.5,0.241032111,0.030940443
212.75,0.241704621,0.030950225
213,0.242291768,0.030944367
213.25,0.242818869,0.03093659
213.5,0.243336662,0.030945922
213.75,0.243906616,0.030946319
214,0.244579243,0.030945675
214.25,0.245373157,0.030953914
214.5,0.24626407,0.030942161
214.75,0.247190251,0.03094088
215,0.248074307,0.030953193
215.25,0.248853312,0.030953793
215.5,0.249504248,0.030955946
215.75,0.250052677,0.030956842
216,0.25055983,0.030963529
216.25,0.251093613,0.03095543
216.5,0.251697129,0.03095132
216.75,0.252369755,0.030957104
217,0.253069566,0.030977639
217.25,0.253735248,0.030945853
217.5,0.254316074,0.030961921
217.75,0.2547951,0.030970407
218,0.255194918,0.030953389
218.25,0.255564539,0.030964281
218.5,0.255955159,0.030962804
218.75,0.256397118,0.030965671
219,0.256888406,0.030976696
219.25,0.257398487,0.030958243
219.5,0.257883673,0.030965806
219.75,0.258305767,0.030968005
220,0.258645749,0.03096895
220.25,0.258908047,0.030970443
220.5,0.259115888,0.030969245
220.75,0.259301675,0.030970156
221,0.259497071,0.030967873
221.25,0.259725874,0.030973075
221.5,0.260000448,0.030955092
221.75,0.260320853,0.030989102
222,0.260675651,0.030972865
222.25,0.261044021,0.03097223
222.5,0.26139952,0.030965243
222.75,0.26171566,0.030985038
223,0.261972544,0.030966828
223.25,0.262162802,0.030982939
223.5,0.26229468,0.030975791
223.75,0.262390779,0.030967886
224,0.262482338,0.030976077
224.25,0.262600428,0.030975878
224.5,0.262766468,0.03097636
224.75,0.262984744,0.030978
225,0.263239359,0.030978059
225.25,0.263497079,0.030977893
225.5,0.26371615,0.030978767
225.75,0.26385921,0.030986817
226,0.263906502,0.030970141
226.25,0.263864504,0.030977697
226.5,0.263765839,0.030978397
226.75,0.263659215,0.030978986
227,0.263592357,0.030969886
227.25,0.263594486,0.030986695
227.5,0.263665872,0.030979063
227.75,0.263779265,0.030980221
228,0.263892671,0.030979641
228.25,0.263967487,0.030970051
228.5,0.263983443,0.030988892
228.75,0.263943558,0.030978499
229,0.263867592,0.0309786
229.25,0.263778356,0.030977293
229.5,0.263688579,0.030977146
229.75,0.263595026,0.030979289
230,0.263482133,0.030977025
230.25,0.263332143,0.030979583
230.5,0.263135634,0.030977411
230.75,0.262896822,0.030969235
231,0.262631437,0.030976383
231.25,0.262359039,0.030985154
231.5,0.262094182,0.03097372
231.75,0.261840727,0.03097416
232,0.261591558,0.030974799
232.25,0.261333179,0.030973437
232.5,0.261052803,0.030973329
232.75,0.260744849,0.030972491
233,0.260414329,0.03098196
233.25,0.260075815,0.030965166
233.5,0.259748228,0.030973037
233.75,0.259447238,0.030970281
234,0.259178239,0.030970211
234.25,0.25893304,0.030970927
234.5,0.258692224,0.030977187
234.75,0.258432649,0.030960055
235,0.258136968,0.030968887
235.25,0.257800614,0.030969998
235.5,0.257432612,0.030976847
235.75,0.257049551,0.030957695
236,0.256665682,0.030974676
236.25,0.256284368,0.030956076
236.5,0.255895633,0.030975457
236.75,0.255481416,0.030963266
237,0.255026034,0.030963695
237.25,0.254526444,0.030955631
237.5,0.253996791,0.030969464
237.75,0.253464488,0.030959867
238,0.252959281,0.030961717
238.25,0.252500173,0.030958575
238.5,0.252086205,0.03095888
238.75,0.251695284,0.030953731
239,0.25129169,0.03096497
239.25,0.250839169,0.030957966
239.5,0.250314353,0.030963228
239.75,0.249715384,0.030946949
240,0.249062763,0.030972874
240.25,0.248392529,0.030943763
240.5,0.247744541,0.03094637
240.75,0.24715001,0.030949332
241,0.246622212,0.030959296
241.25,0.246152908,0.030941242
241.5,0.245715023,0.030956628
241.75,0.245270355,0.030948223
242,0.244779888,0.03094429
242.25,0.244213824,0.030946445
242.5,0.243558728,0.030944634
242.75,0.2428201,0.030945118
243,0.242020061,0.030942771
243.25,0.241191237,0.030944167
243.5,0.24036902,0.030948657
243.75,0.239584583,0.030937767
244,0.238860254,0.030936473
244.25,0.238207543,0.030938531
244.5,0.23762684,0.030935578
244.75,0.237107528,0.030932104
245,0.236628023,0.030925393
245.25,0.236156672,0.030934003
245.5,0.23565532,0.03093926
245.75,0.235086836,0.030931024
246,0.234425807,0.030930171
246.25,0.233668863,0.030929969
246.5,0.232839568,0.030937549
246.75,0.231983761,0.030927759
247,0.231155002,0.030926882
247.25,0.230394788,0.030916988
247.5,0.229715839,0.030931438
247.75,0.229096656,0.030915202
248,0.228490984,0.030930021
248.25,0.22784872,0.03091293
248.5,0.227138668,0.030927867
248.75,0.226362047,0.030918949
249,0.225549963,0.030917397
249.25,0.224746317,0.030916721
249.5,0.223985377,0.030922758
249.75,0.223276106,0.030907435
250,0.22260144,0.030912635
250.25,0.221932217,0.030913741
250.5,0.22124709,0.030912835
250.75,0.220546581,0.030910687
251,0.219853133,0.030909255
251.25,0.219197475,0.030913727
251.5,0.218599766,0.030908246
251.75,0.218056878,0.030905093
252,0.21754334,0.030914332
252.25,0.217025221,0.030898168
252.5,0.216478635,0.03090512
252.75,0.215902095,0.030896675
253,0.215315942,0.030908511
253.25,0.214749807,0.03090901
253.5,0.214226011,0.030892431
253.75,0.213748642,0.030908506
254,0.213304163,0.03089186
254.25,0.212872237,0.030901352
254.5,0.21243952,0.030898758
254.75,0.21200793,0.0308976
255,0.211592794,0.030896896
255.25,0.211212676,0.030895164
255.5,0.210877583,0.030895649
255.75,0.210582777,0.030895666
256,0.210311598,0.030896823
256.25,0.210045177,0.030896698
256.5,0.209773092,0.030894392
256.75,0.209499026,0.030894052
257,0.209238902,0.03090021
257.25,0.209013303,0.03088624
257.5,0.208838663,0.030893391
257.75,0.208721415,0.030908891
258,0.20865683,0.030886909
258.25,0.208631582,0.0308941
258.5,0.208627845,0.03089274
258.75,0.208627239,0.030887538
259,0.208614272,0.030899363
259.25,0.20857966,0.03088527
259.5,0.208523541,0.030900053
259.75,0.20845744,0.03089341
260,0.208403213,0.030884861
260.25,0.208387841,0.030899745
260.5,0.208434851,0.030893054
260.75,0.208555234,0.030892707
261,0.20874173,0.030892656
261.25,0.208969545,0.030893501
261.5,0.209204143,0.03088961
261.75,0.209413742,0.03090041
262,0.209581975,0.030902319
262.25,0.209715702,0.030887137
262.5,0.209844505,0.030889625
262.75,0.210011392,0.030902741
263,0.210257657,0.030886708
263.25,0.210607292,0.030902275
263.5,0.211056941,0.03089727
263.75,0.211575574,0.030890192
264,0.212114499,0.030898068
264.25,0.212624197,0.030908649
264.5,0.213071623,0.030885895
264.75,0.21345126,0.030914786
265,0.213785684,0.030894529
265.25,0.21411571,0.030899314
265.5,0.214484424,0.03090154
265.75,0.214921765,0.030902457
266,0.215435705,0.030903682
266.25,0.216012925,0.030905016
266.5,0.216627673,0.030910652
266.75,0.217254147,0.030896374
267,0.217876721,0.030900207
267.25,0.218493932,0.030914486
267.5,0.219115416,0.030906415
267.75,0.219754304,0.030908544
268,0.220419415,0.030909686
268.25,0.2211111,0.030911749
268.5,0.221822354,0.030905283
268.75,0.222543918,0.03090736
269,0.223270187,0.030920667
269.25,0.224002612,0.030913821
269.5,0.224748825,0.03091558
269.75,0.225517998,0.030917791
270,0.226314783,0.030912223
270.25,0.22713469,0.030926429
270.5,0.227963011,0.030922981
270.75,0.228777868,0.030922799
271,0.229556347,0.030923625
271.25,0.230281634,0.030917924
271.5,0.230948683,0.030933883
271.75,0.231566271,0.030927695
272,0.232154348,0.030927286
272.25,0.232737148,0.03092034
272.5,0.233334304,0.030929347
272.75,0.233953471,0.030938513
273,0.23458791,0.030931137
273.25,0.235220804,0.030921813
273.5,0.235835031,0.030933312
273.75,0.236424163,0.030933776
274,0.236999092,0.03094143
274.25,0.237586085,0.030928452
274.5,0.238215885,0.030935035
274.75,0.238908174,0.0309378
275,0.239658725,0.030940321
275.25,0.240436193,0.030939724
275.5,0.241191398,0.030933336
275.75,0.241876003,0.030950841
276,0.242462519,0.030943116
276.25,0.242956345,0.030937119
276.5,0.243393845,0.030945275
276.75,0.243826955,0.030943267
277,0.244301154,0.030948571
277.25,0.244836867,0.030939249
277.5,0.24542259,0.030956338
277.75,0.246022403,0.030948531
278,0.24659371,0.030942655
278.25,0.247106551,0.030957997
278.5,0.24755572,0.030950298
278.75,0.247960919,0.030944015
279,0.248356133,0.030951997
279.25,0.248774152,0.030953999
279.5,0.249233601,0.030954485
279.75,0.249733673,0.030964999
280,0.250257458,0.030947196
280.25,0.2507808,0.030948497
280.5,0.251281786,0.030974174
280.75,0.251746745,0.030958384
281,0.25217127,0.030949705
281.25,0.25255737,0.030959846
281.5,0.252909423,0.030959376
281.75,0.253231296,0.030960655
282,0.253525661,0.030969924
282.25,0.253794966,0.030953201
282.5,0.254042656,0.030961088
282.75,0.25427341,0.030962357
283,0.254492046,0.030963965
283.25,0.254701683,0.030962987
283.5,0.254902289,0.030961351
283.75,0.255090533,0.030973133
284,0.255261213,0.030948206
284.25,0.255409725,0.030962718
284.5,0.255534582,0.030973385
284.75,0.255638912,0.030965469
285,0.255730304,0.030965523
285.25,0.255818967,0.030962589
285.5,0.25591475,0.030966961
285.75,0.256023948,0.030962952
286,0.25614686,0.030966269
286.25,0.256276907,0.030966098
286.5,0.256401606,0.030965292
286.75,0.256505235,0.030966768
287,0.256572396,0.030966614
287.25,0.25659139,0.030973184
287.5,0.256556294,0.030956973
287.75,0.256467082,0.030965032
288,0.256327939,0.030966428
288.25,0.256144729,0.03096317
288.5,0.255922974,0.030965065
288.75,0.255667388,0.030965749
289,0.255383083,0.030972927
289.25,0.255077378,0.030958443
289.5,0.254760596,0.030979824
289.75,0.254444566,0.030964423
290,0.254138928,0.030954442
290.25,0.253846901,0.030959464
290.5,0.253563003,0.030970165
290.75,0.25327464,0.030952931
291,0.252967476,0.030960023
291.25,0.252632252,0.030958763
291.5,0.252269401,0.030960173
291.75,0.251888575,0.030957563
292,0.251502853,0.030958624
292.25,0.25112058,0.030966292
292.5,0.25073962,0.030948735
292.75,0.250347894,0.030964595
293,0.249930542,0.030953276
293.25,0.24947984,0.030948735
293.5,0.249001586,0.030963035
293.75,0.248513061,0.030952567
294,0.248032413,0.030951652
294.25,0.247564989,0.030950952
294.5,0.247095137,0.030949514
294.75,0.246589994,0.030950208
295,0.246015313,0.030949991
295.25,0.245355807,0.030948872
295.5,0.244628498,0.030946661
295.75,0.243879918,0.030953454
296,0.243166311,0.030938584
296.25,0.242525689,0.0309509
296.5,0.241956342,0.030932803
296.75,0.241414294,0.030950769
297,0.240832875,0.030942204
297.25,0.240155772,0.030932653
297.5,0.239367044,0.030946133
297.75,0.23850227,0.030937655
298,0.237634236,0.03093719
298.25,0.236839511,0.030940584
298.5,0.236162244,0.030933263
298.75,0.235593006,0.03092557
299,0.235072862,0.030931312
299.25,0.234520204,0.030931739
299.5,0.233866842,0.030928445
299.75,0.233086117,0.030929454
300,0.232200819,0.030935657
300.25,0.231269267,0.030923959
300.5,0.230358273,0.030925102
300.75,0.229516625,0.030923501
301,0.228760504,0.030922994
301.25,0.228074875,0.030914451
301.5,0.22742701,0.030915117
301.75,0.226783656,0.030942693
302,0.226123772,0.030912446
302.25,0.225442752,0.030924368
302.5,0.224748877,0.030910828
302.75,0.224055942,0.030914474
303,0.223376397,0.030913823
303.25,0.222717786,0.030913578
303.5,0.222082936,0.03092028
303.75,0.221472601,0.030904089
304,0.220888549,0.030917092
304.25,0.220335276,0.030910933
304.5,0.219819407,0.030917291
304.75,0.219346868,0.030904252
305,0.218918972,0.030901631
305.25,0.21852918,0.030913277
305.5,0.218162298,0.03090604
305.75,0.217797067,0.030906155
306,0.217411807,0.030907472
306.25,0.216991456,0.030903421
306.5,0.2165335,0.030904402
306.75,0.216050397,0.030904838
307,0.21556704,0.030909528
307.25,0.215113496,0.030902381
307.5,0.214715052,0.030896328
307.75,0.214382988,0.030901385
308,0.214109808,0.030901441
308.25,0.213871439,0.03090153
308.5,0.213636426,0.030901106
308.75,0.213379085,0.030899225
309,0.213091495,0.030899571
309.25,0.212789085,0.030907059
309.5,0.212506931,0.030891532
309.75,0.212287766,0.030900443
310,0.212166323,0.030898228
310.25,0.212156353,0.030906758
310.5,0.2122455,0.030892619
310.75,0.212399881,0.030906983
311,0.212576224,0.030899781
311.25,0.21273655,0.03089244
311.5,0.212859808,0.030899437
311.75,0.212946512,0.030898864
312,0.2130154,0.030900358
312.25,0.213094137,0.030901345
312.5,0.213208044,0.030899251
312.75,0.213371162,0.030899347
313,0.2135828,0.030900936
313.25,0.213830441,0.030895892
313.5,0.214097448,0.030915589
313.75,0.214372098,0.030895919
314,0.214653914,0.030902937
314.25,0.214954338,0.030911826
314.5,0.215291196,0.030894951
314.75,0.215679296,0.030911516
315,0.216121588,0.030904993
315.25,0.21660549,0.030897415
315.5,0.217106888,0.030902829
315.75,0.217600748,0.030898063
316,0.218073807,0.030906937
316.25,0.218533281,0.030915641
316.5,0.219006939,0.030908956
316.75,0.219533631,0.030901356
317,0.220147862,0.030909397
317.25,0.220864841,0.03091962
317.5,0.221672412,0.0309056
317.75,0.222533367,0.030914039
318,0.223397356,0.030923218
318.25,0.224217922,0.030909903
318.5,0.224968525,0.030916187
318.75,0.225652085,0.03091756
319,0.22630093,0.03091969
319.25,0.226967084,0.03091339
319.5,0.22770573,0.030929965
319.75,0.228556835,0.030922851
320,0.229530838,0.030923323
320.25,0.230603545,0.030918052
320.5,0.231722659,0.030928105
320.75,0.232824276,0.030936447
321,0.233853607,0.030922721
321.25,0.234782049,0.030933805
321.5,0.235613897,0.030935932
321.75,0.236380315,0.030934097
322,0.237123748,0.030926374
322.25,0.237880059,0.030943507
322.5,0.238666205,0.030937895
322.75,0.239478004,0.030932967
323,0.240297379,0.030940514
323.25,0.241104189,0.030940992
323.5,0.241886464,0.030952292
323.75,0.242644843,0.030943955
324,0.243390659,0.030937731
324.25,0.244140138,0.030939161
324.5,0.244908054,0.030947846
324.75,0.245702969,0.030958457
325,0.246524365,0.030951157
325.25,0.247360991,0.030950909
325.5,0.248190274,0.030951874
325.75,0.248979887,0.03095406
326,0.249693039,0.03095485
326.25,0.250297859,0.030956047
326.5,0.250778676,0.030958264
326.75,0.251144716,0.030948257
327,0.251431413,0.030966843
327.25,0.251692065,0.030957746
327.5,0.251981804,0.030952557
327.75,0.252339744,0.030968157
328,0.252776491,0.030960643
328.25,0.253272013,0.030961821
328.5,0.253784413,0.030945664
328.75,0.25426545,0.030971324
329,0.254676272,0.030962121
329.25,0.254997505,0.030954121
329.5,0.255231061,0.030981932
329.75,0.255394844,0.030954409
330,0.255514079,0.030957114
330.25,0.255613321,0.030982299
330.5,0.255711678,0.030955546
330.75,0.255821508,0.030964922
331,0.255949214,0.030955761
331.25,0.256096326,0.030982299
331.5,0.256259806,0.030966555
331.75,0.256431744,0.030958209
332,0.256599482,0.030963276
332.25,0.256747231,0.030965816
332.5,0.256859451,0.030968472
332.75,0.256925105,0.030967758
333,0.256941111,0.030966665
333.25,0.25691339,0.030964575
333.5,0.256854879,0.03096597
333.75,0.256781304,0.03096585
334,0.256706511,0.030967075
334.25,0.256639271,0.030968966
334.5,0.256582517,0.03096839
334.75,0.256534659,0.030966436
335,0.256491659,0.030967127
335.25,0.25644857,0.030965962
335.5,0.256400093,0.030968761
335.75,0.256340643,0.030965192
336,0.256264772,0.030966116
336.25,0.256168281,0.030965818
336.5,0.256049423,0.030966356
336.75,0.255909117,0.03096408
337,0.255749554,0.030966772
337.25,0.255571771,0.03096289
337.5,0.255373768,0.030963778
337.75,0.25515079,0.030961895
338,0.254898125,0.030964244
338.25,0.254615078,0.030964519
338.5,0.254307692,0.030962326
338.75,0.253988242,0.030962637
339,0.253671234,0.030961632
339.25,0.253367712,0.030962517
339.5,0.253080667,0.030971018
339.75,0.252803731,0.030960881
340,0.252523483,0.030960161
340.25,0.252223835,0.030950991
340.5,0.251890153,0.030967925
340.75,0.251511548,0.030948905
341,0.251081315,0.030957887
341.25,0.250596843,0.030975162
341.5,0.250060325,0.030948212
341.75,0.249480423,0.030955059
342,0.2488734,0.030954161
342.25,0.248261532,0.03095454
342.5,0.247667557,0.030954156
342.75,0.247106258,0.030949545
343,0.246576715,0.030944125
343.25,0.246059656,0.030959139
343.5,0.245522727,0.030957908
343.75,0.244932872,0.030930858
344,0.244270997,0.030954833
344.25,0.243542113,0.030954714
344.5,0.242775489,0.030938193
344.75,0.242013849,0.030944425
345,0.241296109,0.030948604
345.25,0.240641762,0.030933721
345.5,0.240044503,0.030947645
345.75,0.239478182,0.030938116
346,0.238911809,0.030938622
346.25,0.238325617,0.030942953
346.5,0.237719725,0.03093599
346.75,0.237111113,0.030926894
347,0.236521106,0.030942947
347.25,0.235960765,0.030940886
347.5,0.235422602,0.030924532
347.75,0.234883316,0.030940839
348,0.234316018,0.030931263
348.25,0.233705117,0.030923648
348.5,0.233055704,0.030930415
348.75,0.232392413,0.030926891
349,0.231748531,0.03093722
349.25,0.231151344,0.030926294
349.5,0.230611433,0.030925191
349.75,0.230121179,0.030916121
350,0.229662491,0.030930902
350.25,0.229218778,0.030923844
350.5,0.2287841,0.030923858
350.75,0.228364372,0.030923239
351,0.227970261,0.030920285
351.25,0.22760631,0.03092103
351.5,0.227263062,0.030928757
351.75,0.226917307,0.030912208
352,0.226540969,0.030919161
352.25,0.226114198,0.030919845
352.5,0.225635808,0.030925304
352.75,0.225125564,0.030910352
353,0.224617173,0.030922962
353.25,0.224145653,0.030908942
353.5,0.223735318,0.030914894
353.75,0.223393667,0.030915603
354,0.223112869,0.030914307
354.25,0.222876487,0.030923052
354.5,0.222666982,0.030906329
354.75,0.222470276,0.030922081
355,0.222276425,0.030906485
355.25,0.222078205,0.030912723
355.5,0.221870484,0.030907168
355.75,0.22165204,0.030929765
356,0.221429015,0.03091126
356.25,0.221217265,0.030911826
356.5,0.221040737,0.030911265
356.75,0.220924951,0.030906378
357,0.220887448,0.030911278
357.25,0.220929233,0.030917567
357.5,0.221031392,0.030903797
357.75,0.221159149,0.030911591
358,0.221272555,0.030911955
358.25,0.221340088,0.030912105
358.5,0.221350138,0.03091205
358.75,0.221315964,0.030911502
359,0.221272083,0.030909852
359.25,0.221263137,0.03091209
359.5,0.221328988,0.03091395
359.75,0.221491204,0.030912607
