trial_number,value,state,duration,lr,batch_size,layer1_size,layer2_size,layer3_size
0,0.0057317759671635235,COMPLETE,0:00:17.494080,0.0013974579109855881,200,55,20,50
1,0.003663859439991673,COMPLETE,0:00:16.912268,0.026346788322648602,201,44,21,39
2,0.3070845794113791,PRUNED,0:00:21.088844,5.543934782005413e-05,9,22,59,47
3,0.003746547251814984,COMPLETE,0:00:17.128848,0.01831804646001948,133,60,57,33
4,1.7961160454375684,PRUNED,0:00:20.192357,2.3966536196379897e-06,13,44,50,33
5,0.004784256682873434,COMPLETE,0:00:15.064246,0.04327279314348438,199,45,43,27
6,0.014413988227174376,COMPLETE,0:00:11.702107,0.07020313349332095,244,36,45,39
7,0.0025959309153814,COMPLETE,0:00:23.448895,0.0063657603318293034,50,27,31,59
8,0.0050896738032496355,COMPLETE,0:00:20.308280,0.0013424133489222559,85,44,28,26
9,1.2640599079346388,PRUNED,0:00:02.736593,9.19774437303715e-05,214,40,38,44
10,0.002760267476627956,COMPLETE,0:00:13.443306,0.02708660204372661,137,20,33,46
11,0.0032620963379586436,COMPLETE,0:00:10.779744,0.03458392315003716,250,29,25,49
12,1.8190250471234322,PRUNED,0:00:00.578693,4.053613862787112e-05,197,23,23,41
13,1.0498703615109723,PRUNED,0:00:00.699899,0.00183827956416891,142,52,36,60
14,0.91377686019297,PRUNED,0:00:00.606558,0.003242386860124576,175,27,57,60
15,1.6744714023703235,PRUNED,0:00:02.100395,6.294706937923381e-05,32,39,21,59
16,0.002712249900672872,COMPLETE,0:00:19.340167,0.009240348352606498,58,50,20,55
17,1.8216215152894297,PRUNED,0:00:01.169189,1.148859929171993e-06,61,32,26,22
18,0.004187417455048937,COMPLETE,0:00:16.909178,0.011381855745331583,95,60,33,23
19,0.004076686947541049,COMPLETE,0:00:19.714421,0.014880473507799688,80,60,30,27
20,0.00323447141651248,COMPLETE,0:00:14.399191,0.02021192008689294,107,60,31,33
21,0.003165698585243732,COMPLETE,0:00:14.104062,0.010579136426023029,92,31,31,52
22,0.00433614179007741,COMPLETE,0:00:16.485329,0.006390615291889295,83,29,31,53
23,0.0035067876723612256,COMPLETE,0:00:17.181774,0.006663706587395633,86,20,33,54
24,0.004105439354049988,COMPLETE,0:00:16.337837,0.008632291685694415,99,20,32,54
25,0.0037163501388553137,COMPLETE,0:00:20.091512,0.006271816150860688,58,20,33,54
26,0.7091580973938107,PRUNED,0:00:00.714927,0.005816905688480856,158,20,32,54
27,0.7721354930828779,PRUNED,0:00:00.685238,0.00439086905014791,162,20,42,55
28,0.05755379752710808,PRUNED,0:00:03.771754,0.005448245705946049,55,20,35,55
29,1.1652125594792542,PRUNED,0:00:01.482495,0.0003790680275746454,50,25,41,55
30,1.2591475566795893,PRUNED,0:00:01.361128,0.00032636031226162475,54,26,36,56
31,1.4015883111184644,PRUNED,0:00:01.222976,0.07576859169324489,61,49,28,46
32,2.948147082940126,PRUNED,0:00:00.746639,0.09833410420393525,121,51,28,46
33,1.1242778609618256,PRUNED,0:00:01.082866,0.0006460666251033021,73,36,47,52
34,0.6089176574101051,PRUNED,0:00:01.931168,0.0007749717453206941,35,34,47,51
35,0.5507335205285616,PRUNED,0:00:02.118195,0.000810325816331329,31,35,49,51
36,0.036796905905952464,PRUNED,0:00:23.152833,0.0015053716645620056,26,54,35,50
37,0.4300442662977037,PRUNED,0:00:02.174152,0.0012407034637169957,30,55,20,50
38,0.3803370564134531,PRUNED,0:00:00.872163,0.01021666601426146,102,29,39,50
39,0.4414616080897826,PRUNED,0:00:00.757420,0.008727281024544769,117,29,39,57
40,0.8059606277530298,PRUNED,0:00:00.736274,0.0024750862951386375,119,31,24,58
41,0.844592014384089,PRUNED,0:00:00.737034,0.0028191185983836354,143,23,24,43
42,0.8192116351837807,PRUNED,0:00:00.697895,0.0026022868564807584,134,23,34,44
43,0.3403111888239017,PRUNED,0:00:00.657326,0.024400378986399466,146,23,34,42
44,1.3155032868455037,PRUNED,0:00:13.832790,0.04915615725654024,4,23,34,43
45,0.3496788984885181,PRUNED,0:00:01.136132,0.03059120919189206,69,25,33,36
46,0.06951264137307465,PRUNED,0:00:06.194866,0.027279874393771397,20,42,27,48
47,1.3412825240835038,PRUNED,0:00:01.040380,0.04936138037453916,72,41,29,47
48,0.6483656420757633,PRUNED,0:00:00.853192,0.04986949723883532,99,56,30,36
49,0.0034376181193704423,COMPLETE,0:00:15.804685,0.017544747167459764,103,48,26,31
50,0.0696203194428781,PRUNED,0:00:16.839846,0.015514050885220737,7,47,26,48
51,0.3304418265838496,PRUNED,0:00:28.973348,0.016197377835478814,4,46,26,34
52,0.3629318054830819,PRUNED,0:00:00.817286,0.018900388253300947,111,47,26,31
53,1.8197875945237432,PRUNED,0:00:01.677358,7.107190694251658e-06,46,55,37,48
54,1.8189848291846145,PRUNED,0:00:01.589291,9.290344204587966e-06,44,57,37,30
55,0.4690956401795444,PRUNED,0:00:00.629079,0.014460535961658388,188,47,52,37
56,0.06884737684829477,PRUNED,0:00:12.427039,0.01788128792078531,10,58,22,30
57,1.0534475127519187,PRUNED,0:00:03.853265,0.04407746715278397,16,37,22,57
58,1.3969914717010306,PRUNED,0:00:00.510783,0.038937944867765084,239,38,22,58
59,0.5384541645474817,PRUNED,0:00:00.533964,0.02043615177646097,218,31,25,40
60,0.4615175607560695,PRUNED,0:00:00.534353,0.018413912652413864,219,32,25,40
61,1.8109930642445882,PRUNED,0:00:00.484976,0.00014680516662917635,254,33,26,60
62,0.07088851375910808,PRUNED,0:00:23.391531,0.012128140081582242,5,27,30,49
63,0.0027790371172687336,COMPLETE,0:00:16.754738,0.012302928278473861,87,28,30,52
64,0.48304394305798043,PRUNED,0:00:00.969722,0.003922814006707438,83,28,20,49
65,0.0485254472736361,PRUNED,0:00:03.313200,0.013423209058148903,93,53,31,20
66,0.3798029020502062,PRUNED,0:00:00.844507,0.008434101940957481,93,53,31,52
67,1.4460806136261928,PRUNED,0:00:00.670043,0.0742764980562616,130,58,28,53
68,0.5680365637951607,PRUNED,0:00:00.720037,0.030768288053388004,128,58,29,29
69,0.06509378795112883,PRUNED,0:00:01.557180,0.03006064876258986,108,45,23,33
70,0.05460305216425624,PRUNED,0:00:02.369609,0.029317038415023842,106,27,22,29
71,0.34609735037310646,PRUNED,0:00:00.827875,0.011525822710429746,107,26,23,32
72,0.36862154612265063,PRUNED,0:00:00.863481,0.010856683961707827,107,27,23,35
73,1.212026576201121,PRUNED,0:00:00.623100,0.0015466805118131692,176,43,30,34
74,1.5123233724307348,PRUNED,0:00:01.212130,0.09018450121903847,66,50,30,26
75,0.6901235264590663,PRUNED,0:00:00.635240,0.005694630692843468,162,50,30,27
76,0.3743744848417662,PRUNED,0:00:01.249406,0.004786545030074496,65,51,29,26
77,0.41795683547484974,PRUNED,0:00:01.004872,0.0061215951920679445,78,50,27,56
78,0.3416430786687279,PRUNED,0:00:01.148164,0.00693871754103009,65,25,32,56
79,0.4175382878157691,PRUNED,0:00:01.190099,0.0043184388805137044,65,21,32,53
80,0.38474942244512517,PRUNED,0:00:01.184251,0.003906818434798559,65,21,32,45
81,0.002932624434923352,COMPLETE,0:00:18.895828,0.008147059294427945,62,22,33,53
82,0.36409050359983336,PRUNED,0:00:00.963393,0.008685795470703849,86,21,32,53
83,0.47134152275881147,PRUNED,0:00:01.056837,0.0036688534836843206,77,22,32,45
84,1.5227424405341925,PRUNED,0:00:00.919508,0.06465336022986724,88,30,35,45
85,0.6971253809374822,PRUNED,0:00:00.969475,0.002020838457721573,89,30,36,59
86,1.5736907419704256,PRUNED,0:00:00.940541,0.05777019710167817,90,30,36,59
87,0.7423438800628795,PRUNED,0:00:00.919418,0.001934814668619864,88,31,35,59
88,0.6411686148948785,PRUNED,0:00:00.573255,0.03989764829901398,231,46,20,38
89,0.515938613563776,PRUNED,0:00:00.540249,0.024206548208912708,212,40,20,51
90,0.4958098470060914,PRUNED,0:00:00.553270,0.02313776523785838,235,46,20,55
91,0.6142398875127447,PRUNED,0:00:00.618272,0.024764262224216713,202,44,24,51
92,0.5184312942202645,PRUNED,0:00:00.747931,0.02458198336103607,192,43,21,51
93,0.35799196664872884,PRUNED,0:00:00.749423,0.013514659835221573,123,48,25,55
94,0.39671088646977176,PRUNED,0:00:00.719674,0.014066430810362381,153,24,25,54
95,0.860187352911846,PRUNED,0:00:00.534934,0.007731937688793524,256,35,27,54
96,0.0031027923109849137,COMPLETE,0:00:25.614680,0.013987661688657485,38,48,27,49
97,0.0445917975414062,PRUNED,0:00:07.347627,0.009049857831537144,52,20,33,57
98,0.04743521047963036,PRUNED,0:00:06.500249,0.008097621638306164,42,22,33,49
99,0.05527583719719024,PRUNED,0:00:05.704638,0.035969683109580666,36,20,33,49
100,0.05317375795489334,PRUNED,0:00:02.296990,0.03522917425099811,114,28,33,47
101,0.3743879020760197,PRUNED,0:00:01.025475,0.010648476107104237,99,24,28,52
102,0.3568668525952559,PRUNED,0:00:00.862557,0.010571417359048972,97,28,28,52
103,0.35469503121460294,PRUNED,0:00:00.902902,0.010236231851240661,99,33,28,50
104,0.03635230779378529,PRUNED,0:00:09.369068,0.018079843731982313,76,41,31,57
105,0.03673032431240462,PRUNED,0:00:11.380439,0.019743612834749527,58,41,31,58
106,0.0033232880526684466,COMPLETE,0:00:16.471558,0.01839931996890216,76,33,29,41
107,0.34432567983980805,PRUNED,0:00:01.052925,0.019372387755314753,73,33,29,38
108,0.03664990762869517,PRUNED,0:00:08.997003,0.019881335047400403,76,26,31,57
109,0.3643503001085217,PRUNED,0:00:01.440507,0.0029293328639400677,49,26,31,42
110,0.695358172910554,PRUNED,0:00:00.726518,0.006582323053608526,180,24,34,56
111,0.04249825057947738,PRUNED,0:00:05.896487,0.016353721043096403,81,60,21,58
112,0.0030662998022942807,COMPLETE,0:00:18.678635,0.017805852540804835,59,39,60,54
113,0.06218135334048534,PRUNED,0:00:02.700128,0.016604283507361293,58,21,21,53
114,0.06201732743065804,PRUNED,0:00:02.490591,0.005281906035728686,59,22,38,32
115,0.06461558345506882,PRUNED,0:00:02.587829,0.005111266847382185,56,22,39,53
116,0.06411361612776327,PRUNED,0:00:02.531793,0.005041098395298196,56,21,43,32
117,0.9499528086499164,PRUNED,0:00:00.530897,0.00536769593175765,249,22,24,32
118,1.731315482746471,PRUNED,0:00:00.523204,0.0004794309450494413,248,23,41,54
119,1.7699797710926413,PRUNED,0:00:00.790922,0.00018508335783033673,136,21,38,54
120,1.819286910286785,PRUNED,0:00:00.743363,2.5782125618581653e-05,138,20,34,54
121,0.14464148243386593,PRUNED,0:00:05.091378,0.053676922105792474,25,25,35,54
122,1.8508850210591365,PRUNED,0:00:00.732604,0.05816244970558359,125,29,56,50
123,0.0514901512082254,PRUNED,0:00:04.901780,0.007221801246945858,41,25,34,52
124,1.80185107140117,PRUNED,0:00:01.788144,3.219203572268026e-05,41,25,34,51
125,1.5197927412532626,PRUNED,0:00:00.571305,0.05576462118114086,226,48,55,50
126,0.5789248528132729,PRUNED,0:00:01.652696,0.0010429893744341122,41,48,27,52
127,0.0030913009347713527,COMPLETE,0:00:25.321233,0.014025289406244503,40,24,29,55
128,0.0034078230379465486,COMPLETE,0:00:18.393859,0.013074739364289066,70,60,29,28
129,0.46104288955991585,PRUNED,0:00:00.707146,0.0311498462551075,147,60,48,34
130,0.3526799368361632,PRUNED,0:00:00.780868,0.013821564544466123,117,59,59,30
131,0.4891935996711254,PRUNED,0:00:00.769895,0.007121534945888632,113,59,29,29
132,0.05108415134196734,PRUNED,0:00:03.272808,0.012018382820622746,69,52,30,36
133,0.004024021187493665,COMPLETE,0:00:18.575060,0.01235446143978526,83,39,29,46
134,0.03747036329290846,PRUNED,0:00:07.676607,0.01190833024362231,83,38,30,41
135,0.00307956796925787,COMPLETE,0:00:16.962371,0.01278577769429657,72,32,30,41
136,1.3478259123696221,PRUNED,0:00:00.967367,0.04491888279376766,84,45,30,46
137,0.002966330577910777,COMPLETE,0:00:17.897281,0.01125061879928087,69,52,26,48
138,0.05289916198664499,PRUNED,0:00:02.620283,0.024068815801525173,92,31,26,48
139,0.06788019580182744,PRUNED,0:00:03.092371,0.02354793484400598,47,32,52,48
140,0.06405375788490923,PRUNED,0:00:02.888439,0.012397313634878887,50,39,29,41
141,0.03825826504297795,PRUNED,0:00:06.405271,0.014943903172668969,102,35,45,47
142,0.35096356038142135,PRUNED,0:00:01.120062,0.030422662106054973,70,32,53,55
143,0.5455931886866853,PRUNED,0:00:00.898531,0.03299661758476586,104,49,24,39
144,0.6928622874040757,PRUNED,0:00:00.524858,0.008777914676168832,204,36,27,44
145,0.04176543218801256,PRUNED,0:00:06.745770,0.00909076539105211,62,29,32,47
146,0.4374834408185312,PRUNED,0:00:00.624314,0.015554070924662279,170,29,32,47
147,0.324399262251424,PRUNED,0:00:01.128181,0.03919641978614249,62,34,28,24
148,0.5191897453041747,PRUNED,0:00:00.998766,0.003282604229757444,74,44,46,55
149,0.003291632477884287,COMPLETE,0:00:24.837652,0.009202431127381219,34,28,31,53
150,0.3343762392224978,PRUNED,0:00:00.899518,0.00968929046857476,95,54,31,56
151,0.03878135211026865,PRUNED,0:00:10.817085,0.019593685781612667,52,30,32,53
152,0.0333554604125821,PRUNED,0:00:10.069936,0.01891620091493324,79,57,29,43
153,0.05500776121701054,PRUNED,0:00:05.774658,0.0205514922565524,34,49,23,27
154,0.03773749221668199,PRUNED,0:00:07.376053,0.018191889789817717,70,56,29,42
155,0.002587999751718941,COMPLETE,0:00:25.843748,0.006775777017956336,36,57,26,42
156,0.00311609120657755,COMPLETE,0:00:17.600491,0.018291049890231583,69,30,26,43
157,0.05401196912463222,PRUNED,0:00:07.500862,0.022201650648492298,27,56,28,49
158,0.0469432295057453,PRUNED,0:00:05.618903,0.016834879957039247,53,30,27,49
159,0.040358129049134994,PRUNED,0:00:08.663884,0.016266779082345913,49,31,60,43
160,0.0030250941801979957,COMPLETE,0:00:31.136807,0.014848561129781756,29,28,26,28
161,1.8213926241691716,PRUNED,0:00:02.831283,1.4248219186781405e-06,24,51,25,25
162,0.04221610945361338,PRUNED,0:00:06.505031,0.026306229956036983,68,28,26,28
163,0.034378017642343724,PRUNED,0:00:10.762474,0.010495266329530862,67,28,27,28
164,0.05207150519363113,PRUNED,0:00:03.363770,0.02753172665555,66,28,27,51
165,0.003952999473630058,COMPLETE,0:00:24.036270,0.009517138889162006,37,27,26,60
166,0.050521083363524864,PRUNED,0:00:05.035058,0.010082479156544913,38,34,26,60
167,0.06226710179809721,PRUNED,0:00:03.558418,0.007671496139723209,37,52,30,39
168,0.003849212834738137,COMPLETE,0:00:25.060440,0.006709149510320199,39,27,30,52
169,0.04540305108364139,PRUNED,0:00:05.870670,0.01143483206335389,45,27,26,53
170,0.002860596185234329,COMPLETE,0:00:18.364767,0.010492041124354161,61,31,31,22
171,0.0035379563676679114,COMPLETE,0:00:27.253654,0.012263882786881697,31,27,30,52
172,0.03967497314586014,PRUNED,0:00:06.907643,0.01305804274983266,62,27,31,41
173,0.004228550610810509,COMPLETE,0:00:27.217748,0.01382524990451084,32,30,31,22
174,0.3218159768399755,PRUNED,0:00:01.411348,0.00752524813435365,56,26,31,40
175,0.003724827849531511,COMPLETE,0:00:43.207822,0.006080244147541555,18,32,30,41
176,0.04903465329937763,PRUNED,0:00:10.938346,0.0060066294700967015,16,29,28,44
177,0.038862809661182475,PRUNED,0:00:12.039893,0.006685990030194325,31,29,33,45
178,0.05999897722864435,PRUNED,0:00:02.920406,0.005582682734781722,45,29,30,20
179,0.0034807808552568364,COMPLETE,0:00:51.384829,0.006167612661307946,14,29,25,52
180,0.05946586360297506,PRUNED,0:00:04.339020,0.007165901829207816,30,31,24,21
181,0.003354745276394856,COMPLETE,0:00:29.272724,0.007192800329047673,28,30,25,52
182,0.0034466072130434444,COMPLETE,0:00:29.972827,0.014623552143667874,28,30,25,42
183,0.00349407764933178,COMPLETE,0:00:39.170467,0.013850490212975282,20,32,25,23
184,0.05294449552285782,PRUNED,0:00:07.911295,0.014347048522976021,22,30,25,46
185,0.060976114923968636,PRUNED,0:00:02.320957,0.009746384210784866,58,30,25,23
186,0.0391938448675088,PRUNED,0:00:08.153643,0.012820094798352425,47,31,28,55
187,0.050228021456546215,PRUNED,0:00:03.622954,0.008578090362859886,51,53,25,43
188,0.04687702300087098,PRUNED,0:00:04.451264,0.0230050898855387,61,32,28,40
189,0.39979878276062664,PRUNED,0:00:00.986975,0.004422856413317118,74,32,28,40
190,0.059121321544784014,PRUNED,0:00:02.326712,0.023541930250228677,62,33,27,42
191,0.048886432714048245,PRUNED,0:00:04.608450,0.016037437772838996,44,31,28,56
192,0.280596459063433,PRUNED,0:00:00.946470,0.017372732970956376,80,31,32,41
193,0.0624835697585732,PRUNED,0:00:01.895481,0.01574868893526113,77,24,32,50
194,0.06055581763777305,PRUNED,0:00:07.775722,0.015481697339975876,15,24,31,50
195,0.061905415520784796,PRUNED,0:00:02.937889,0.00981945836796382,43,59,29,48
196,1.3237034110596002,PRUNED,0:00:03.118963,0.03974163416387234,19,59,30,48
197,0.34182426977989283,PRUNED,0:00:00.845357,0.038852747486537074,88,28,31,38
198,0.06275179895781292,PRUNED,0:00:01.950750,0.011521531849335274,72,60,29,42
199,0.049708665999036936,PRUNED,0:00:03.044363,0.011838998778932994,75,60,29,24
200,0.0033013562095194,COMPLETE,0:00:22.962575,0.014362709922611884,55,57,29,24
201,0.04166876965512832,PRUNED,0:00:06.461229,0.029242268773067383,70,57,29,25
202,0.04815643478007544,PRUNED,0:00:05.640105,0.009691765071535182,36,29,24,52
203,0.004193494719684871,COMPLETE,0:00:31.615923,0.008811635454861019,27,57,33,53
204,0.04636397317828187,PRUNED,0:00:11.069811,0.008319518647073672,24,33,23,53
205,0.003138888313547913,COMPLETE,0:00:25.503024,0.007897750853189662,35,55,24,51
206,0.049125386142106944,PRUNED,0:00:03.863126,0.007904884714895243,55,28,24,53
207,0.003292114661142054,COMPLETE,0:00:20.089933,0.007971964770802703,54,26,26,53
208,0.044634548916679916,PRUNED,0:00:04.662514,0.021851414760390535,62,54,27,51
209,0.057578158779786184,PRUNED,0:00:02.277193,0.01975736707286375,66,54,27,51
210,0.2897076402641051,PRUNED,0:00:01.108201,0.011575977231450372,66,58,33,54
211,0.05027472139303143,PRUNED,0:00:03.246034,0.01965122369297097,67,55,26,55
212,0.3241078144524779,PRUNED,0:00:01.383951,0.004253544380968945,54,50,26,55
213,0.33962566994068,PRUNED,0:00:01.328325,0.004796756216185709,53,30,26,49
214,0.346727363160278,PRUNED,0:00:01.015172,0.008495719342477942,81,30,33,54
215,0.36775735153092276,PRUNED,0:00:00.956731,0.008079054467278036,84,26,31,44
216,0.06043793734415133,PRUNED,0:00:02.171532,0.027141654910864392,71,26,31,44
217,0.05220141588813729,PRUNED,0:00:05.615953,0.027803456635618434,35,29,29,31
218,0.3230291253290115,PRUNED,0:00:00.844935,0.010999819500059077,97,47,32,30
219,0.3350439516511577,PRUNED,0:00:00.791294,0.029280785821920962,111,51,30,28
220,0.3008992982467691,PRUNED,0:00:00.969637,0.016380401241003106,92,49,26,52
221,0.04945627502265975,PRUNED,0:00:05.422037,0.016570608516247236,37,48,27,31
222,0.04383478431996924,PRUNED,0:00:08.010585,0.013472264652512578,35,48,28,31
223,0.04204604446178391,PRUNED,0:00:09.697982,0.013558124909685287,36,28,27,31
224,0.03724434184112463,PRUNED,0:00:07.386600,0.013605043632551848,57,57,29,22
225,0.05135178578549002,PRUNED,0:00:03.724022,0.012090757550433125,58,57,30,22
226,0.05973630321640817,PRUNED,0:00:02.449031,0.012652741231575546,60,59,30,22
227,0.03968049397701351,PRUNED,0:00:07.542385,0.01002920596969951,47,57,28,22
228,0.0025682825438262044,COMPLETE,0:00:25.028757,0.009444441858530848,47,58,28,53
229,0.0026777469448328447,COMPLETE,0:00:24.353535,0.010088646960079491,49,58,28,53
230,0.040642960445829934,PRUNED,0:00:07.699957,0.00899709532262514,49,23,29,53
231,0.04358498661941479,PRUNED,0:00:05.660707,0.009811803439273323,50,23,22,54
232,0.05718545179696269,PRUNED,0:00:03.057174,0.009497887676397442,46,55,22,51
233,0.06000211079448915,PRUNED,0:00:03.115573,0.009333566440774608,48,55,22,51
234,0.03970029536220762,PRUNED,0:00:07.426020,0.007347973353858831,50,37,23,53
235,0.2797685514964826,PRUNED,0:00:01.439007,0.005509904516588071,51,56,23,52
236,0.05752802784459195,PRUNED,0:00:03.645524,0.006641140332472995,43,52,23,53
237,0.0037338495783643794,COMPLETE,0:00:25.019453,0.006656651942448705,42,37,25,49
238,0.06028647273132444,PRUNED,0:00:03.695047,0.007058636207369445,41,58,26,53
239,0.06491756739597472,PRUNED,0:00:04.568350,0.0068093322856747135,30,58,25,50
240,0.003137814158964482,COMPLETE,0:00:31.772508,0.007125539564472888,29,58,25,50
241,0.056791222207248214,PRUNED,0:00:02.591207,0.020355717455105417,63,58,25,49
242,0.04960578335549242,PRUNED,0:00:06.980374,0.01826694937569676,29,28,25,49
243,1.8207886813116856,PRUNED,0:00:01.173177,5.49781140738971e-06,62,28,31,49
244,1.8212059783557104,PRUNED,0:00:01.140567,5.842712981370062e-06,75,27,31,26
245,0.05745736464973122,PRUNED,0:00:02.132509,0.01721663815163016,73,27,24,26
246,0.002854682806497882,COMPLETE,0:00:17.156675,0.017990492452666252,75,27,24,25
247,0.06432526654956912,PRUNED,0:00:02.234255,0.01728235597688962,72,53,24,52
248,0.04838226159650182,PRUNED,0:00:06.817513,0.019146927348482765,30,50,26,24
249,0.043573374880684745,PRUNED,0:00:09.359097,0.014239375304386672,30,60,26,54
250,0.06116892635090951,PRUNED,0:00:02.631644,0.011753192634796513,58,60,26,34
251,0.32510897456465854,PRUNED,0:00:00.903249,0.022332558351982935,103,51,50,41
252,0.06162799353189502,PRUNED,0:00:02.334664,0.014962473485333428,67,31,27,33
253,0.05853814444646745,PRUNED,0:00:03.507808,0.01106937268639127,40,25,27,56
254,0.033500114656161775,PRUNED,0:00:09.670355,0.013466814872935986,55,25,28,27
255,0.04307248136738978,PRUNED,0:00:06.901084,0.011098834754816498,40,59,27,54
256,0.002926829358134831,COMPLETE,0:00:25.720400,0.01134162679006546,42,56,27,54
257,1.607547280845311,PRUNED,0:00:01.874367,9.474287022835721e-05,41,58,28,54
258,0.301292666429004,PRUNED,0:00:01.452052,0.0077203076924571125,55,59,28,54
259,0.004452482149405934,COMPLETE,0:00:32.934375,0.010868928487052204,41,56,28,52
260,0.3178837606736592,PRUNED,0:00:01.436291,0.005564315735137898,54,56,30,52
261,0.05560686399361917,PRUNED,0:00:03.353394,0.011037177029415545,45,29,27,51
262,0.3423867397704872,PRUNED,0:00:01.031815,0.010877722904377546,80,26,32,43
263,0.0584025098547592,PRUNED,0:00:02.099683,0.02463855243947503,80,27,32,50
264,0.056033710984047504,PRUNED,0:00:02.551204,0.022412845553988203,59,27,28,23
265,0.05017082738660036,PRUNED,0:00:06.643085,0.025323340271348988,61,27,29,24
266,0.04091025681959258,PRUNED,0:00:06.241347,0.013504549817400943,60,27,29,20
267,0.0606183543340447,PRUNED,0:00:02.354036,0.034102677697674236,65,21,29,24
268,0.03488970703643854,PRUNED,0:00:08.849306,0.021563257411745026,62,56,29,21
269,0.28599551190932593,PRUNED,0:00:01.234563,0.008929266668536034,63,56,29,25
270,0.0631646203211925,PRUNED,0:00:02.021073,0.03197404483354045,87,21,30,39
271,0.03420617487845999,PRUNED,0:00:09.913012,0.016786470277561773,52,20,42,40
272,0.05844883803061392,PRUNED,0:00:02.915026,0.01555736179949346,50,42,31,42
273,0.44584596909508845,PRUNED,0:00:00.628006,0.01727077284480149,188,26,42,47
274,0.4707755208900659,PRUNED,0:00:00.666432,0.01904749578135882,188,28,42,55
275,0.047294403485358585,PRUNED,0:00:04.281797,0.00919105596431072,52,42,31,53
276,0.319387725857367,PRUNED,0:00:01.146706,0.008883277608399796,76,33,31,52
277,0.05866231780713625,PRUNED,0:00:04.333106,0.004522444538235687,34,58,24,50
278,0.058146980154764404,PRUNED,0:00:04.127671,0.007820879585351785,33,57,24,50
279,0.2655580351060187,PRUNED,0:00:02.172433,0.005708259386623907,35,57,24,50
280,0.0033717160003839054,COMPLETE,0:00:28.329533,0.0051308153856866505,34,57,24,53
281,0.0026638322548127387,COMPLETE,0:00:28.380150,0.00817682713297629,33,58,24,51
282,0.05707270192424599,PRUNED,0:00:04.084921,0.007902025718191444,34,58,26,48
283,0.6186777801140324,PRUNED,0:00:00.578816,0.010913032673910892,209,59,26,51
284,0.03390734756862275,PRUNED,0:00:20.309550,0.011429403471838769,23,20,26,48
285,0.05520147772067355,PRUNED,0:00:05.696483,0.003772919775029448,22,58,26,48
286,0.48708766448783547,PRUNED,0:00:00.745751,0.007401463061388545,130,58,27,51
287,0.058363079875612955,PRUNED,0:00:05.520039,0.0038635421978397595,24,24,37,57
288,0.046763347070072854,PRUNED,0:00:10.138436,0.010994915606369638,25,29,44,58
289,0.047487848859175986,PRUNED,0:00:10.930455,0.010458437744922805,23,29,25,53
290,0.039914423548924084,PRUNED,0:00:07.575240,0.010713635576713943,43,29,36,55
291,0.2544085919504883,PRUNED,0:00:01.462015,0.005905902166582821,47,54,25,55
292,0.039043302954662414,PRUNED,0:00:09.125271,0.010049944937538096,36,29,27,53
293,0.515375147393921,PRUNED,0:00:00.742742,0.010329254401375724,167,22,27,53
294,0.0583511713726653,PRUNED,0:00:03.245338,0.013123241315801363,42,55,25,53
295,0.056628103369858185,PRUNED,0:00:03.435755,0.00835256396308413,38,56,25,53
296,1.2300816077581593,PRUNED,0:00:01.837453,0.0002406987199185675,38,55,32,56
297,0.07124661200054705,PRUNED,0:00:03.642616,0.04501554624037253,37,26,21,54
298,0.05543315511218722,PRUNED,0:00:03.645045,0.008283675234708483,37,28,32,46
299,0.2944479969953247,PRUNED,0:00:01.163906,0.008225539053802485,68,28,27,46
300,0.33970000571075903,PRUNED,0:00:01.158956,0.0060858599380792765,67,28,33,52
301,0.5390972800647156,PRUNED,0:00:00.769521,0.0060372482566949685,120,28,20,54
302,0.28164615951009564,PRUNED,0:00:01.622102,0.0468404299609215,44,25,26,54
303,0.6764527880086386,PRUNED,0:00:00.673794,0.0049079023734400476,157,25,34,54
304,1.3855190727841202,PRUNED,0:00:01.520206,0.04426704323490119,47,22,35,54
305,0.43045261179778116,PRUNED,0:00:00.907903,0.04459241280110217,94,23,58,51
306,0.31888584493489686,PRUNED,0:00:00.916313,0.013807758009255834,93,26,21,51
307,0.2539353485226183,PRUNED,0:00:01.067768,0.014357611901591539,71,26,21,51
308,0.4812563183171862,PRUNED,0:00:01.287297,0.0023982708806121376,56,31,30,45
309,0.04872056771459621,PRUNED,0:00:03.932291,0.013690119614611262,55,31,30,56
310,0.0573361243895558,PRUNED,0:00:02.552361,0.014254954770297236,57,31,30,55
311,0.25532663565267016,PRUNED,0:00:01.194145,0.01425054210329333,70,52,30,55
312,0.0039019663497342097,COMPLETE,0:00:19.541901,0.01522221521478551,55,30,28,52
313,0.40831626068020976,PRUNED,0:00:00.680277,0.01599463425036722,147,52,30,55
314,0.06362977871068788,PRUNED,0:00:04.233265,0.021968092762070297,31,52,24,56
315,0.03574368753649306,PRUNED,0:00:13.994762,0.02020375372263909,29,59,24,49
316,0.056084121118730575,PRUNED,0:00:02.951512,0.022243683026877844,47,30,54,57
317,0.275912273759869,PRUNED,0:00:00.967935,0.022514897071659726,86,30,28,52
318,0.034799586042566055,PRUNED,0:00:12.924400,0.0069556268109328525,31,59,55,50
319,0.0027345213238497514,COMPLETE,0:00:28.097700,0.008266886392148832,31,59,40,50
320,0.042651603563483485,PRUNED,0:00:07.990438,0.006525350144397884,32,57,23,50
321,0.36664017376082003,PRUNED,0:00:00.999995,0.007270190262826426,78,57,27,50
322,0.25780092316763425,PRUNED,0:00:01.490179,0.007000399491557352,50,59,27,43
323,0.03118935924433233,PRUNED,0:00:18.130831,0.00684087884517162,31,59,31,50
324,1.2574083211048255,PRUNED,0:00:02.194337,0.031105576794106648,30,58,31,49
325,1.820872507517851,PRUNED,0:00:00.578699,2.1557031166543606e-05,239,58,24,50
326,0.06690941015879313,PRUNED,0:00:04.819142,0.032081285099554845,28,59,23,49
327,0.0033055641841981103,COMPLETE,0:00:34.918141,0.0099566014135765,27,59,22,37
328,0.4927793953705717,PRUNED,0:00:02.330853,0.0009153994751276999,28,59,23,52
329,0.697603237416063,PRUNED,0:00:00.586478,0.009422102235450414,226,59,32,59
330,0.003558330511186838,COMPLETE,0:00:24.113007,0.011786777871693587,43,60,22,52
331,0.05609199370776754,PRUNED,0:00:03.295771,0.017600717967380157,41,56,25,47
332,0.055249406578354615,PRUNED,0:00:03.592663,0.011392391113251207,41,56,28,52
333,0.5171823621077357,PRUNED,0:00:00.631086,0.01236438950674631,179,32,25,51
334,1.3700555000986372,PRUNED,0:00:01.555137,0.08123410806538159,45,49,28,47
335,0.26162980367586375,PRUNED,0:00:01.151484,0.008931336977897626,65,50,50,42
336,0.6754252340683004,PRUNED,0:00:00.623261,0.009135599682881693,195,53,31,42
337,0.3118339275678818,PRUNED,0:00:01.250980,0.010199048804589649,65,60,26,21
338,0.3179155704300336,PRUNED,0:00:01.019182,0.009395277963091595,77,60,31,48
339,0.29172036917716787,PRUNED,0:00:01.006900,0.011753768256123722,83,60,34,48
340,0.372521965090057,PRUNED,0:00:00.859135,0.012025826138245425,109,21,26,21
341,0.06258447589061689,PRUNED,0:00:02.282775,0.0275819296509268,74,54,33,35
342,0.05656522551270986,PRUNED,0:00:02.186947,0.01833636138803852,73,35,40,41
343,0.35917740848971835,PRUNED,0:00:00.749332,0.018879649489455648,141,40,22,51
344,0.29233875035518603,PRUNED,0:00:00.874467,0.01716853224092465,102,40,32,52
345,0.2671237452581352,PRUNED,0:00:01.115365,0.027905420334088903,73,29,32,53
346,1.2278475772745256,PRUNED,0:00:01.132528,0.0004910919706143278,72,57,25,51
347,0.26268804918474226,PRUNED,0:00:01.535894,0.007653317217759295,47,44,33,29
348,0.0573343063928843,PRUNED,0:00:03.634646,0.006260065777954068,37,54,33,25
349,0.5462958044998412,PRUNED,0:00:03.711135,0.0004642528762214093,18,46,25,54
350,0.2556909081570449,PRUNED,0:00:01.649948,0.006079614351962623,45,58,27,43
351,0.2649125910665787,PRUNED,0:00:01.808539,0.004674950537063244,38,58,29,25
352,0.26542105947984224,PRUNED,0:00:01.853036,0.004722158928534452,40,32,27,54
353,0.2715987655110965,PRUNED,0:00:01.852471,0.004534441544169173,39,46,29,45
354,0.05567583089528637,PRUNED,0:00:06.165617,0.01361130192194931,20,20,26,27
355,0.06058702713077217,PRUNED,0:00:06.394120,0.015584233580227244,19,46,26,40
356,0.24845625980505867,PRUNED,0:00:01.261384,0.0128470910016311,60,22,26,27
357,0.28981597229491834,PRUNED,0:00:00.988640,0.012448901351098045,88,24,30,45
358,0.27891222714608266,PRUNED,0:00:00.945133,0.013000999969163344,89,24,26,51
359,0.28676544492916456,PRUNED,0:00:01.303824,0.009007874713922656,60,30,26,52
360,0.4355219654542835,PRUNED,0:00:00.750422,0.008936702384544188,125,55,23,52
361,0.6152628134028899,PRUNED,0:00:00.915832,0.0030322680472122266,98,55,23,53
362,0.30300632092155944,PRUNED,0:00:00.867759,0.016336975429105408,98,20,24,49
363,0.05799816084641313,PRUNED,0:00:05.415322,0.015959668008016223,25,29,28,49
364,0.0480852424036808,PRUNED,0:00:04.397102,0.023977152027930954,49,27,28,49
365,0.2400533115325591,PRUNED,0:00:01.453658,0.024661088263932228,51,51,28,38
366,0.3180639948471483,PRUNED,0:00:00.786214,0.015574612906422832,114,38,31,37
367,0.047780343141682724,PRUNED,0:00:07.585897,0.011031582835707862,25,27,48,54
368,0.27217203826248215,PRUNED,0:00:01.110224,0.009789289722237846,68,27,22,40
369,0.07404520185587328,PRUNED,0:00:04.938424,0.03530684959954449,26,34,35,60
370,0.35129753492407867,PRUNED,0:00:01.145530,0.0350986823325869,66,58,38,49
371,0.7091758087069004,PRUNED,0:00:01.204132,0.0013631939494950594,66,57,44,50
372,1.5750731526163326,PRUNED,0:00:02.423916,6.536379695641101e-05,26,57,51,49
373,1.8091889963987982,PRUNED,0:00:00.985416,4.829936626555554e-05,79,57,47,50
374,0.7268510193660341,PRUNED,0:00:00.609232,0.007670755549427794,218,57,39,50
375,0.06151077389072932,PRUNED,0:00:10.412024,0.011295768463417628,12,60,47,47
376,1.434253838705638,PRUNED,0:00:01.265963,0.06501869547225214,60,58,24,51
377,0.2663023599772714,PRUNED,0:00:01.156875,0.011138076657646588,59,58,24,51
378,0.05862147466112406,PRUNED,0:00:03.083493,0.011223404828358537,44,31,25,51
379,0.04319197256721074,PRUNED,0:00:07.975195,0.010593826451705389,34,31,25,51
380,0.24693356951524456,PRUNED,0:00:01.869306,0.0053858606537450105,34,43,27,56
381,0.003295175259625252,COMPLETE,0:00:51.590586,0.005629501397350502,13,60,27,48
382,0.003191842016911918,COMPLETE,0:01:01.453469,0.005521266521691869,11,31,29,56
383,1.8184931767987205,PRUNED,0:00:05.163353,3.0193391937776506e-06,11,59,46,48
384,0.04637601046974337,PRUNED,0:00:05.323565,0.020733336603353865,52,23,40,48
385,0.29460953159955633,PRUNED,0:00:01.382090,0.007472107004851068,51,23,29,58
386,0.04305406138568902,PRUNED,0:00:07.833922,0.019026441296659122,34,49,41,48
387,0.30350332973258837,PRUNED,0:00:00.983205,0.019075374223291572,82,60,25,55
388,0.06835422834394861,PRUNED,0:00:03.963812,0.023196259214703883,34,56,30,44
389,0.0030826871683928107,COMPLETE,0:00:20.612098,0.02088443692763681,54,56,40,59
390,0.4961845945421751,PRUNED,0:00:00.558493,0.019324063058572413,246,60,30,41
391,0.24737134265402952,PRUNED,0:00:01.507752,0.007978029788222901,47,56,30,47
392,0.47888367045933095,PRUNED,0:00:00.727568,0.008259142029155857,133,56,27,57
393,0.2452652130701971,PRUNED,0:00:01.650272,0.0061739437541391134,46,56,27,43
394,0.25330435403978446,PRUNED,0:00:01.526242,0.006172093865712329,46,21,34,53
395,0.34190339781975343,PRUNED,0:00:01.157755,0.005563835155592296,64,21,27,44
396,0.27558490476113257,PRUNED,0:00:01.244134,0.02770379655490474,64,21,29,44
397,0.28797996718405694,PRUNED,0:00:01.835093,0.003720665780947582,39,32,29,59
398,0.05768645924629925,PRUNED,0:00:03.770054,0.015561623177075087,34,30,29,50
399,0.05770296575887316,PRUNED,0:00:02.686674,0.015065744267816721,56,53,60,30
400,0.03349068921235715,PRUNED,0:00:07.478807,0.014991891635363836,56,53,36,55
401,0.05936446857038651,PRUNED,0:00:03.300845,0.015315663632998903,41,30,24,55
402,0.2646421158256439,PRUNED,0:00:01.270362,0.014837363325686076,56,30,28,55
403,0.2970127840764331,PRUNED,0:00:01.118291,0.008579667102758549,69,53,32,50
404,0.322488071812357,PRUNED,0:00:01.217088,0.00782338136492423,68,36,57,53
405,1.8192634873820426,PRUNED,0:00:01.081388,1.333235877789114e-05,71,50,25,23
406,0.3289058972604391,PRUNED,0:00:00.998742,0.008295154707309012,77,58,24,23
407,0.37600005429499506,PRUNED,0:00:00.990710,0.00885471306204724,83,50,37,23
408,0.3471161036378583,PRUNED,0:00:00.836737,0.012207941530377563,107,50,26,23
409,0.43534861314296724,PRUNED,0:00:00.674044,0.012764521416842485,152,28,20,46
410,0.3071760226692587,PRUNED,0:00:00.948029,0.012243237367153848,85,29,27,52
411,0.34664860732134495,PRUNED,0:00:00.952846,0.009402511159627147,83,59,37,52
412,0.3391538970172405,PRUNED,0:00:00.887951,0.010244981185180602,93,58,28,42
413,0.26500243661039086,PRUNED,0:00:00.933167,0.0230883916883101,92,33,28,52
414,0.2443770424595901,PRUNED,0:00:01.181017,0.026187890786530263,60,58,26,42
415,0.05928217055219592,PRUNED,0:00:02.803941,0.02621085279793825,52,33,23,26
416,0.23265672269321624,PRUNED,0:00:01.220780,0.022224094785204256,60,51,31,26
417,0.28415662812751513,PRUNED,0:00:01.429081,0.006737501461342027,52,28,26,39
418,0.29697617394824,PRUNED,0:00:01.386945,0.007058937060005812,52,59,31,26
419,0.2536370509651379,PRUNED,0:00:01.754421,0.006338489315825468,40,47,23,54
420,0.2627166763933237,PRUNED,0:00:01.804974,0.005103277947775205,39,22,23,56
421,0.27269904287058416,PRUNED,0:00:01.690910,0.03649712696861538,40,32,23,54
422,0.8639538855321945,PRUNED,0:00:00.627300,0.005010166206139311,205,29,23,54
423,0.28691933569678685,PRUNED,0:00:01.687519,0.005214117069986146,43,25,25,53
424,0.05626613911146582,PRUNED,0:00:03.243073,0.019557005228401272,40,57,33,51
425,0.05518087860969042,PRUNED,0:00:03.053665,0.017797854380696823,43,57,30,41
426,0.4743718561959696,PRUNED,0:00:00.772890,0.01854432308390363,171,57,30,50
427,0.05100538326528272,PRUNED,0:00:06.113104,0.018915057898975404,31,57,30,51
428,0.00256786575949034,COMPLETE,0:00:27.725061,0.013168271990187984,29,25,25,33
429,0.7018153277181444,PRUNED,0:00:00.551825,0.009862981204327848,226,31,32,51
430,0.037734056335119975,PRUNED,0:00:11.237594,0.01286505009826941,30,55,27,33
431,0.06090041443407993,PRUNED,0:00:04.248800,0.013119966673446554,29,55,27,49
432,0.05614643275577535,PRUNED,0:00:04.418062,0.012952766587765273,29,59,27,33
433,0.38076107405080384,PRUNED,0:00:00.730169,0.013432451059356958,116,29,27,49
434,0.3287970419388172,PRUNED,0:00:00.954037,0.009891414486289827,78,28,32,53
435,0.28709691606462,PRUNED,0:00:01.224200,0.009700920786095201,63,41,25,53
436,0.2613106919036493,PRUNED,0:00:01.163687,0.010013615329665547,65,28,25,28
437,0.47496384513728757,PRUNED,0:00:00.854201,0.009783061816256478,139,54,29,58
438,0.48989195011708203,PRUNED,0:00:00.742069,0.008285251842995126,129,45,42,60
439,0.043803143087978384,PRUNED,0:00:05.912967,0.015851115313498105,47,56,39,59
440,0.5600077587165939,PRUNED,0:00:00.784782,0.007342803500907195,141,55,40,58
441,0.32722960149855923,PRUNED,0:00:00.796625,0.01705139591929191,136,55,40,20
442,0.38881676121981756,PRUNED,0:00:00.744242,0.016848417311456892,144,58,39,59
443,0.04655910416511056,PRUNED,0:00:04.221410,0.01554269025607366,49,39,39,57
444,0.2305303558398405,PRUNED,0:00:01.423297,0.013478264456710078,49,56,41,59
445,0.04822268609316821,PRUNED,0:00:04.162079,0.01296523603051136,48,56,39,60
446,0.23400112091148473,PRUNED,0:00:01.338052,0.011761559658088117,57,26,38,59
447,1.4614149200432192,PRUNED,0:00:01.501305,0.00016036722316227424,48,22,41,58
448,0.45303835716913454,PRUNED,0:00:01.099126,0.0036107441873009017,74,58,28,60
449,0.36262496818607753,PRUNED,0:00:01.059229,0.007130801350131058,72,58,28,58
450,0.36884217120584895,PRUNED,0:00:01.184496,0.0039053325104373197,62,20,28,52
451,0.30369678157892893,PRUNED,0:00:01.243760,0.007438624269955027,71,24,28,56
452,0.0035819739817206328,COMPLETE,0:00:38.335508,0.0068662512695646,21,34,29,57
453,0.05586894576400866,PRUNED,0:00:05.658828,0.007353755654953749,22,59,29,56
454,0.047218867534194096,PRUNED,0:00:08.256208,0.007994954949762795,22,59,43,29
455,0.05463191129076641,PRUNED,0:00:05.341780,0.023949271577661583,23,60,43,29
456,0.3101735841220533,PRUNED,0:00:00.841643,0.022300409623311826,133,60,53,43
457,1.822053120437875,PRUNED,0:00:01.309055,1.0150937641931422e-06,57,59,43,55
458,0.26125016393208944,PRUNED,0:00:01.984566,0.02741427118815393,35,34,31,53
459,0.0330423538938778,PRUNED,0:00:27.487534,0.010866833482791043,21,57,29,54
460,0.05529393908168588,PRUNED,0:00:02.621399,0.010876263477357815,54,57,32,53
461,0.04201406772183471,PRUNED,0:00:05.007859,0.010612880316507674,55,48,26,54
462,0.24187380981626108,PRUNED,0:00:01.824473,0.0060525213868941954,37,52,31,54
463,0.04776772476377941,PRUNED,0:00:05.363312,0.020272163221699138,36,32,20,52
464,0.05580142185849658,PRUNED,0:00:02.262347,0.019214791839868003,64,23,30,52
465,0.058540267037848634,PRUNED,0:00:02.278249,0.017003601261098577,63,23,20,41
466,0.28919914190439466,PRUNED,0:00:01.135713,0.015198052604612529,67,22,34,51
467,0.4318709445548502,PRUNED,0:00:01.553287,0.0018763338131821707,44,37,33,51
468,0.3039921415049014,PRUNED,0:00:01.560321,0.031962893591712206,43,58,29,52
469,0.28972781440004325,PRUNED,0:00:01.527309,0.008803924010545585,44,54,29,40
470,0.057517069660253446,PRUNED,0:00:04.070330,0.008920727072421223,32,26,24,21
471,0.034119033587615304,PRUNED,0:00:22.447866,0.00937954599023199,18,25,24,39
472,0.056107592422653126,PRUNED,0:00:04.511598,0.008972423849766337,28,24,24,40
473,0.060344841508638294,PRUNED,0:00:04.057767,0.010905255557265403,31,26,24,50
474,0.043616047092332626,PRUNED,0:00:08.079053,0.011741962078731032,31,24,24,42
475,0.06574676625706531,PRUNED,0:00:04.486683,0.011609771573046011,28,24,26,50
476,0.046987768000930796,PRUNED,0:00:07.023626,0.011976051894358762,26,24,26,35
477,0.23669530745828524,PRUNED,0:00:01.200352,0.012541996463159703,59,27,26,46
478,0.05664187095703894,PRUNED,0:00:07.016535,0.013001345035236374,17,26,25,57
479,0.06196051586951528,PRUNED,0:00:03.591316,0.013355380283738817,36,26,25,57
480,0.0546685390572132,PRUNED,0:00:06.610108,0.006500722143022231,18,25,25,54
481,0.03302350845898233,PRUNED,0:00:18.200515,0.007132386335527973,20,25,26,36
482,0.27790416163556714,PRUNED,0:00:01.334933,0.006167943183021069,53,27,25,53
483,0.0026530080452975362,COMPLETE,0:00:37.826008,0.008236241271713149,19,25,21,32
484,0.25274617851490067,PRUNED,0:00:01.861390,0.004473345936206068,36,57,26,25
485,0.04879957149685988,PRUNED,0:00:05.380241,0.007799631140121321,38,56,26,25
486,0.5905825922382064,PRUNED,0:00:00.670922,0.007382066589521058,148,25,27,54
487,0.3190385535576918,PRUNED,0:00:01.186897,0.009001425062069463,69,56,21,55
488,0.05742838814621791,PRUNED,0:00:02.347726,0.016488845845968554,59,25,25,47
489,0.3891584166900488,PRUNED,0:00:01.459460,0.0026426790192764817,51,25,45,53
490,0.42627119781967693,PRUNED,0:00:01.367508,0.002580500174297777,52,49,35,39
491,0.05515231292229146,PRUNED,0:00:02.343752,0.015543170052048671,59,49,49,51
492,0.2324386546970345,PRUNED,0:00:01.288796,0.014837015588176678,59,49,27,50
493,0.04848736218720222,PRUNED,0:00:04.620213,0.014667873981787533,41,51,22,50
494,0.055787197234375134,PRUNED,0:00:02.899363,0.014635625458651262,45,47,49,51
495,0.05481276022172735,PRUNED,0:00:03.228599,0.020324610688698178,43,27,28,51
496,0.32115927520429804,PRUNED,0:00:01.021938,0.009569763594596516,75,51,40,45
497,0.03174623485565895,PRUNED,0:00:10.402550,0.02042773144291429,45,55,28,52
498,0.746197204216052,PRUNED,0:00:01.613247,0.0006540306304438333,40,22,28,49
499,0.7445571139549553,PRUNED,0:00:01.584842,0.0006997469034311153,40,30,22,52
500,0.058629055586269775,PRUNED,0:00:03.413971,0.022278233042315444,41,27,41,52
501,1.344009724900996,PRUNED,0:00:01.806563,0.09952857106530354,38,21,26,32
502,0.06365901881086451,PRUNED,0:00:03.955915,0.02341070510448996,33,43,27,52
503,0.06254600547254086,PRUNED,0:00:03.893575,0.01974875531517142,34,30,27,52
504,0.054514712253111906,PRUNED,0:00:03.900000,0.019844547297078192,32,58,26,48
505,0.06615811583123632,PRUNED,0:00:04.244319,0.02568111341728101,33,55,58,52
506,0.2780235702131721,PRUNED,0:00:01.206591,0.010190267253475818,68,31,27,24
507,0.2788646182322756,PRUNED,0:00:01.120277,0.01036923914122765,67,55,31,41
508,1.4769759280403165,PRUNED,0:00:01.094088,0.00022929286573904436,69,55,30,41
509,0.2654952497263135,PRUNED,0:00:01.271463,0.010750185130887307,65,55,30,43
510,0.4594965306811096,PRUNED,0:00:01.151404,0.004746844769421363,78,57,30,41
511,0.0033659652054437595,COMPLETE,0:00:30.383552,0.00873723296612854,25,36,36,55
512,0.4029689075016394,PRUNED,0:00:01.022810,0.005798889219524666,77,57,34,55
513,0.282920932078763,PRUNED,0:00:01.483679,0.007797667498540711,49,28,38,53
514,0.284616340755433,PRUNED,0:00:01.406936,0.007627627928321316,48,28,59,22
515,0.25462254958101815,PRUNED,0:00:01.472114,0.008276467290023536,49,28,25,55
516,0.23342170946733662,PRUNED,0:00:01.448849,0.008471844317571664,50,32,25,53
517,0.22636052011628055,PRUNED,0:00:01.433034,0.007971812042889891,47,32,24,53
518,0.05529343923266862,PRUNED,0:00:02.493388,0.012187551137554424,53,23,36,53
519,0.2241135282810171,PRUNED,0:00:01.348345,0.012745654955804988,55,53,25,47
520,1.3540055836098535,PRUNED,0:00:02.508975,0.00011868362952345722,27,58,28,53
521,0.04969466031189003,PRUNED,0:00:07.370345,0.012915295371613377,25,36,28,44
522,0.23272347017083056,PRUNED,0:00:01.354022,0.013199626899839037,55,20,32,49
523,0.046079109404236075,PRUNED,0:00:07.183082,0.016127591581514788,27,20,32,49
524,0.03329302014588383,PRUNED,0:00:25.122445,0.014574274794204298,25,58,31,49
525,0.03026231729410707,PRUNED,0:00:22.157755,0.01569229204467027,25,35,28,43
526,0.24610414413675186,PRUNED,0:00:01.143179,0.016373889474744698,61,58,28,42
527,0.05705714812527921,PRUNED,0:00:04.923328,0.015410405481929167,26,56,23,42
528,0.32631882164921416,PRUNED,0:00:00.736767,0.028474763307119174,125,56,23,50
529,0.3646311667878818,PRUNED,0:00:00.989345,0.005643984570211025,72,31,31,44
530,0.003200083317763231,COMPLETE,0:00:17.300213,0.01736192959858222,63,57,33,28
531,0.04320711198770417,PRUNED,0:00:10.544934,0.010390780009924343,25,57,26,27
532,0.2764263642005256,PRUNED,0:00:01.198763,0.009976590658633728,62,29,24,54
533,0.26598400194513594,PRUNED,0:00:01.228321,0.010194682352463047,64,54,26,60
534,0.0464077010302356,PRUNED,0:00:05.638645,0.010334889831047129,35,57,26,20
535,0.0805414529854343,PRUNED,0:00:03.764578,0.03440370246024577,36,57,27,20
536,0.31523116840700427,PRUNED,0:00:01.313383,0.006431128589430035,57,39,55,54
537,0.24896945068276072,PRUNED,0:00:01.046483,0.017655004069692344,76,58,31,27
538,0.4222408499917947,PRUNED,0:00:01.056054,0.004046218851850903,74,27,30,27
539,0.934898153908791,PRUNED,0:00:00.973483,0.001113197106896978,87,22,21,51
540,0.2840512784875252,PRUNED,0:00:00.928994,0.012940145501871197,86,22,21,51
541,0.5123952887680409,PRUNED,0:00:00.693700,0.008835976396227222,138,52,33,30
542,0.228497087946989,PRUNED,0:00:01.626183,0.009267350770617187,43,45,29,56
543,0.05712797012594011,PRUNED,0:00:04.208104,0.017558313218305577,30,29,29,59
544,0.25530602289732796,PRUNED,0:00:01.635310,0.005921109951474206,44,59,29,37
545,0.05485544208749175,PRUNED,0:00:04.202085,0.01768578874726188,31,26,40,48
546,0.05636305405111442,PRUNED,0:00:04.495996,0.017974351666335445,31,26,27,46
547,0.036027794408596756,PRUNED,0:00:13.511986,0.004577676089085436,22,26,22,28
548,0.04611168799910627,PRUNED,0:00:09.375261,0.005419895066184217,19,26,20,29
549,0.002580233720813722,COMPLETE,0:00:43.961048,0.005171059507004594,15,26,20,31
550,0.04585514916896315,PRUNED,0:00:09.544913,0.005092031798493643,20,58,20,34
551,0.0031156265951176707,COMPLETE,0:01:25.514421,0.004559773186180953,7,23,20,31
552,0.0508180652181243,PRUNED,0:00:34.055348,0.006654432205876849,5,24,20,50
553,0.24603068321883317,PRUNED,0:00:01.728621,0.006635408102249638,38,24,21,55
554,0.0028390425858196445,COMPLETE,0:00:38.303636,0.004711415448622558,18,24,20,24
555,0.0026266424330007978,COMPLETE,0:00:39.263512,0.004433803416818089,18,23,21,32
556,0.33364359207781324,PRUNED,0:00:10.042833,0.029659666601392194,11,23,20,34
557,0.0902077095808145,PRUNED,0:00:08.407770,0.02822314577773685,14,25,22,32
558,0.1318575026093138,PRUNED,0:00:07.334159,0.02490550424948007,15,24,24,30
559,0.06894035315530662,PRUNED,0:00:18.764044,0.011978588129882704,6,24,20,50
560,0.04996158001744304,PRUNED,0:00:45.480541,0.00705164150507688,6,25,20,58
561,1.8219604668922202,PRUNED,0:00:01.144719,1.9625455898734184e-06,55,23,23,31
562,0.05384548691701207,PRUNED,0:00:13.188409,0.0069129207869949956,8,27,52,35
563,0.23760065748369327,PRUNED,0:00:01.374320,0.011688430468077946,53,42,20,25
564,0.26842807550515446,PRUNED,0:00:01.840412,0.003468153363068405,36,25,21,50
565,0.05759501266827286,PRUNED,0:00:03.612539,0.01174073529888901,38,25,21,24
566,0.257030632252258,PRUNED,0:00:01.258407,0.011610223390361404,60,25,25,45
567,0.3145671172788108,PRUNED,0:00:01.162500,0.008476631930297254,69,27,27,58
568,0.3033275407786569,PRUNED,0:00:01.064348,0.008128309043724897,69,27,22,58
569,0.23708123108258794,PRUNED,0:00:01.659003,0.008816989052870775,46,21,46,24
570,0.046269734016191354,PRUNED,0:00:04.316817,0.012416863270122374,46,56,24,40
571,0.05436302970779772,PRUNED,0:00:03.060395,0.013478542128691798,47,48,25,38
572,0.04401538790155935,PRUNED,0:00:05.610341,0.021421230269279497,51,56,24,38
573,0.2880212692598972,PRUNED,0:00:01.298966,0.006533093413291401,56,56,24,56
574,0.3792731885585081,PRUNED,0:00:01.317866,0.05506173855722325,57,50,41,22
575,0.045390020626892257,PRUNED,0:00:11.445483,0.003928702648422764,15,26,20,33
576,0.3945671184141128,PRUNED,0:00:01.241720,0.004255327170300608,62,27,21,33
577,0.5911170316362349,PRUNED,0:00:04.455650,0.0003132122842397117,13,26,21,29
578,0.0032732321126817273,COMPLETE,0:00:50.884456,0.00310524007596684,13,24,21,22
579,0.062033235037350795,PRUNED,0:00:06.367784,0.003857654235152609,19,23,20,32
580,0.00350337744878076,COMPLETE,0:00:53.403186,0.003452738392614809,13,24,20,30
581,0.05917279313614075,PRUNED,0:00:13.384694,0.005514859962352117,9,23,20,32
582,0.002709592931432088,COMPLETE,0:00:44.894109,0.004357527080725696,15,24,20,32
583,0.053812785386660344,PRUNED,0:00:07.542082,0.0030157871557596697,16,24,20,33
584,0.05718139208536291,PRUNED,0:00:10.239436,0.004953203696228039,11,23,21,31
585,0.003860162463217128,COMPLETE,0:01:12.081709,0.0025827116860474802,9,24,21,33
586,0.0032342609862976487,COMPLETE,0:01:02.545255,0.004319599675416364,10,23,20,31
587,0.0031254481343989697,COMPLETE,0:00:53.923447,0.0032138442088634187,12,25,21,31
588,0.0028175737785387667,COMPLETE,0:00:39.257857,0.005056304766350201,17,24,21,32
589,0.0028962220049499362,COMPLETE,0:00:47.283958,0.0032355069694686425,14,24,44,26
590,0.05313377866275178,PRUNED,0:00:08.627169,0.005211226502091186,13,24,21,32
591,0.2465072470029415,PRUNED,0:00:03.207831,0.002039027070159496,19,24,22,21
592,0.002645278283229516,COMPLETE,0:00:52.976924,0.004127880439932489,12,25,21,30
593,0.03964584310649389,PRUNED,0:00:18.172248,0.0026559585476813056,13,22,21,32
594,0.0028851603090583066,COMPLETE,0:00:47.039622,0.004195253130082,15,22,21,33
595,0.0040935076045098715,COMPLETE,0:00:42.139545,0.003985509723145722,17,25,20,31
596,0.03548561508551567,PRUNED,0:00:16.844003,0.004250335442190494,18,25,21,32
597,0.03340876348590161,PRUNED,0:00:46.406796,0.0042924692678933075,7,25,21,33
598,0.05315800211304287,PRUNED,0:00:05.780545,0.003927346296382294,21,23,22,34
599,0.05614748968450504,PRUNED,0:00:26.925720,0.004834610359828215,4,25,21,32
600,0.059903609349693715,PRUNED,0:00:28.131978,0.00491667788770255,4,26,22,35
601,0.0029915965921334955,COMPLETE,0:00:43.650293,0.005935090907668024,16,25,22,33
602,0.05505855703031865,PRUNED,0:00:07.399616,0.003507101419644439,16,25,22,33
603,0.002764170078366977,COMPLETE,0:01:38.204549,0.004552255657859259,6,22,21,26
604,0.055647623362117316,PRUNED,0:00:06.307152,0.00307272766102481,18,23,21,30
605,0.002654773205596333,COMPLETE,0:02:17.018843,0.0033525578340034582,4,22,21,26
606,0.0027743725805957128,COMPLETE,0:02:18.208612,0.002543454114994844,4,22,22,30
607,0.002513483556574642,COMPLETE,0:01:49.026612,0.0030255081640187392,5,22,22,32
608,0.039702865645936614,PRUNED,0:00:27.738846,0.003148570688020391,8,22,22,33
609,0.05579281012457507,PRUNED,0:00:12.830477,0.001924034234748303,9,21,22,31
610,0.02769182781401113,PRUNED,0:00:37.750371,0.003102825636336547,15,22,22,31
611,0.05403561666787451,PRUNED,0:00:09.005766,0.0021927177616461214,13,22,20,34
612,0.003406097090421336,COMPLETE,0:00:44.779265,0.003502858549666674,17,24,22,33
613,0.04403609173805871,PRUNED,0:00:12.390484,0.002890481839503343,15,23,22,32
614,0.053504205602457965,PRUNED,0:00:07.447574,0.0033669927035236886,16,24,21,32
615,0.057166014248915986,PRUNED,0:00:06.961074,0.005055302940128881,17,22,22,32
616,0.05798973475377691,PRUNED,0:00:06.319054,0.005061414575115716,20,24,20,31
617,0.217755016548615,PRUNED,0:00:02.857413,0.0039090865559768245,21,24,20,34
618,0.05749940741175817,PRUNED,0:00:11.179171,0.005359154246190455,10,26,21,33
619,0.0027470613479536523,COMPLETE,0:01:09.311552,0.005350065569733811,9,26,21,33
620,0.0032898071467376343,COMPLETE,0:01:04.861826,0.005357114856534511,9,26,44,33
621,0.04579845056012344,PRUNED,0:00:18.186204,0.0016380005654312879,9,23,20,30
622,0.0036387851382151974,COMPLETE,0:02:23.175270,0.0023667626058509485,4,25,20,34
623,0.0558767599096155,PRUNED,0:00:05.587270,0.005579790385039098,21,25,44,32
624,0.0029930864788286354,COMPLETE,0:02:17.581484,0.004143614202043682,4,21,21,33
625,0.053149673598423854,PRUNED,0:00:13.313367,0.004048123979258216,8,21,21,25
626,0.0026465017210766275,COMPLETE,0:02:17.268074,0.0022205993230641112,4,20,20,26
627,0.0030306953432577355,COMPLETE,0:02:12.563816,0.002512504281692202,4,21,21,26
628,0.0028594289637285607,COMPLETE,0:01:33.552723,0.0029069344748779025,6,22,21,30
629,0.053379343783135635,PRUNED,0:00:22.464901,0.00224309566713154,5,21,21,25
630,0.003149183243969512,COMPLETE,0:01:35.456873,0.002429411602350274,6,21,21,25
631,0.0027128565858017214,COMPLETE,0:01:33.329723,0.0024129548299506812,6,21,21,30
632,0.032321533840583824,PRUNED,0:01:21.825596,0.0027206203883293287,4,21,22,30
633,0.002686989538497535,COMPLETE,0:02:14.752499,0.0026574472650279088,4,21,21,30
634,0.23399031521531485,PRUNED,0:00:07.019567,0.0017365713417936504,8,21,22,30
635,0.05299050682055594,PRUNED,0:00:18.272018,0.0013274393248309997,6,20,22,29
636,0.2876476660241756,PRUNED,0:00:09.274831,0.0036754458003765453,6,22,22,30
637,0.05812809984071449,PRUNED,0:00:22.765283,0.0029964416666395884,5,20,23,29
638,0.05327661555473519,PRUNED,0:00:11.797849,0.0026979086245671738,10,20,20,29
639,0.05241086241074931,PRUNED,0:00:10.239725,0.002570168749829037,11,20,23,29
640,0.05692934300120928,PRUNED,0:00:10.268319,0.0024619019443245173,11,22,23,29
641,0.0025264291298026918,COMPLETE,0:02:19.660313,0.0025064177199743964,4,20,20,31
642,0.20375438913755067,PRUNED,0:00:05.181975,0.0015724041655981657,11,20,20,26
643,0.0025808794151929216,COMPLETE,0:02:15.516657,0.0016025005278806782,4,20,20,26
644,0.19616551685809963,PRUNED,0:00:05.700104,0.0014723032258733356,10,20,20,26
645,0.003129192130083366,COMPLETE,0:01:58.034980,0.0017883184878796615,5,20,20,31
646,0.20422210377621483,PRUNED,0:00:05.042851,0.0015994515296487905,11,20,20,28
647,0.0024717238909456136,COMPLETE,0:02:16.717315,0.002200393293972043,4,22,20,31
648,0.05165180517567792,PRUNED,0:00:27.679533,0.0015189394013499216,4,21,20,31
649,0.05465519601965852,PRUNED,0:00:09.098439,0.0022634578378520234,12,22,20,31
650,0.004378934353087663,COMPLETE,0:02:13.996217,0.0021411616930225763,4,21,21,31
651,0.03825025777238761,PRUNED,0:00:41.580111,0.002039227788100604,5,21,21,31
652,0.0034382222726422537,COMPLETE,0:01:03.649048,0.003465099408038972,10,23,21,27
653,0.002616408179648345,COMPLETE,0:02:14.949482,0.0035212401848479097,4,23,22,27
654,0.05192536704916865,PRUNED,0:00:07.897491,0.0034615686924934614,15,23,22,32
655,0.003842424592236961,COMPLETE,0:02:23.087922,0.0021329512576945,4,22,21,26
656,0.05407121393973259,PRUNED,0:00:25.651097,0.004188944661928315,4,22,21,30
657,0.051848564335839946,PRUNED,0:00:27.199701,0.003345446821219518,4,21,21,30
658,0.052995413297467195,PRUNED,0:00:25.416199,0.0035091256178854066,4,21,21,32
659,0.051395970002562595,PRUNED,0:00:20.856397,0.001934329040577701,5,21,21,27
660,0.05708512419690906,PRUNED,0:00:12.110058,0.002099718397646993,9,20,22,28
661,0.20334664498992516,PRUNED,0:00:05.598768,0.0017758492101920319,10,20,20,30
662,0.05382953166036465,PRUNED,0:00:25.519780,0.0010370866247305145,4,21,20,28
663,0.052121079580719806,PRUNED,0:00:26.189820,0.001010627060948483,4,20,22,28
664,0.002731182834428107,COMPLETE,0:02:24.642105,0.001287162822946611,4,20,22,28
665,0.23597690875635788,PRUNED,0:00:06.025142,0.0010730455122149984,9,20,20,31
666,0.22967174008757002,PRUNED,0:00:05.484145,0.0011550394674746127,10,20,20,28
667,0.0027645095257228616,COMPLETE,0:02:17.933985,0.0025884692192315066,4,21,20,30
668,0.0025305655785703173,COMPLETE,0:02:14.515264,0.002255770582432256,4,20,20,28
669,0.1932517840927828,PRUNED,0:00:04.601565,0.0021926944809269495,12,22,22,31
670,0.051681207720893664,PRUNED,0:00:09.916802,0.0026040691723139423,11,21,20,30
671,0.003524104652643171,COMPLETE,0:00:58.991057,0.002662027519441145,10,20,22,31
672,0.2069779837886505,PRUNED,0:00:04.646973,0.002279307585070474,12,21,20,30
673,0.05524247404978131,PRUNED,0:00:08.426769,0.0027878781597796497,13,22,21,32
674,0.2022227154219902,PRUNED,0:00:05.556792,0.0013971346007844133,10,22,21,32
675,0.0026078073458949335,COMPLETE,0:02:17.143009,0.0028847446792717737,4,22,22,31
676,0.05477259318517932,PRUNED,0:00:12.857121,0.0018153090930666826,8,20,22,31
677,0.058138653581821714,PRUNED,0:00:12.336617,0.001987598454967238,9,20,23,27
678,0.0031462813240563975,COMPLETE,0:00:45.818505,0.00307226993698247,14,20,23,26
679,0.003316329009574116,COMPLETE,0:00:53.917566,0.002877739385466647,12,21,21,26
680,0.22516474059862074,PRUNED,0:00:03.617237,0.0031985999304735696,15,21,20,26
681,0.19219768713979232,PRUNED,0:00:03.685444,0.0031067636664578635,15,23,21,26
682,0.031206832505947302,PRUNED,0:01:15.185375,0.004093912470765202,4,22,20,27
683,0.03561788289611368,PRUNED,0:01:03.342833,0.003950004476681221,4,22,21,29
684,0.0025332132993853415,COMPLETE,0:01:16.060483,0.0038712759697193365,8,22,20,27
685,0.21285307038993936,PRUNED,0:00:02.817131,0.004141257300841734,21,23,20,27
686,0.043821067527092784,PRUNED,0:00:17.637447,0.0037994073248373375,9,22,20,27
687,0.03294535834844709,PRUNED,0:01:29.702953,0.004017260867760599,4,22,22,32
688,0.05310413999584201,PRUNED,0:00:12.012900,0.0015601775491312876,9,20,20,29
689,0.03441749175584291,PRUNED,0:00:34.902236,0.001655986353538217,8,20,22,28
690,0.055481054920574494,PRUNED,0:00:26.057447,0.001449691846207915,4,20,22,28
691,0.0035893806849279872,COMPLETE,0:02:14.491248,0.0017475795046456373,4,21,22,28
692,0.003258582304622827,COMPLETE,0:02:13.064713,0.001296718326749017,4,20,23,28
693,0.23999971434817227,PRUNED,0:00:03.575926,0.0017074606283343488,15,20,23,28
694,0.21196659277607607,PRUNED,0:00:05.143789,0.0015306764267791653,10,20,22,28
695,0.19956165245276386,PRUNED,0:00:03.339906,0.0024801268947881564,16,21,22,29
696,0.05539756435916715,PRUNED,0:00:25.791678,0.0021895913124642314,4,21,23,29
697,0.2182448559320096,PRUNED,0:00:03.788321,0.0019456161682341881,15,21,22,29
698,0.05424619429989699,PRUNED,0:00:25.528697,0.001900288753613825,4,21,23,29
699,0.20183410861034895,PRUNED,0:00:06.327001,0.0013445180336447626,9,23,23,29
700,0.054651364453198494,PRUNED,0:00:26.447448,0.0021608602120164423,4,23,23,27
701,0.052557531670430604,PRUNED,0:00:27.503174,0.0008854682476614176,4,23,23,27
702,0.26477896512705335,PRUNED,0:00:06.428792,0.0007930176457026129,9,23,20,27
703,0.2609380060010172,PRUNED,0:00:04.166499,0.0022898673887164394,14,21,21,27
704,0.0027610964043039785,COMPLETE,0:02:16.323602,0.0022074186788282662,4,22,20,30
705,0.20189278109898887,PRUNED,0:00:02.965475,0.0031326271509955444,20,22,20,30
706,0.20648541499295045,PRUNED,0:00:03.275830,0.002969897513990089,18,22,20,31
707,0.2488269906968248,PRUNED,0:00:04.337303,0.0012253877616922354,13,23,21,31
708,0.2255887856406894,PRUNED,0:00:05.744104,0.0021772693746290772,9,21,21,27
709,0.0029047919356560295,COMPLETE,0:00:53.822158,0.002795884225034198,12,23,21,32
710,0.05498335654319071,PRUNED,0:00:11.816292,0.002848016022137059,9,21,21,32
711,0.05444884470415349,PRUNED,0:00:11.528280,0.0025073128917914617,10,22,21,32
712,0.0035407162413826562,COMPLETE,0:00:58.330734,0.002895524635510407,10,22,20,32
713,0.0024126506369316647,COMPLETE,0:00:48.261508,0.0035242072552196095,13,20,20,30
714,0.054052762135596476,PRUNED,0:00:08.930309,0.0034744829786363283,13,20,20,30
715,0.18829716547627728,PRUNED,0:00:03.991234,0.002877141760759725,14,20,20,30
716,0.2646585354111152,PRUNED,0:00:02.819695,0.001854098005601995,21,23,20,28
717,0.27393302141295134,PRUNED,0:00:02.671936,0.0018843985000853694,23,23,20,28
718,0.21225773040436074,PRUNED,0:00:06.119500,0.0018872016258112238,9,21,22,31
719,0.2114295643879486,PRUNED,0:00:06.408588,0.0034421135239836157,9,21,22,30
720,0.004071587181893684,COMPLETE,0:00:44.205912,0.0034260843506017133,15,21,21,25
721,0.20436786989657113,PRUNED,0:00:03.602625,0.0027662163675198407,17,22,21,31
722,0.27859609822478226,PRUNED,0:00:04.252521,0.0024550069289598917,14,22,21,26
723,0.04281492615610039,PRUNED,0:00:39.921436,0.0013105146906335823,4,20,20,32
724,0.05152171438212617,PRUNED,0:00:13.612554,0.0035187582744804994,8,20,20,29
725,0.20247135410402323,PRUNED,0:00:02.844308,0.0035053372849501566,21,21,20,31
726,0.2019647750964041,PRUNED,0:00:02.869815,0.0037403942080400025,20,20,20,30
727,0.0024050246672328328,COMPLETE,0:00:35.941096,0.004346464748612874,17,21,20,31
728,0.17944968906906036,PRUNED,0:00:03.186281,0.004090227621733771,17,22,20,31
729,0.1818703451872033,PRUNED,0:00:03.231486,0.00447231037395931,17,23,21,30
730,0.18916636070148082,PRUNED,0:00:02.393299,0.004677512619286472,23,21,21,25
731,0.2340460430317979,PRUNED,0:00:02.455265,0.004735891862825471,23,21,21,32
732,0.22249096905112833,PRUNED,0:00:03.335849,0.002341146144474341,15,21,21,31
733,0.05684214569573008,PRUNED,0:00:07.177425,0.003527106425574202,14,24,20,30
734,0.051788797024791396,PRUNED,0:00:22.720957,0.003342240031809351,4,23,20,31
735,0.05526140386734098,PRUNED,0:00:10.672724,0.0031087476454411396,9,23,20,30
736,0.05653344127869588,PRUNED,0:00:23.502293,0.0030184925159404585,4,23,22,29
737,0.051169839214437685,PRUNED,0:00:11.187332,0.003269432875276027,9,22,22,29
738,0.0029557166298018627,COMPLETE,0:00:59.840112,0.0024018120315037247,9,22,22,31
739,0.19420639966291078,PRUNED,0:00:04.458021,0.0022721785004430066,11,22,22,29
740,0.052384417283080395,PRUNED,0:00:09.661320,0.0023718570572086616,10,22,22,31
741,0.02859125645685625,PRUNED,0:00:43.033044,0.005668447475525051,9,24,20,34
742,0.05263337740858256,PRUNED,0:00:05.698328,0.005327211032635034,19,24,21,31
743,0.003701487568685222,COMPLETE,0:00:34.757600,0.0056061349925571186,18,24,20,34
744,0.002948590302784723,COMPLETE,0:00:41.371911,0.004493439780081496,15,23,20,34
745,0.05320266241556644,PRUNED,0:00:07.501926,0.004239893763602275,13,20,20,33
746,0.1815645319435759,PRUNED,0:00:02.310165,0.004809646880903839,23,20,20,34
747,0.05415000578002551,PRUNED,0:00:05.545425,0.005861086917060522,19,24,20,32
748,0.0031444285777942997,COMPLETE,0:00:37.610694,0.005887169415690599,16,22,20,34
749,0.18144904418475552,PRUNED,0:00:02.736406,0.005852441667097862,19,24,20,32
750,0.21543251290406176,PRUNED,0:00:02.221857,0.004500485166740527,24,22,21,26
751,0.18887840257673985,PRUNED,0:00:02.388084,0.004469388429363619,23,22,21,33
752,0.04831636065632392,PRUNED,0:00:10.602959,0.00590798320069685,14,23,21,34
753,0.05465408151843665,PRUNED,0:00:07.268851,0.005633345303460178,14,21,20,34
754,0.05176452205295932,PRUNED,0:00:06.035205,0.003946223133628105,17,20,21,31
755,0.003751377631592302,COMPLETE,0:00:58.766645,0.003863776944634615,9,20,23,32
756,0.003482018629293956,COMPLETE,0:00:59.676236,0.003965793864222018,9,21,20,32
757,0.052939818155857084,PRUNED,0:00:10.093153,0.003930496176100105,10,21,23,32
758,0.19119150801443385,PRUNED,0:00:04.810948,0.004097402624380665,10,21,23,26
759,0.22152587762053208,PRUNED,0:00:02.120700,0.003822849550676719,25,21,23,32
760,0.0029725716228122,COMPLETE,0:00:46.089752,0.002992341390139292,13,21,22,36
761,0.21864804988651032,PRUNED,0:00:03.528209,0.002912450615037643,14,23,21,25
762,0.1794288184016037,PRUNED,0:00:03.572851,0.0029442007027634335,14,23,22,25
763,0.5267673174340083,PRUNED,0:00:04.028245,0.00035426473462341556,13,20,22,31
764,0.0035219929348087957,COMPLETE,0:01:00.299564,0.0026915582854431497,9,22,22,31
765,0.24154475816365573,PRUNED,0:00:02.267546,0.0025811874223710357,23,20,22,27
766,0.26482261350210856,PRUNED,0:00:02.175535,0.0028259469074529337,25,20,21,27
767,0.17651318708608338,PRUNED,0:00:02.564469,0.004877149992150532,20,25,21,31
768,0.02961140333517704,PRUNED,0:00:38.833713,0.003394469115858396,9,25,21,31
769,0.0033070620061399648,COMPLETE,0:01:00.638089,0.003445931016085627,9,25,21,30
770,0.0031716609246280275,COMPLETE,0:00:58.964189,0.003575311371679646,9,22,21,33
771,0.037186825577812437,PRUNED,0:00:21.098302,0.003781446303797577,9,21,20,36
772,0.05115074543677018,PRUNED,0:00:11.768034,0.004777077831692415,8,25,21,33
773,0.06280286618889099,PRUNED,0:00:24.133186,0.006038547300567015,4,22,20,30
774,0.05982487383222594,PRUNED,0:00:23.551264,0.0060683684780444835,4,22,21,30
775,0.270125078070537,PRUNED,0:00:12.931963,0.00048422552553239236,4,22,21,30
776,0.052472002292841165,PRUNED,0:00:13.019295,0.0019306040161332111,8,22,20,30
777,0.18750669934245304,PRUNED,0:00:02.954836,0.006722209563332229,19,22,21,26
778,0.05145314617805194,PRUNED,0:00:23.914109,0.0019369331700012278,4,23,20,29
779,0.18595363315677182,PRUNED,0:00:02.271153,0.006578305444803184,26,23,20,27
780,0.03753729503006564,PRUNED,0:00:08.842590,0.00655965679028823,26,24,20,29
781,1.7837814571064239,PRUNED,0:00:02.991931,2.0971170246130595e-05,18,24,21,33
782,0.056167521422820076,PRUNED,0:00:24.599470,0.006443917323348326,4,20,23,30
783,0.03472142343704012,PRUNED,0:00:56.484841,0.004670095665717095,4,20,20,29
784,0.17528879992214547,PRUNED,0:00:03.062948,0.004856340313438616,17,20,23,29
785,0.264122012163132,PRUNED,0:00:02.928232,0.0020632377796106632,19,20,23,28
786,0.18612421690383307,PRUNED,0:00:02.798486,0.004733009680166593,19,20,22,28
787,0.2427758190153849,PRUNED,0:00:03.131713,0.001875294580080546,17,20,23,28
788,0.2707562882342707,PRUNED,0:00:02.551118,0.0018335032549070278,20,20,22,26
789,0.22498311232211013,PRUNED,0:00:03.987022,0.0017640039704042959,13,23,22,26
790,0.19599643243052856,PRUNED,0:00:03.502037,0.002662543677059823,14,23,20,32
791,0.24843591339527002,PRUNED,0:00:03.779679,0.0027294211622844768,13,21,20,26
792,0.17885998287835184,PRUNED,0:00:04.359203,0.002649353547868151,11,23,20,32
793,0.052738216200191784,PRUNED,0:00:07.568287,0.0032398718991627036,13,21,20,24
794,0.05183458150113619,PRUNED,0:00:24.124154,0.003175558640014155,4,44,20,32
795,0.058040724036270565,PRUNED,0:00:23.091406,0.004542461630128134,4,24,21,31
796,1.5048224759331748,PRUNED,0:00:02.040897,7.776167234632558e-05,26,21,21,24
797,0.21323382527188017,PRUNED,0:00:01.900328,0.004722235232599195,28,21,21,31
798,0.056592827063850375,PRUNED,0:00:22.882214,0.004721845956892489,4,24,21,31
799,0.052446160626521326,PRUNED,0:00:22.707808,0.0033287967780932784,4,24,22,27
800,0.05675558280969454,PRUNED,0:00:22.487215,0.006421166122477579,4,24,22,27
801,0.03200042890333481,PRUNED,0:01:34.682946,0.0044400516266911725,4,24,22,27
802,0.21393849562184933,PRUNED,0:00:02.360826,0.003387741879408481,22,38,22,32
803,0.18306138531450347,PRUNED,0:00:02.488085,0.006684380084786166,22,24,22,27
804,0.05399793903137143,PRUNED,0:00:04.738734,0.007211388827822597,22,26,22,27
805,0.029565030740337964,PRUNED,0:00:25.848777,0.0070110555165192046,13,26,22,27
806,0.05422834873445763,PRUNED,0:00:08.345525,0.002450012073054734,12,25,20,33
807,0.17875241887429857,PRUNED,0:00:03.689444,0.002310804058932868,13,25,20,33
808,0.200145885176423,PRUNED,0:00:03.653353,0.00246640180396482,13,21,20,33
809,0.030410561767817174,PRUNED,0:00:32.412129,0.005087120835524371,10,22,21,29
810,0.052376127586983234,PRUNED,0:00:10.348452,0.005090198758941853,9,22,21,25
811,0.053019147288938195,PRUNED,0:00:12.003809,0.005319552980720468,8,41,21,25
812,0.05174247350976993,PRUNED,0:00:10.418858,0.004066587666146832,9,22,21,30
813,0.20534137135135172,PRUNED,0:00:02.908198,0.0038652183028855093,17,23,21,35
814,0.18152233037819313,PRUNED,0:00:03.198752,0.0037320836967745545,17,21,21,31
815,0.02674284768894535,PRUNED,0:00:50.940914,0.0038384671444027917,9,21,24,31
816,0.19035697852571806,PRUNED,0:00:01.959859,0.006945807252281823,28,22,24,30
817,0.2387465480521873,PRUNED,0:00:01.892713,0.0030157620326240965,28,21,23,30
818,0.19105908223689738,PRUNED,0:00:05.406725,0.0014873959391652786,9,22,23,29
819,0.19953910034643513,PRUNED,0:00:05.199978,0.0014820906442967656,9,22,20,29
820,0.05209532939430302,PRUNED,0:00:10.462370,0.005140099287857915,9,20,20,32
821,0.24445004858168906,PRUNED,0:00:03.014343,0.00221160307841472,18,20,20,32
822,0.2793115984023243,PRUNED,0:00:02.363734,0.002104560945923474,22,23,20,32
823,1.8191840732921392,PRUNED,0:00:03.386089,3.2248257837605387e-06,15,23,21,31
824,0.052456059475864986,PRUNED,0:00:07.102637,0.005102055241833423,14,59,21,31
825,0.23644591021078556,PRUNED,0:00:03.360568,0.003165764393386763,15,21,22,31
826,0.1780666272096931,PRUNED,0:00:04.041816,0.003198672262033209,13,21,22,25
827,0.17393949408027934,PRUNED,0:00:03.312620,0.003306033849045692,15,59,22,28
828,0.19411571471059655,PRUNED,0:00:02.345153,0.003970611415624107,22,59,23,26
829,0.1945955818193359,PRUNED,0:00:02.497108,0.00403652248728974,22,59,21,28
830,0.3301270544193186,PRUNED,0:00:02.315533,0.004083728728156112,23,25,23,28
831,0.1729770532203099,PRUNED,0:00:02.122474,0.007427024015120385,25,21,24,26
832,0.0525893330213581,PRUNED,0:00:10.164891,0.006979684168320797,9,25,24,33
833,0.05449525549212334,PRUNED,0:00:10.776846,0.007498317602122523,9,25,20,33
834,0.05880767467184437,PRUNED,0:00:22.333963,0.007191721389864433,4,20,20,33
835,0.05510690017540197,PRUNED,0:00:11.481844,0.0022918147400323354,8,25,20,32
836,0.0039946349378366846,COMPLETE,0:00:57.300375,0.002571153314342921,9,24,20,30
837,0.05270198324620629,PRUNED,0:00:23.278131,0.0026556947098012964,4,23,20,31
838,0.05956913501874456,PRUNED,0:00:22.210096,0.002662070958119539,4,23,21,30
839,0.2807151326796496,PRUNED,0:00:01.722170,0.002655191049089214,31,23,21,30
840,0.05497679781937598,PRUNED,0:00:22.634459,0.005917643182741357,4,26,20,31
841,0.6436096678798398,PRUNED,0:00:00.535470,0.005865516050572511,158,26,21,31
842,0.05114718911287946,PRUNED,0:00:22.046000,0.0029081754931788335,4,24,21,30
843,0.05531523915228151,PRUNED,0:00:06.533764,0.005598346858604469,15,20,20,32
844,0.229829105009296,PRUNED,0:00:03.343834,0.0017182012545921002,15,21,22,32
845,1.783183789458768,PRUNED,0:00:00.566118,0.0001985988556341204,163,20,20,25
846,0.18293457315636316,PRUNED,0:00:03.061917,0.005846651979049706,18,20,20,25
847,1.1170908403628081,PRUNED,0:00:00.535676,0.002076485316520836,184,22,21,29
848,0.05275215181363151,PRUNED,0:00:05.825933,0.005475562550541448,18,20,20,26
849,0.2708902748440293,PRUNED,0:00:02.665724,0.0015806351346199158,19,26,21,57
850,1.771288079685635,PRUNED,0:00:01.960078,3.562876803308525e-05,28,24,22,30
851,0.0030304969319315273,COMPLETE,0:00:54.184338,0.0033142670102932945,10,21,23,29
852,0.0517561651821345,PRUNED,0:00:10.095169,0.00322186314393747,9,22,23,28
853,0.05181381345022509,PRUNED,0:00:10.680599,0.0033639397701669643,9,21,23,28
854,0.17900680688322917,PRUNED,0:00:03.917297,0.0031075390501993207,12,21,23,28
855,0.0029195012508263056,COMPLETE,0:00:56.598683,0.003506536430448268,9,22,21,29
856,0.00279221063308723,COMPLETE,0:00:55.685799,0.0036455107487494837,9,47,22,35
857,0.37863046586636667,PRUNED,0:00:03.989361,0.000602619727359121,12,21,22,32
858,0.05394913045037005,PRUNED,0:00:08.073970,0.0041980426520798475,12,45,21,32
859,0.2161836789694891,PRUNED,0:00:01.808590,0.0043735728171501835,29,42,21,24
860,0.05472754809323581,PRUNED,0:00:10.106102,0.008282054934811087,9,22,21,31
861,0.2506899665277611,PRUNED,0:00:02.797524,0.0021380220096433237,18,22,22,29
862,0.05930688961614239,PRUNED,0:00:11.972785,0.008124427120209898,8,23,20,27
863,0.17820802971864372,PRUNED,0:00:01.963595,0.008710080822318446,26,22,21,31
864,0.0517089518655281,PRUNED,0:00:11.289712,0.007694011642880212,8,23,20,26
865,0.7450071911054981,PRUNED,0:00:02.842862,0.0002933925186458613,18,23,20,35
866,0.0538485052719144,PRUNED,0:00:11.368975,0.0037974029946277067,8,23,22,26
867,0.26760279920208974,PRUNED,0:00:03.576639,0.0015727228545329098,14,21,22,26
868,0.29019375918660895,PRUNED,0:00:03.419242,0.0011597947873236189,14,58,22,33
869,0.2035496405223797,PRUNED,0:00:02.436777,0.003701016151351229,22,47,22,33
870,0.2061859008385029,PRUNED,0:00:02.441686,0.0037115094751471425,22,20,21,29
871,0.19132454010347524,PRUNED,0:00:02.474059,0.0048728106319945496,22,20,24,29
872,0.3184887838313135,PRUNED,0:00:01.898029,0.0022120119849135043,32,20,24,29
873,0.22496705130077932,PRUNED,0:00:02.894030,0.0020445101445210525,17,21,24,60
874,0.05930246568112637,PRUNED,0:00:23.104994,0.004955339814037183,4,60,20,31
875,0.0573373349284006,PRUNED,0:00:21.889334,0.005840633900677859,4,25,20,32
876,0.053065526239379754,PRUNED,0:00:07.544753,0.005962145931900208,12,22,20,32
877,0.04173719805206856,PRUNED,0:00:32.940731,0.002814163940660336,4,24,21,37
878,0.051337534280323734,PRUNED,0:00:23.504274,0.004783591264792822,4,25,21,31
879,0.05046698281592384,PRUNED,0:00:22.303808,0.0026012773426524805,4,25,21,31
880,0.19478401407500034,PRUNED,0:00:03.437667,0.002417313284910742,14,60,21,31
881,0.19038021399055496,PRUNED,0:00:03.017751,0.0027503017674494605,16,24,21,37
882,0.32835206818899937,PRUNED,0:00:01.911833,0.0017623742884020246,27,26,21,27
883,0.23120672650103058,PRUNED,0:00:01.922728,0.004730221549707191,27,26,20,57
884,0.055297262975119145,PRUNED,0:00:22.098325,0.00463632785059101,4,21,23,30
885,0.042641807995901504,PRUNED,0:00:07.742446,0.007010158342537972,19,21,23,30
886,0.21271600929736081,PRUNED,0:00:01.740562,0.006955272673112454,32,21,23,30
887,0.18560693793245092,PRUNED,0:00:03.596410,0.002749883761756818,13,24,20,33
888,0.1972279938081531,PRUNED,0:00:03.789295,0.002704187055956748,13,23,20,32
889,0.21520782643852154,PRUNED,0:00:03.602022,0.0021203693397817648,13,22,22,25
890,0.06452105146037222,PRUNED,0:00:23.957176,0.008432287042175053,4,58,22,27
891,0.17794294050752613,PRUNED,0:00:02.626994,0.0043134446996321175,20,58,21,27
892,1.0099579453468324,PRUNED,0:00:00.452473,0.004260522711016398,254,20,20,30
893,0.3051365007862896,PRUNED,0:00:02.491681,0.0014712471396629734,21,58,21,56
894,0.030080582408151983,PRUNED,0:00:15.860211,0.008685494219316307,22,58,22,27
895,0.19479608252920486,PRUNED,0:00:01.562320,0.008450705961875563,35,23,22,56
896,0.05430489382154103,PRUNED,0:00:11.353429,0.006143839571246817,8,43,22,32
897,0.052418265139715654,PRUNED,0:00:11.505698,0.005817889942012893,8,20,20,34
898,0.18000275528224152,PRUNED,0:00:04.606505,0.006056600388612352,10,20,20,27
899,0.05173138309254358,PRUNED,0:00:11.522191,0.0018805044512193857,8,22,20,34
900,1.811327190697193,PRUNED,0:00:00.453696,0.00013457610771560352,238,37,20,33
901,0.2409089096829389,PRUNED,0:00:03.029740,0.0017511644045597689,17,22,22,24
902,0.3263789602476409,PRUNED,0:00:03.180548,0.0009367829808523939,16,22,22,28
903,1.818589703241984,PRUNED,0:00:00.478322,6.944130969773245e-06,212,22,21,28
904,0.26171385053910723,PRUNED,0:00:02.959834,0.001784277756536787,17,22,20,31
905,0.26081989752257,PRUNED,0:00:02.009285,0.0030013298156611073,26,23,20,31
906,0.2313639767290581,PRUNED,0:00:01.783208,0.0034649437831205834,30,21,20,32
907,0.033607897640233544,PRUNED,0:00:22.912940,0.003791175782516358,10,21,21,32
908,0.003660691183033721,COMPLETE,0:00:56.224888,0.0023567705316980044,9,24,21,25
909,0.05755382008918049,PRUNED,0:00:10.027614,0.004018287033642782,9,20,21,25
910,0.22629322999426021,PRUNED,0:00:05.334254,0.0021914049488681686,9,24,21,26
911,0.052472591623948094,PRUNED,0:00:07.528770,0.0037534701423301794,12,25,21,26
912,0.05358340269975754,PRUNED,0:00:07.608115,0.0037861360540826917,13,26,24,30
913,0.2800953301667779,PRUNED,0:00:01.426460,0.004879041107368441,41,20,24,25
914,0.2630114074780653,PRUNED,0:00:01.486551,0.005138541194647222,40,21,23,30
915,0.2528530179079017,PRUNED,0:00:03.374281,0.001223524111257868,14,21,23,30
916,0.2643763952665339,PRUNED,0:00:03.666029,0.0031167340935691254,13,23,23,30
917,0.054149198614467965,PRUNED,0:00:04.508795,0.007398479354704912,24,24,21,59
918,0.05094282712105294,PRUNED,0:00:05.177735,0.006734492409799138,19,23,21,32
919,0.0034947291737280222,COMPLETE,0:00:27.202507,0.007129061728865523,24,24,21,32
920,0.05194281295342929,PRUNED,0:00:23.503795,0.0023037355180212733,4,23,20,32
921,0.042627884922886605,PRUNED,0:00:32.847240,0.0023569463346520213,4,27,20,32
922,0.0027594623732697574,COMPLETE,0:01:02.069954,0.002465861584266028,8,20,20,31
923,0.30596665289528946,PRUNED,0:00:01.612099,0.002914327974545234,35,20,20,31
924,1.7222361522196814,PRUNED,0:00:11.067918,9.741298947949151e-06,4,20,25,28
925,0.04837733335807223,PRUNED,0:00:08.423055,0.009346516709671003,18,21,25,29
926,0.046375927808598824,PRUNED,0:00:47.231772,0.005511145281748353,4,22,22,33
927,0.19599364164525457,PRUNED,0:00:01.666733,0.005912430058683387,31,22,22,28
928,0.23320836108330828,PRUNED,0:00:01.711561,0.005227965654886478,31,25,22,33
929,0.875330497926854,PRUNED,0:00:00.491207,0.004706943126152194,201,57,22,33
930,0.03321874049448771,PRUNED,0:00:22.607420,0.0031648576657147525,10,40,20,31
931,0.002469816625153359,COMPLETE,0:00:56.951432,0.003060330988548859,9,22,20,31
932,0.17357335163193136,PRUNED,0:00:03.556854,0.0032041307910749225,13,59,20,31
933,0.05538326647385197,PRUNED,0:00:05.953997,0.0086346976470357,16,21,20,31
934,0.20247674796613088,PRUNED,0:00:05.091009,0.001416425541849847,9,26,20,29
935,0.18533150896398445,PRUNED,0:00:05.568525,0.002986363914711997,8,22,21,26
936,0.042994195749288644,PRUNED,0:00:07.447963,0.004593024263665307,20,20,23,57
937,0.188205331891491,PRUNED,0:00:02.466036,0.004787729184409693,20,23,23,60
938,0.21548331791446323,PRUNED,0:00:01.264055,0.009410438484700648,45,20,22,27
939,0.05614892971198633,PRUNED,0:00:06.900585,0.006313131082192816,14,22,21,29
940,0.04212093323273385,PRUNED,0:00:33.815722,0.00632287456757802,4,22,21,29
941,0.05589539345646323,PRUNED,0:00:07.389390,0.006567167222367195,13,22,21,30
942,0.050866687976843815,PRUNED,0:00:22.316669,0.005855705958425927,4,35,21,30
943,0.22819177621591186,PRUNED,0:00:02.075817,0.004060544815322783,25,21,22,33
944,0.050878525607589445,PRUNED,0:00:22.371192,0.0021010160796436847,4,25,20,28
945,0.23528970621398823,PRUNED,0:00:03.221418,0.001896751288743848,17,25,20,30
946,0.28071941469396866,PRUNED,0:00:01.618973,0.0034597282327232834,36,23,24,28
947,0.05566474706235295,PRUNED,0:00:24.127534,0.002774668650754454,4,24,21,55
948,0.1743803671035228,PRUNED,0:00:01.988175,0.008573313044615465,26,26,20,27
949,0.051869839959446405,PRUNED,0:00:11.496677,0.00272586862984412,8,21,21,32
950,0.17907650366979688,PRUNED,0:00:03.779102,0.002823890776292176,13,23,21,31
951,0.051164862649294277,PRUNED,0:00:11.589198,0.0022084080340989687,8,21,21,32
952,0.0420840516974093,PRUNED,0:00:15.616158,0.0026374801572263042,9,21,22,36
953,0.05402804888497232,PRUNED,0:00:10.386715,0.002549795401343436,9,21,23,31
954,0.24890809230253857,PRUNED,0:00:03.067965,0.0015243175502761708,16,23,24,32
955,0.18270024388450692,PRUNED,0:00:04.151188,0.003911388558386823,12,21,22,31
956,0.052981975478008994,PRUNED,0:00:07.099467,0.003761180430477315,14,24,23,31
957,0.19103379933617004,PRUNED,0:00:02.822632,0.0035891881427415175,19,24,22,30
958,0.17806478236186302,PRUNED,0:00:02.775810,0.003742277827917361,20,22,22,34
959,0.1878774314734129,PRUNED,0:00:03.202283,0.0032655788850243983,15,22,20,34
960,0.232624737345729,PRUNED,0:00:03.927058,0.0017062365355006706,13,23,20,31
961,0.2087355256901628,PRUNED,0:00:03.688069,0.00198152128708786,13,23,20,30
962,0.22682567222746855,PRUNED,0:00:03.686624,0.0016442817416868103,13,23,25,30
963,0.3022100843211293,PRUNED,0:00:02.325472,0.0019201275661754865,22,23,20,30
964,0.327936652042563,PRUNED,0:00:02.198476,0.0019225926216477358,25,20,20,30
965,0.18735316427975857,PRUNED,0:00:02.326394,0.004485880088486828,23,20,20,29
966,1.3043320389221236,PRUNED,0:00:05.047825,5.105535395729758e-05,9,20,21,32
967,0.17735675682976715,PRUNED,0:00:06.010771,0.004100668564840715,8,22,25,33
968,0.051320263223671087,PRUNED,0:00:10.228014,0.003031813312434218,9,27,24,26
969,0.0025849041598730487,COMPLETE,0:01:00.776381,0.003251292808069096,8,27,21,33
970,0.19895190358225068,PRUNED,0:00:05.822055,0.0011757749549456535,8,22,24,24
971,0.19459482171077325,PRUNED,0:00:03.209703,0.0030743389387313225,17,21,21,26
972,0.8648867594952486,PRUNED,0:00:00.508602,0.0046207578044213556,194,22,23,24
973,1.287243746497013,PRUNED,0:00:00.536690,0.0012170983446457093,176,24,21,32
974,0.05369768077383281,PRUNED,0:00:23.342208,0.0031819714832280292,4,22,22,29
975,0.05381132794761587,PRUNED,0:00:21.962169,0.002965928132014462,4,21,22,31
976,0.20001536250483773,PRUNED,0:00:02.724108,0.003401491975388335,18,25,22,35
977,0.0025101554683180055,COMPLETE,0:01:50.233765,0.0026371793745648413,4,21,20,33
978,1.8214256563797373,PRUNED,0:00:01.706987,1.5302673589315403e-06,31,26,20,29
979,0.05114877000758963,PRUNED,0:00:08.299351,0.0043758644469099,12,20,20,33
980,1.2862468418106792,PRUNED,0:00:02.726219,9.763768369815218e-05,18,20,21,32
981,0.17358476759537875,PRUNED,0:00:03.961424,0.002513604758678999,12,23,20,33
982,0.2757845680029304,PRUNED,0:00:01.858539,0.00442503710254375,28,24,21,28
983,0.18680527958213905,PRUNED,0:00:05.611017,0.0023944611204115705,8,21,21,27
984,0.054797722852245545,PRUNED,0:00:21.652586,0.005269702308421605,4,25,23,31
985,0.17585106596314756,PRUNED,0:00:06.259738,0.0020833899284222633,7,21,23,34
986,0.002703194167118682,COMPLETE,0:00:58.156222,0.0022295798132775492,8,28,23,35
987,1.8025692863266305,PRUNED,0:00:10.809177,4.517828167026463e-06,4,27,22,35
988,0.05299343762256331,PRUNED,0:00:11.077077,0.002437609949296578,8,26,22,38
989,0.17635134979756875,PRUNED,0:00:04.094727,0.002462797538592085,11,27,23,34
990,0.20648257621935198,PRUNED,0:00:03.432996,0.0016828939242942197,12,28,20,34
991,0.2207494572205238,PRUNED,0:00:03.371263,0.0015858516023947273,13,20,20,34
992,0.1793003290703874,PRUNED,0:00:02.656492,0.0034992751256663385,17,26,20,34
993,0.0508905697655794,PRUNED,0:00:19.971377,0.003456263805768764,4,21,21,33
994,0.002216030323256305,COMPLETE,0:01:41.399309,0.003284036210681631,4,27,25,33
995,0.18336138989442552,PRUNED,0:00:04.595893,0.002890255361767298,9,28,21,33
996,0.24332077702604757,PRUNED,0:00:02.151690,0.0021221744638713715,21,20,21,33
997,0.05606873136650811,PRUNED,0:00:20.007578,0.00375749269854767,4,27,20,36
998,0.2152162999866998,PRUNED,0:00:02.602408,0.0029721697815792785,17,27,25,33
999,0.05639996033985775,PRUNED,0:00:09.104546,0.005131899688335126,9,59,21,35
