trial_number,value,state,duration,lr,batch_size,latent_dim,poly_order
0,0.004050902822861831,COMPLETE,0:00:22.365410,0.023313049475721007,81,2,2
1,0.02257929274264105,COMPLETE,0:00:23.446808,1.2452148862537042e-05,150,2,3
2,0.004547956278943496,COMPLETE,0:00:57.932404,0.08207292141945356,146,2,3
3,0.0038811029628278678,COMPLETE,0:00:18.924598,0.012088229846601888,205,3,2
4,0.004388537971082462,COMPLETE,0:00:32.572840,0.00011551527185743035,141,2,3
5,0.015793975235268026,COMPLETE,0:00:21.994935,2.8746401713273678e-05,138,2,2
6,0.02073346419563563,COMPLETE,0:00:29.324308,1.4867348263491125e-05,135,2,2
7,1.1520889775235181,PRUNED,0:00:34.143468,7.009900476550938e-06,14,2,2
8,0.0046966808212069834,COMPLETE,0:00:33.010509,0.00030396350633521337,78,2,3
9,0.004865365582011529,COMPLETE,0:00:31.146157,0.0003307992465759188,154,2,3
10,1.813367252108417,PRUNED,0:00:07.453463,4.48582516572072e-06,239,2,2
11,0.9682507185432,PRUNED,0:00:09.689337,3.951858733203492e-05,154,2,3
12,0.8796969711780548,PRUNED,0:00:06.975088,0.00010632328700750156,172,3,3
13,1.7079691259066263,PRUNED,0:00:03.953780,2.5707942786549475e-05,63,3,3
14,0.005075883059895379,COMPLETE,0:00:20.257095,0.014951411586719546,251,3,2
15,1.820393101278558,PRUNED,0:00:00.714279,2.8070502261649823e-05,114,2,3
16,0.005542006177474083,COMPLETE,0:00:29.773403,0.0001694110242235907,159,2,3
17,0.003914034445678601,COMPLETE,0:00:19.313056,0.005991447511927122,231,3,2
18,0.006203593723499009,COMPLETE,0:00:17.568207,0.026478637658877997,223,3,2
19,0.0037369217431476058,COMPLETE,0:00:16.838158,0.029967441875757526,224,3,2
20,0.003466704728716019,COMPLETE,0:00:25.570688,0.018310105241390512,84,3,2
21,0.00603109797245513,COMPLETE,0:00:27.298561,0.02383679728069041,209,3,2
22,0.003039503738664231,COMPLETE,0:00:19.206603,0.003323114414764755,198,3,2
23,0.0038922022841436053,COMPLETE,0:00:19.937695,0.002767828109987689,200,3,2
24,0.004293853751932909,COMPLETE,0:00:20.505306,0.00336232379065933,205,3,2
25,0.0028521835742247852,COMPLETE,0:00:19.563927,0.002887276893427153,195,3,2
26,1.1555300733695428,PRUNED,0:00:00.558703,0.0028153277809549264,198,3,2
27,1.2759591328336837,PRUNED,0:00:00.540134,0.001820272967002583,202,3,2
28,0.003382063944299701,COMPLETE,0:00:18.490080,0.005154147605947544,211,3,2
29,0.0029036659266016645,COMPLETE,0:00:17.071461,0.004479412904932294,214,3,2
30,1.351983539222442,PRUNED,0:00:00.449850,0.0013278943360837034,196,3,2
31,1.3542993744978538,PRUNED,0:00:00.479150,0.09622250975410453,182,3,2
32,0.14085940491585505,PRUNED,0:00:01.878476,0.05639509589183391,181,3,2
33,1.56928459529219,PRUNED,0:00:00.447317,0.0007966623311107445,219,3,2
34,1.499816278850331,PRUNED,0:00:00.428990,0.0010355145582723031,223,3,2
35,1.8225648544336621,PRUNED,0:00:00.422499,1.6162038473575997e-06,251,3,2
36,0.08697408169507981,PRUNED,0:00:01.547798,0.03300132132782287,255,3,2
37,1.8219718684752781,PRUNED,0:00:00.682681,1.3066990692427089e-06,113,3,2
38,0.003423130689949413,COMPLETE,0:00:20.777498,0.013481583988629009,177,3,2
39,0.002919909362780749,COMPLETE,0:00:19.428005,0.013586326985342314,180,3,2
40,0.005793929137364875,COMPLETE,0:00:20.965217,0.009382946410353915,171,3,2
41,0.0030839363453792562,COMPLETE,0:00:23.251200,0.009459839094121115,175,3,2
42,0.003572636126931458,COMPLETE,0:00:21.293739,0.007145235921492471,102,3,2
43,0.004645899252338103,COMPLETE,0:00:31.742511,0.006094566609806049,51,3,2
44,0.002759649635279831,COMPLETE,0:00:34.229916,0.006950305397282986,44,3,2
45,0.003511402068002877,COMPLETE,0:00:18.222694,0.0062495252516426986,174,3,2
46,0.0029850447652480503,COMPLETE,0:00:18.981355,0.010401991679711549,175,3,2
47,0.0035267408890372826,COMPLETE,0:00:18.069277,0.007735984211591625,188,3,2
48,0.9887820327281952,PRUNED,0:00:00.474641,0.005032232401080983,189,3,2
49,0.0033674755248396626,COMPLETE,0:00:18.860531,0.007497034361777193,235,3,2
50,0.0032602556931120366,COMPLETE,0:00:20.408897,0.0070898536063634795,163,3,2
51,1.4869765116457354,PRUNED,0:00:00.537678,0.0007078594563372196,167,3,2
52,1.6955076515674592,PRUNED,0:00:00.468967,0.0005602804460196648,238,3,2
53,1.5456203850171037,PRUNED,0:00:00.608214,0.0005125512953262466,145,3,2
54,1.1363212366140525,PRUNED,0:00:00.607422,0.001997856895352048,145,3,2
55,1.2526043397188187,PRUNED,0:00:00.500778,0.0018187928610469606,190,3,2
56,0.004668952498301403,COMPLETE,0:00:26.938818,0.010780020552404335,126,3,2
57,1.3123365560157418,PRUNED,0:00:03.496825,0.06332705213330288,15,3,2
58,1.0629586637689825,PRUNED,0:00:00.474801,0.00412221684929778,213,3,2
59,0.0038115220189961236,COMPLETE,0:00:18.514463,0.010256492957937761,188,3,2
60,0.8554525467348687,PRUNED,0:00:00.425672,0.010056935479995567,235,3,2
61,0.13041702638833952,PRUNED,0:00:01.465151,0.04285923045205913,162,3,2
62,0.0037778185804389075,COMPLETE,0:00:16.913033,0.015417570571927178,190,3,2
63,0.1692344799972652,PRUNED,0:00:01.113386,0.01700566838416421,214,3,3
64,0.1959598115512303,PRUNED,0:00:01.315032,0.011181753457965666,135,2,3
65,0.04003364962658712,PRUNED,0:00:05.860751,0.01656913121745317,135,2,2
66,1.7696711541889432,PRUNED,0:00:00.568428,0.000267712543352919,132,2,2
67,0.9001151557763417,PRUNED,0:00:00.609344,0.0035159416143072655,126,3,2
68,0.005059752093429077,COMPLETE,0:00:46.955969,0.003848419105919933,29,3,2
69,0.003793371378182242,COMPLETE,0:00:36.122947,0.019233609928517085,48,3,2
70,0.032698777163537536,PRUNED,0:00:10.436470,0.017755254593024482,154,3,2
71,0.005239321356986882,COMPLETE,0:00:36.559304,0.020184532214097883,50,3,2
72,1.1003241035027234,PRUNED,0:00:00.544079,0.0024304721563643225,154,3,2
73,1.3392350547241443,PRUNED,0:00:00.475011,0.0013829699031674034,192,3,2
74,0.05131931639292182,PRUNED,0:00:09.357471,0.02343238792231204,29,3,2
75,1.041105568408966,PRUNED,0:00:00.472565,0.004340336067226904,202,3,2
76,0.12660821539235548,PRUNED,0:00:04.436368,0.027054655198228337,38,3,2
77,0.051560380700088684,PRUNED,0:00:06.608849,0.037864687549773964,45,3,2
78,0.0439557209610939,PRUNED,0:00:15.959279,0.020944287133213623,24,3,2
79,0.05219027130376725,PRUNED,0:00:02.568288,0.04207024404200053,181,3,2
80,1.06797770796151,PRUNED,0:00:00.547651,0.002959482882347672,164,3,2
81,0.04329976152915221,PRUNED,0:00:03.925672,0.037891925626978226,182,3,2
82,0.9791685098693484,PRUNED,0:00:00.484904,0.0049082801097583804,180,3,2
83,0.08917663479223847,PRUNED,0:00:01.532790,0.03570329493092895,170,3,2
84,1.7747877894487596,PRUNED,0:00:00.948425,9.007232906921379e-05,71,3,2
85,1.102978853952317,PRUNED,0:00:00.754782,0.0011761346548192096,90,3,2
86,0.922545841659408,PRUNED,0:00:00.447454,0.00795373351137971,228,3,2
87,1.387130041438413,PRUNED,0:00:00.453988,0.001492481962426216,229,3,2
88,0.8524396330827758,PRUNED,0:00:00.474105,0.009161377548617289,227,3,2
89,0.8654039272147677,PRUNED,0:00:00.508289,0.006770351590423586,206,3,2
90,0.8491295627368394,PRUNED,0:00:00.519612,0.006618319279838289,205,3,2
91,0.9828884748669414,PRUNED,0:00:00.435170,0.0065663728747393894,246,3,2
92,0.9188453476319368,PRUNED,0:00:00.477811,0.006407471723105206,218,3,2
93,1.090104341506958,PRUNED,0:00:00.493654,0.0035200215599934105,195,3,2
94,1.2176139760263187,PRUNED,0:00:00.492350,0.0021691390613760952,196,3,2
95,1.2063261786687005,PRUNED,0:00:00.500918,0.0022605465471462307,195,3,2
96,1.205701661478613,PRUNED,0:00:00.481715,0.0022669551608030586,196,3,2
97,1.1640410636543135,PRUNED,0:00:00.545339,0.0022811576895606506,174,3,2
98,0.004161149275226038,COMPLETE,0:00:17.885267,0.012412131100409257,214,3,2
99,0.00540109100082275,COMPLETE,0:00:18.636619,0.013127945694019807,212,3,2
100,1.0869046847025554,PRUNED,0:00:00.448411,0.004882726019374222,243,3,2
101,1.0583556526237063,PRUNED,0:00:00.456746,0.004139447563787712,210,3,2
102,0.003322199211663693,COMPLETE,0:00:16.284481,0.013482708332715457,216,3,2
103,0.7723189938342434,PRUNED,0:00:00.471283,0.011715907036639812,219,3,2
104,0.06020720118359357,PRUNED,0:00:02.223095,0.020174219487650975,159,3,2
105,0.038999347649153,PRUNED,0:00:05.304447,0.014468170733158512,184,3,2
106,1.365784726743623,PRUNED,0:00:00.563516,0.0009042299940785139,149,3,2
107,0.15397071767607073,PRUNED,0:00:23.728482,0.013104784795447669,4,3,2
108,0.03347346286668822,PRUNED,0:00:08.454414,0.014414909011705777,175,3,2
109,0.806386297683657,PRUNED,0:00:00.381707,0.013001822783586907,235,3,2
110,0.829256704875401,PRUNED,0:00:00.444473,0.0087613584401325,208,3,2
111,0.8212304961808184,PRUNED,0:00:00.498840,0.00943696060900025,201,3,2
112,0.9652427532029956,PRUNED,0:00:00.466747,0.005303251238949843,214,3,2
113,1.175817959010601,PRUNED,0:00:00.539689,0.0033221025300792127,216,3,3
114,1.162931043993343,PRUNED,0:00:00.593644,0.00351927288109908,215,3,3
115,0.9082070949830507,PRUNED,0:00:00.673723,0.005203600713969125,166,3,3
116,1.216044738542202,PRUNED,0:00:00.538784,0.0029465180252874704,222,3,3
117,0.9813789643090347,PRUNED,0:00:00.571702,0.00399148177213843,163,3,2
118,0.7383818396350794,PRUNED,0:00:00.592616,0.007792140411248123,166,3,2
119,0.778893772408227,PRUNED,0:00:00.525916,0.007971724686289892,177,3,2
120,0.7697001396162996,PRUNED,0:00:00.494392,0.008124207116761588,185,3,2
121,0.13656356171877296,PRUNED,0:00:01.013057,0.02496393231181099,176,3,2
122,0.739561826404598,PRUNED,0:00:00.500801,0.007808649570344465,175,3,2
123,0.7365401497593632,PRUNED,0:00:00.551385,0.008329508945311374,176,3,2
124,0.08075369244404867,PRUNED,0:00:01.424489,0.02638441123668265,186,3,2
125,0.04252457346767187,PRUNED,0:00:03.782533,0.025385690074609,190,3,2
126,0.0032525955077702348,COMPLETE,0:00:18.811614,0.01063390147466608,188,3,2
127,0.1483395450985899,PRUNED,0:00:01.000776,0.0613117432680777,186,3,2
128,0.003953154952216282,COMPLETE,0:00:28.212900,0.011291832270040247,64,3,2
129,0.004486615817738663,COMPLETE,0:00:28.503050,0.018668652673428973,62,3,2
130,0.0035643618339335423,COMPLETE,0:00:22.480020,0.01796897157075103,115,3,2
131,0.13740367896349753,PRUNED,0:00:12.697925,0.017125956208460483,8,3,2
132,0.0031537638341666775,COMPLETE,0:00:28.478063,0.010612403308166474,67,3,2
133,0.004316371171883822,COMPLETE,0:00:32.376307,0.010554667427503679,57,3,2
134,0.004767562058457669,COMPLETE,0:00:22.969954,0.01643254089169364,99,3,2
135,0.04503158372656213,PRUNED,0:00:04.060849,0.00530636369868544,99,2,2
136,1.050349129501142,PRUNED,0:00:00.474726,0.005618651833287927,199,2,2
137,1.8220886144232242,PRUNED,0:00:00.517443,1.1939295033120861e-05,202,3,2
138,0.0413909012936717,PRUNED,0:00:08.571314,0.01184353049278508,56,3,2
139,0.043450747112626635,PRUNED,0:00:05.548881,0.009672836515527833,82,3,2
140,0.03514791320356512,PRUNED,0:00:12.963761,0.01086236402405449,65,3,2
141,0.05201210391564961,PRUNED,0:00:03.607936,0.010415840763504975,69,3,2
142,0.05071324862691821,PRUNED,0:00:01.852340,0.010587926069024691,193,3,2
143,1.822583824697167,PRUNED,0:00:00.456143,2.5705175162289676e-06,192,3,2
144,0.12599727238661476,PRUNED,0:00:01.060656,0.015544663243269094,170,3,2
145,1.3624747767167933,PRUNED,0:00:00.472696,0.0015852923589857871,224,3,2
146,0.7977733695879579,PRUNED,0:00:00.520498,0.006642814274481805,169,3,2
147,1.8176859393715858,PRUNED,0:00:00.512779,5.8317421400031885e-05,169,3,2
148,0.8172225844292413,PRUNED,0:00:00.484409,0.006512114926455402,181,3,2
149,0.8672706175308961,PRUNED,0:00:00.529200,0.0061723662864000195,182,3,2
150,0.9494825025566486,PRUNED,0:00:00.505583,0.004306048473629891,159,3,2
151,1.0059066505659193,PRUNED,0:00:00.522468,0.004496697832914523,180,3,2
152,0.9044772189510756,PRUNED,0:00:00.571313,0.004672942459150397,156,3,2
153,1.0378827989756405,PRUNED,0:00:00.463371,0.004423065317037621,209,3,2
154,1.0173213278854287,PRUNED,0:00:00.434406,0.004703133331389846,208,3,2
155,1.1503381618986959,PRUNED,0:00:00.466390,0.0029408538529735336,206,3,2
156,1.036894855194522,PRUNED,0:00:00.594509,0.0028312719464386026,142,3,2
157,1.1662276239805325,PRUNED,0:00:00.464121,0.0027838716738059275,205,3,2
158,1.1369515246152877,PRUNED,0:00:00.473980,0.002858898323138348,190,3,2
159,0.0031324346559114926,COMPLETE,0:00:17.102638,0.014363228536386176,190,3,2
160,0.8908686328817297,PRUNED,0:00:00.453303,0.00842267099041954,234,3,2
161,0.0032416383524510816,COMPLETE,0:00:18.000439,0.014065690883864248,189,3,2
162,0.04365557051802936,PRUNED,0:00:02.776254,0.01308629535141768,200,3,2
163,0.0029629368142722688,COMPLETE,0:00:18.871814,0.014236718478173855,199,3,2
164,0.03536139056825685,PRUNED,0:00:11.170055,0.03014321607801122,75,3,2
165,0.03562800632050586,PRUNED,0:00:15.077940,0.030592618059450884,75,3,2
166,0.003944732075570847,COMPLETE,0:00:25.006534,0.00626037912570162,79,3,2
167,0.004071410191110952,COMPLETE,0:00:33.884706,0.006624658376469591,56,3,2
168,0.004167347533833242,COMPLETE,0:00:25.372440,0.0067216096128734784,77,3,2
169,0.004787304626577664,COMPLETE,0:00:40.052407,0.007845555988649354,43,3,2
170,0.04313688533500916,PRUNED,0:00:09.197424,0.014467850594254834,37,3,2
171,0.002882855044735099,COMPLETE,0:00:18.720701,0.01380046508042995,187,3,2
172,0.04818522294554732,PRUNED,0:00:06.739624,0.02255605074443378,43,3,2
173,0.0029162269335202737,COMPLETE,0:00:17.618545,0.01251500338423711,197,3,2
174,0.050352164279473456,PRUNED,0:00:01.999073,0.015565604759471167,200,3,2
175,0.8467226658285278,PRUNED,0:00:00.494626,0.007268035214824748,195,3,2
176,0.0030721001055758397,COMPLETE,0:00:17.955349,0.013207959745707721,188,3,2
177,0.7249697308139046,PRUNED,0:00:00.494213,0.00940127142408317,188,3,2
178,0.036264332570135595,PRUNED,0:00:07.716055,0.020712634234111186,90,3,2
179,0.04296885113067487,PRUNED,0:00:03.127736,0.020626709606600607,186,3,2
180,0.7452128404701078,PRUNED,0:00:00.421455,0.01270920881441954,256,3,2
181,0.03392818884678044,PRUNED,0:00:06.736643,0.013215220987034527,179,3,2
182,0.7403284546940826,PRUNED,0:00:00.489202,0.01395843022012487,220,3,2
183,1.791920496771733,PRUNED,0:00:00.510729,0.00022644856063609058,198,3,2
184,0.7826208293748399,PRUNED,0:00:00.498400,0.009227533603890765,197,3,2
185,0.7103879424787704,PRUNED,0:00:00.479430,0.009029256498749057,180,3,2
186,0.004002796591243281,COMPLETE,0:00:18.736272,0.011713506685625232,179,3,2
187,0.04966375433387012,PRUNED,0:00:01.937879,0.012077492063797908,174,3,2
188,0.003014042187986045,COMPLETE,0:00:18.276185,0.011821836963853645,192,3,2
189,0.10680316170357694,PRUNED,0:00:00.950552,0.012145182967342972,191,3,2
190,0.0032300420583366404,COMPLETE,0:00:18.669273,0.016010099432501996,184,3,2
191,0.11333777916197683,PRUNED,0:00:00.962677,0.01560258365970987,186,3,2
192,0.7791281541695401,PRUNED,0:00:00.480397,0.007737547725339329,193,3,2
193,0.0452751776063314,PRUNED,0:00:02.400758,0.01888025266152742,203,3,2
194,0.09076686766236386,PRUNED,0:00:00.941064,0.018987812850487673,202,3,2
195,0.700553752271072,PRUNED,0:00:00.531029,0.009596080821132563,179,3,2
196,0.8002424316273795,PRUNED,0:00:00.427848,0.010122418229337661,211,3,2
197,0.09609420789242948,PRUNED,0:00:00.972423,0.01685606402704625,185,3,2
198,0.0955502157940448,PRUNED,0:00:00.975526,0.01629699020188226,184,3,2
199,0.10299025381942398,PRUNED,0:00:01.181875,0.02526045538304983,184,3,2
200,0.09814481703298432,PRUNED,0:00:00.944960,0.022904697515554105,193,3,2
201,0.12705205802363578,PRUNED,0:00:01.063106,0.023652024185447255,192,3,2
202,0.04849391924787541,PRUNED,0:00:02.047253,0.011206262269089105,193,3,2
203,0.9208425202152946,PRUNED,0:00:00.546296,0.005302355375717052,172,3,2
204,0.9769302907710274,PRUNED,0:00:00.482905,0.0054463490630985234,197,3,2
205,0.7125129109805393,PRUNED,0:00:00.469869,0.010872797024455762,196,3,2
206,0.7748813502814459,PRUNED,0:00:00.454941,0.011488837539211906,207,3,2
207,0.004232374009614972,COMPLETE,0:01:06.141780,0.008032101078197143,19,3,2
208,0.9026982056630122,PRUNED,0:00:00.422608,0.00868370100701081,246,3,2
209,0.0586910404637456,PRUNED,0:00:01.482887,0.015157500778341777,190,3,2
210,0.005142168445075942,COMPLETE,0:00:19.663890,0.012954519818019051,118,3,2
211,0.7308081164058432,PRUNED,0:00:00.505866,0.015322547535974193,228,3,2
212,0.8012993276709377,PRUNED,0:00:00.561214,0.007614368864408378,188,3,2
213,0.7435805160423805,PRUNED,0:00:00.492674,0.013209007046532837,217,3,2
214,0.7490191351030474,PRUNED,0:00:00.502178,0.00807947202964491,177,3,2
215,0.769668692322535,PRUNED,0:00:00.549313,0.007997918230224233,177,3,2
216,0.8458695480471881,PRUNED,0:00:02.114082,0.0005454365313037479,25,3,2
217,0.050275706365376135,PRUNED,0:00:08.700377,0.017932400872231205,26,3,2
218,1.030352037603205,PRUNED,0:00:00.515768,0.0038240218160340246,173,3,2
219,0.8038228100590539,PRUNED,0:00:00.511671,0.006225204080760335,166,3,2
220,0.7086062151761282,PRUNED,0:00:00.485197,0.010355728234796434,181,3,2
221,0.03934541192748362,PRUNED,0:00:04.878005,0.014192123083111501,113,3,2
222,0.9248936032095263,PRUNED,0:00:00.505755,0.005678605040878426,203,3,2
223,0.0039972906278959355,COMPLETE,0:00:20.499817,0.013914547051210462,124,3,2
224,0.6435072465240955,PRUNED,0:00:00.531248,0.013284303947259914,189,3,2
225,0.037914745339186366,PRUNED,0:00:05.342342,0.018978672168210548,124,3,2
226,0.0357825570915005,PRUNED,0:00:05.284148,0.019035117258101687,187,3,2
227,0.11253814929232155,PRUNED,0:00:01.014609,0.01760263410627045,196,3,2
228,0.09156720312802415,PRUNED,0:00:00.990169,0.018946444700788587,199,3,2
229,0.7495330831220558,PRUNED,0:00:00.563650,0.008727793834135054,171,3,2
230,0.7225384122016383,PRUNED,0:00:00.509743,0.00978780654605487,186,3,2
231,0.7238241733581412,PRUNED,0:00:00.525354,0.009725324288028424,186,3,2
232,0.7010839875130093,PRUNED,0:00:00.508902,0.011002311269572837,186,3,2
233,0.03439996315084203,PRUNED,0:00:40.898996,0.014009797203839358,17,3,2
234,0.9289388313323637,PRUNED,0:00:00.459143,0.013210266479220474,239,2,2
235,0.03367230362152752,PRUNED,0:00:09.034560,0.014361674801413957,120,2,2
236,0.11442536160801396,PRUNED,0:00:01.042972,0.02097700548368413,191,3,2
237,0.11986146097654825,PRUNED,0:00:00.980977,0.03488403081705375,209,3,2
238,0.802460551119986,PRUNED,0:00:00.567830,0.006802044971266278,180,3,2
239,0.05867469883081633,PRUNED,0:00:02.141364,0.014899976645992423,106,3,2
240,0.05758838016878475,PRUNED,0:00:01.487769,0.012597286204074673,173,3,2
241,0.04096747254696461,PRUNED,0:00:03.548237,0.012881080661258298,174,3,2
242,0.06527450164923301,PRUNED,0:00:05.147748,0.014831483479197497,33,3,2
243,0.916019317908929,PRUNED,0:00:00.545283,0.005756750054470531,183,3,2
244,1.104271564358159,PRUNED,0:00:00.526039,0.0034746410747515926,200,3,2
245,0.0691110531010168,PRUNED,0:00:02.473980,0.007249754423340062,85,3,2
246,0.6859465944345551,PRUNED,0:00:00.506340,0.009790024752464608,192,3,2
247,0.7336768500315838,PRUNED,0:00:00.556294,0.007147060998899393,162,3,2
248,0.004692636006925941,COMPLETE,0:00:45.040890,0.007200081421216296,34,3,2
249,0.004943071492279423,COMPLETE,0:00:41.424122,0.008478404767700006,36,3,2
250,0.04805523336678073,PRUNED,0:00:13.183823,0.00464179673801338,17,3,2
251,1.0128732805068676,PRUNED,0:00:00.546185,0.004264111609191662,182,3,2
252,1.7406117277047068,PRUNED,0:00:00.536751,0.00036392149003943174,195,3,2
253,0.7644132649161152,PRUNED,0:00:00.482281,0.008886862095366557,196,3,2
254,0.04558500457965469,PRUNED,0:00:17.013997,0.00920811368133023,16,3,2
255,0.9660825446248055,PRUNED,0:00:00.494315,0.005295383353956434,189,3,2
256,0.003987614163364322,COMPLETE,0:01:16.041455,0.01022351626627959,16,3,2
257,0.6851610356511978,PRUNED,0:00:00.547403,0.011132941716026402,183,3,2
258,0.8232401445988686,PRUNED,0:00:00.462933,0.008914820414243609,205,3,2
259,0.9532633521977593,PRUNED,0:00:00.469363,0.006068323485400225,223,3,2
260,0.791624541028162,PRUNED,0:00:00.471278,0.010898354804389582,213,3,2
261,0.09205606721539412,PRUNED,0:00:01.057210,0.02769654204972404,168,3,2
262,0.7737018748967335,PRUNED,0:00:00.526358,0.008468667829623664,191,3,2
263,0.0030086611586158385,COMPLETE,0:01:06.699977,0.004757331665214707,19,3,2
264,0.7914448043453359,PRUNED,0:00:00.558132,0.007057116744821282,178,3,2
265,0.6340994942695537,PRUNED,0:00:00.522398,0.016058563036229087,201,3,2
266,0.7487661083145897,PRUNED,0:00:00.681654,0.010649028316206175,188,3,3
267,0.13387311270667446,PRUNED,0:00:01.116755,0.02299945799855549,175,3,2
268,0.0036756558289084544,COMPLETE,0:00:35.647634,0.007511737072400496,52,3,2
269,0.004278519397788913,COMPLETE,0:00:21.442286,0.016717304467975785,198,3,2
270,0.8786224078100461,PRUNED,0:00:00.473277,0.005873428680481808,182,3,2
271,0.003593815722729972,COMPLETE,0:00:33.531344,0.01699773558844756,51,3,2
272,1.070502899511896,PRUNED,0:00:00.522162,0.0037870187852775943,191,3,2
273,1.572500046051416,PRUNED,0:00:01.195183,0.00013857141946322518,51,3,2
274,0.038226367090225526,PRUNED,0:00:09.966413,0.011667676971074905,49,3,2
275,0.7604630249802784,PRUNED,0:00:00.434672,0.011498398389039186,205,3,2
276,1.821729392540164,PRUNED,0:00:00.461826,1.9491430067574255e-05,231,3,2
277,0.8212890801499191,PRUNED,0:00:00.500819,0.007019255807556912,184,3,2
278,0.1344371111583464,PRUNED,0:00:00.890057,0.019420101146446316,195,3,2
279,0.6376297723972935,PRUNED,0:00:00.471141,0.01805766167863253,218,3,2
280,0.7832574960258272,PRUNED,0:00:00.490100,0.011057143590877531,212,3,2
281,0.649102241914963,PRUNED,0:00:00.523680,0.011395075256099323,177,3,2
282,0.6671023270913533,PRUNED,0:00:00.529492,0.011295906103372536,180,3,2
283,0.9143056788734186,PRUNED,0:00:00.521338,0.005520899793243068,177,3,2
284,1.1278655529022217,PRUNED,0:00:00.439822,0.004404430049902708,250,3,2
285,1.005951193889769,PRUNED,0:00:00.556106,0.004931301522214872,188,3,2
286,0.06497517544110971,PRUNED,0:00:01.546398,0.014717251481831516,170,3,2
287,0.09238029515321276,PRUNED,0:00:01.044991,0.024131299093757656,168,3,2
288,0.1504606893286109,PRUNED,0:00:01.049279,0.0477800930706145,170,3,2
289,0.6431648938896808,PRUNED,0:00:00.481012,0.014497636872316802,201,3,2
290,1.2465405190477565,PRUNED,0:00:00.502472,0.001948410507058234,194,3,2
291,1.0868808329105377,PRUNED,0:00:00.614364,0.0033332337134973212,194,3,2
292,0.7170178803558253,PRUNED,0:00:00.502174,0.008947509993646388,194,3,2
293,0.7261728084847039,PRUNED,0:00:00.512401,0.009609602792597408,186,3,2
294,0.741217686857992,PRUNED,0:00:00.504136,0.009266495264031765,185,3,2
295,0.866472109860065,PRUNED,0:00:00.514414,0.006304373658167675,186,3,2
296,0.09509675623849034,PRUNED,0:00:00.986444,0.01739117220322804,183,3,2
297,0.04926130293357757,PRUNED,0:00:04.010654,0.01622416184668182,61,3,2
298,0.0500342991385906,PRUNED,0:00:04.157810,0.020930085161498305,58,3,2
299,1.8220500077890314,PRUNED,0:00:00.499483,7.7406134812199e-06,207,3,2
300,0.051063934658119016,PRUNED,0:00:03.736747,0.013320108506982592,67,3,2
301,0.1360012201939599,PRUNED,0:00:01.134716,0.022361828863138148,161,3,2
302,0.1126399148810417,PRUNED,0:00:00.946972,0.02291912064420912,202,3,2
303,0.8584195143298099,PRUNED,0:00:00.526210,0.007138492793910976,200,3,2
304,0.13146253490317478,PRUNED,0:00:01.198511,0.03144691552329737,138,3,2
305,0.13754683836026393,PRUNED,0:00:01.030685,0.029142303615148236,201,3,2
306,0.06565620679408311,PRUNED,0:00:01.967095,0.028727102173793016,190,3,3
307,0.08813749551020487,PRUNED,0:00:01.026423,0.013553509089415392,191,3,2
308,1.2418822745482128,PRUNED,0:00:00.460640,0.0024463275729435015,226,3,2
309,0.934977642915867,PRUNED,0:00:00.579921,0.005194993312280584,176,3,2
310,0.764302926049346,PRUNED,0:00:00.574933,0.013191607348028057,225,3,3
311,0.12113126529560934,PRUNED,0:00:01.463642,0.012507866926069429,153,3,3
312,0.03522441858851065,PRUNED,0:00:08.542599,0.013243171145561287,149,3,2
313,0.7933236319157813,PRUNED,0:00:00.491457,0.010443010156573299,211,3,2
314,1.0483595645427704,PRUNED,0:00:00.514802,0.003858079787842554,190,3,2
315,0.9619279598432874,PRUNED,0:00:00.602550,0.0038096774271312132,150,3,2
316,0.030537698846397825,PRUNED,0:00:12.284006,0.008094243629219617,89,2,2
317,0.7485762442861285,PRUNED,0:00:00.529427,0.09472958978858209,180,3,2
318,0.7681607375542323,PRUNED,0:00:00.541259,0.007751029064022401,180,3,2
319,0.8727067556570877,PRUNED,0:00:00.503758,0.008346169803748962,216,3,2
320,0.8758417571132834,PRUNED,0:00:00.486766,0.008201590420719756,215,3,2
321,0.8219497846118335,PRUNED,0:00:00.466818,0.016482714448533036,218,2,2
322,0.730352577935789,PRUNED,0:00:00.530635,0.016731336539873774,196,2,2
323,0.9910317109897733,PRUNED,0:00:00.487687,0.006248245498473727,197,2,2
324,0.0035500627920880246,COMPLETE,0:00:22.843469,0.010840469038859005,93,3,2
325,0.6893165408185234,PRUNED,0:00:00.555639,0.010167041130586387,176,3,2
326,0.6508274784554606,PRUNED,0:00:00.599137,0.0106934062630693,165,3,2
327,1.5592010073039844,PRUNED,0:00:00.476677,0.000753234375511474,206,3,2
328,0.8079771665009585,PRUNED,0:00:00.563946,0.005965217785038452,173,3,2
329,1.8046519289368308,PRUNED,0:00:00.789124,7.041200432596935e-05,87,3,2
330,0.03442566907076242,PRUNED,0:00:11.347396,0.012553384412351548,87,3,2
331,0.628359379771265,PRUNED,0:00:00.531449,0.012584658731752562,184,3,2
332,0.08875789803148497,PRUNED,0:00:00.977789,0.018799280624359104,187,3,2
333,0.056311719752416646,PRUNED,0:00:02.770080,0.004895020421818625,73,3,2
334,0.7435747549088314,PRUNED,0:00:00.495194,0.008878117636119546,191,3,2
335,0.7638844460851014,PRUNED,0:00:00.519514,0.009412920854005418,191,3,2
336,0.8238446110716233,PRUNED,0:00:00.540862,0.00694697229627346,182,3,2
337,1.1916785700411736,PRUNED,0:00:00.501658,0.00314618129321418,240,3,2
338,0.06158734567819804,PRUNED,0:00:04.360027,0.01648313180136636,43,3,2
339,0.04840817756485194,PRUNED,0:00:02.013410,0.015743393377275525,198,3,2
340,0.056584960699660104,PRUNED,0:00:02.583014,0.011434670195207285,92,3,2
341,0.661625219594448,PRUNED,0:00:00.632813,0.011154947311619687,174,3,2
342,0.8456323787018105,PRUNED,0:00:00.469587,0.010895108247926385,234,3,2
343,0.05953379895757226,PRUNED,0:00:01.493131,0.02053965273777496,186,3,2
344,0.9353146848224458,PRUNED,0:00:00.545161,0.0054267267137397615,180,3,2
345,0.0481488745835127,PRUNED,0:00:02.761827,0.005033304231605983,99,3,2
346,0.048781982924214644,PRUNED,0:00:02.882065,0.021865818438147114,94,3,2
347,0.621788740158081,PRUNED,0:00:00.488230,0.02009711883304947,208,3,2
348,0.8024249090121525,PRUNED,0:00:00.552562,0.007041665971139528,188,3,2
349,0.8770217158130764,PRUNED,0:00:00.533070,0.006466061116302774,196,3,2
350,0.8626130981150494,PRUNED,0:00:00.485386,0.006570968467101126,204,3,2
351,0.963980850763619,PRUNED,0:00:00.508591,0.005720747782063769,197,3,2
352,1.8227560748792675,PRUNED,0:00:00.632034,1.1299578591100729e-06,130,3,2
353,1.032125666044479,PRUNED,0:00:00.486153,0.00459767189803713,221,3,2
354,1.0056652432138269,PRUNED,0:00:00.586097,0.004211156007264913,172,3,2
355,0.7177924420684576,PRUNED,0:00:00.550263,0.009265648225991742,170,3,2
356,0.0032801104182793167,COMPLETE,0:00:21.379297,0.014685609207529898,109,3,2
357,0.033802132148827824,PRUNED,0:00:06.779750,0.014463525916706521,180,3,2
358,0.09506467013404919,PRUNED,0:00:00.961031,0.013993785393823168,183,3,2
359,0.6380831879196744,PRUNED,0:00:00.498157,0.014516235287822398,191,3,2
360,0.055660466018777624,PRUNED,0:00:01.453962,0.01462337190594251,182,3,2
361,0.05681013518146106,PRUNED,0:00:01.467871,0.014611295012748828,181,3,2
362,0.6888213508597044,PRUNED,0:00:00.515861,0.009493940057612001,177,3,2
363,0.0031353504835087706,COMPLETE,0:00:19.779762,0.012249582692755138,164,3,2
364,1.1657076849732348,PRUNED,0:00:00.481222,0.002790608790912954,203,3,2
365,1.1059191504068542,PRUNED,0:00:00.533032,0.0026583350490936813,166,3,2
366,0.6729749771284645,PRUNED,0:00:00.531318,0.010533792349474446,164,3,2
367,0.8731591606533134,PRUNED,0:00:00.620590,0.007756925542951121,209,3,2
368,0.8108944576978684,PRUNED,0:00:00.483047,0.007573609007227703,190,3,2
369,0.10878611378827874,PRUNED,0:00:01.019508,0.025012988941288155,194,3,2
370,1.7156305337438778,PRUNED,0:00:00.509781,0.00041146624261347806,193,3,2
371,0.1166541504232507,PRUNED,0:00:00.998125,0.02533009395100807,199,3,2
372,1.4511686118025529,PRUNED,0:00:00.510754,0.0010178285131486032,200,3,2
373,1.8226972688542735,PRUNED,0:00:00.522812,3.3058343148694746e-06,187,3,2
374,0.6945051766268098,PRUNED,0:00:00.516577,0.010797491751343546,187,3,2
375,0.6694947575854364,PRUNED,0:00:00.552391,0.011247259040787537,177,3,2
376,0.06710185684884588,PRUNED,0:00:01.743713,0.017549340835766827,158,3,2
377,0.043173158168792726,PRUNED,0:00:02.973464,0.017175578454338505,173,3,2
378,0.003893760330182955,COMPLETE,0:00:22.230554,0.018216394274699784,109,3,2
379,1.8202907204627992,PRUNED,0:00:00.474844,3.8698204221570415e-05,212,3,2
380,0.0046140185271275535,COMPLETE,0:01:36.846247,0.003307585985463792,12,3,2
381,1.080244578745054,PRUNED,0:00:00.466976,0.003681717912108581,207,3,2
382,1.1201596649793477,PRUNED,0:00:00.434854,0.004162367921345797,245,3,2
383,0.004118967491073734,COMPLETE,0:01:48.454957,0.003388066341935105,10,3,2
384,0.004106263384440843,COMPLETE,0:00:43.707185,0.0034378733819175715,31,3,2
385,1.0769227048871237,PRUNED,0:00:00.657819,0.0015678291514123108,106,3,2
386,0.003205607733209303,COMPLETE,0:00:55.593222,0.002114163438310607,23,3,2
387,0.0033730477535594047,COMPLETE,0:00:39.554921,0.005458803722593206,37,3,2
388,0.044744413977457306,PRUNED,0:00:04.039956,0.019687734056121942,107,3,2
389,0.8008247214119609,PRUNED,0:00:00.490852,0.012944373232191143,232,3,2
390,0.07355814977641971,PRUNED,0:00:24.998698,0.012731851908699623,6,3,2
391,0.04406176976824835,PRUNED,0:00:12.477729,0.008632870044595042,22,3,2
392,0.06670011340056435,PRUNED,0:00:19.663005,0.013054866454992193,8,3,2
393,1.110268280132493,PRUNED,0:00:00.609179,0.0021237959872739427,141,3,2
394,0.043512456852292256,PRUNED,0:00:09.387378,0.012795050706501753,30,3,2
395,0.762489607653667,PRUNED,0:00:00.521007,0.009328180620785777,195,3,2
396,0.05790246404707432,PRUNED,0:00:04.245008,0.013752589787495087,42,3,2
397,0.042657601993438626,PRUNED,0:00:03.489204,0.015259779836684206,157,3,2
398,0.06011829803317365,PRUNED,0:00:04.886304,0.01620144810024811,38,3,2
399,0.004125962808748162,COMPLETE,0:00:47.127577,0.0034071459285061677,29,3,2
400,0.0041767534003029775,COMPLETE,0:00:38.278640,0.005180749271138763,42,3,2
401,0.0037308787962264654,COMPLETE,0:00:38.278171,0.003508051947711974,40,3,2
402,0.9801113434221552,PRUNED,0:00:00.496448,0.005234117375148873,219,3,2
403,0.04705576476675493,PRUNED,0:00:07.819580,0.006004971743658122,28,3,2
404,0.0035435638266633623,COMPLETE,0:01:33.692224,0.006211753469561932,13,3,2
405,1.116343085483838,PRUNED,0:00:00.472317,0.0033003544020561667,203,3,2
406,0.003681737157985277,COMPLETE,0:00:52.376182,0.004343042010619843,24,3,2
407,0.0034333210502304847,COMPLETE,0:00:50.505950,0.002961987917769112,25,3,2
408,0.08252695553182136,PRUNED,0:00:04.393445,0.002371163149289237,25,3,2
409,0.04825424878274054,PRUNED,0:00:18.197306,0.002744698900745711,11,3,2
410,1.1980390965938568,PRUNED,0:00:00.421659,0.0030130807632817343,238,3,2
411,0.0038411535154440997,COMPLETE,0:01:00.035251,0.008303460875052729,22,3,2
412,0.892459310690562,PRUNED,0:00:00.401220,0.008214703431429606,253,3,2
413,0.09109945797708706,PRUNED,0:00:05.223899,0.0018434331135776915,20,3,2
414,0.9583563370522389,PRUNED,0:00:03.853575,0.00021233025894738775,13,3,2
415,0.0031987269090250894,COMPLETE,0:01:11.401746,0.007134499898220966,36,3,3
416,0.0032836998021373034,COMPLETE,0:01:13.129112,0.007195038938420464,16,3,2
417,0.003319528246270347,COMPLETE,0:01:33.807492,0.004360188824562625,22,3,3
418,0.03604649818676003,PRUNED,0:00:07.200844,0.009197092590952633,80,3,2
419,0.0966999442827088,PRUNED,0:00:05.941282,0.0012740995641177936,18,3,2
420,0.004336955895567007,COMPLETE,0:01:36.238883,0.007017134208352235,21,3,3
421,0.7857352937712814,PRUNED,0:00:00.507477,0.007022977202081822,192,3,2
422,0.00454941762028338,COMPLETE,0:01:10.578961,0.006655959439883379,35,3,3
423,0.003047515226421749,COMPLETE,0:00:33.535003,0.010456752574547923,47,3,2
424,0.004431998651734851,COMPLETE,0:01:43.626063,0.01104529455471787,36,3,3
425,0.04621355163936432,PRUNED,0:00:06.898613,0.010181994581556929,33,3,2
426,0.04726710554744516,PRUNED,0:00:04.382495,0.011042783245028774,54,3,2
427,0.054204987745124396,PRUNED,0:00:03.726728,0.020993876262885725,67,3,3
428,0.046750847771763804,PRUNED,0:00:09.576888,0.020419569419320903,63,3,3
429,0.033483437361753535,PRUNED,0:00:14.412407,0.011882841153678648,48,3,2
430,0.04061967850707117,PRUNED,0:00:07.726750,0.01135289160367641,45,3,2
431,0.003177774494133272,COMPLETE,0:01:09.090494,0.011589958191675456,43,3,3
432,0.05178831724656953,PRUNED,0:00:19.782364,0.017282903285578792,35,3,3
433,0.05541410598044212,PRUNED,0:00:02.165043,0.016366005044533352,146,3,3
434,0.004136526157404505,COMPLETE,0:01:54.170507,0.007448034902819076,19,3,3
435,0.003927050977263953,COMPLETE,0:01:53.479635,0.0073117895110444775,19,3,3
436,0.003753413104499664,COMPLETE,0:01:02.844854,0.008294618004160686,46,3,3
437,0.0038929342704028917,COMPLETE,0:01:44.366870,0.008087546628593524,22,3,3
438,0.003520981089669235,COMPLETE,0:00:58.003899,0.008801462571179608,50,3,3
439,0.004048341907872623,COMPLETE,0:00:56.261344,0.0088277022819167,48,3,3
440,0.00453582566485298,COMPLETE,0:01:05.825839,0.009360833927677755,47,3,3
441,0.0032285475780356888,COMPLETE,0:01:00.693670,0.00956000014775646,49,3,3
442,0.0028932363420878186,COMPLETE,0:00:58.741720,0.009934298766980784,50,3,3
443,0.04497384717302746,PRUNED,0:00:06.759046,0.01373026684595361,46,3,3
444,0.003819111241310794,COMPLETE,0:01:03.578126,0.009627306154482717,43,3,3
445,0.003697795159278333,COMPLETE,0:01:10.225378,0.012305321314963643,41,3,3
446,0.6215980404923702,PRUNED,0:00:00.618468,0.012811227015233623,164,3,3
447,0.0034838164397729614,COMPLETE,0:01:04.767214,0.009606575186100806,39,3,3
448,0.004755390705213579,COMPLETE,0:01:03.285773,0.010088397164855078,40,3,3
449,0.22566779489802608,PRUNED,0:00:03.841061,0.03461551960432118,40,3,3
450,0.5039698832388063,PRUNED,0:00:00.476448,0.024688053307837975,185,3,2
451,0.052592834137791505,PRUNED,0:00:02.920977,0.010273671008286125,58,3,2
452,0.04478845131184374,PRUNED,0:00:05.349777,0.015435367208522885,54,3,2
453,0.03266502040187045,PRUNED,0:00:23.219417,0.016061581676808958,30,3,2
454,1.8227258499930887,PRUNED,0:00:01.669282,1.7537402634023344e-06,53,3,3
455,0.03613679897749708,PRUNED,0:00:15.705898,0.010535423029314686,45,3,3
456,0.0036279665313122527,COMPLETE,0:01:11.599340,0.011072671155036852,39,3,3
457,0.03650686800188977,PRUNED,0:00:12.354583,0.011687927825584404,41,2,3
458,0.03488909659824727,PRUNED,0:00:15.733470,0.0103090459344238,44,3,3
459,0.004245448081841053,COMPLETE,0:00:55.394981,0.013001532353220555,55,3,3
460,0.5853015986504033,PRUNED,0:00:01.469288,0.002213883148811761,59,3,3
461,0.003303077551323101,COMPLETE,0:00:56.153733,0.012494648574326079,51,3,3
462,0.04577077970046688,PRUNED,0:00:06.317992,0.012282136951241479,50,3,3
463,0.0036726328464379344,COMPLETE,0:00:55.870857,0.013451250435246306,53,3,3
464,0.057464910663418044,PRUNED,0:00:06.007161,0.02023165655299302,39,3,3
465,0.06065026546268156,PRUNED,0:00:06.070825,0.018726759935802355,38,3,3
466,0.004027147338443972,COMPLETE,0:01:01.494451,0.016255677328377842,54,3,3
467,0.003657378067811894,COMPLETE,0:00:58.926556,0.013776960746443056,55,3,3
468,0.044825104630057705,PRUNED,0:00:06.344581,0.01312566032392583,51,3,3
469,0.04531595576022353,PRUNED,0:00:05.988534,0.013504595336010762,54,3,3
470,0.9965473705530167,PRUNED,0:00:00.593095,0.004923304541933557,190,3,3
471,0.930176106095314,PRUNED,0:00:00.583124,0.005848949439493159,189,3,3
472,0.6449223111073176,PRUNED,0:00:00.654698,0.016240450249765996,197,3,3
473,0.6567426438753804,PRUNED,0:00:00.621319,0.01594341737723411,198,3,3
474,0.004642740773203298,COMPLETE,0:01:18.282199,0.008280137028505568,32,3,3
475,0.7750644929779386,PRUNED,0:00:00.570519,0.008577968308318673,184,3,3
476,0.840930485063129,PRUNED,0:00:00.448454,0.006284798145499811,192,3,2
477,0.7923436936806645,PRUNED,0:00:01.036657,0.0016640899525328867,56,3,2
478,0.0732353702530883,PRUNED,0:00:03.594778,0.012312223477163606,29,3,2
479,0.5109043138868669,PRUNED,0:00:00.472060,0.024867508062151926,186,3,2
480,0.7972862455106917,PRUNED,0:00:00.608700,0.00794602720950911,181,3,3
481,0.04146134086161644,PRUNED,0:00:07.836560,0.010039772167785375,33,3,2
482,1.057425646732251,PRUNED,0:00:00.455072,0.004089698285441223,197,3,2
483,0.04452380948584445,PRUNED,0:00:04.694502,0.012496453722733517,46,3,2
484,0.8623044963697998,PRUNED,0:00:00.461215,0.00628920220095992,194,3,2
485,0.06551511376285492,PRUNED,0:00:02.317096,0.01886424806014095,49,3,2
486,0.6335915932629971,PRUNED,0:00:00.493773,0.01843117428971727,202,3,2
487,0.6289554468177735,PRUNED,0:00:00.454990,0.018335762698154397,202,3,2
488,1.1714926395460823,PRUNED,0:00:00.544740,0.002275312843865049,177,3,2
489,0.7541952683488922,PRUNED,0:00:00.463954,0.008443089401349007,187,3,2
490,1.5870686864852905,PRUNED,0:00:00.493684,0.0006190948256023037,189,3,2
491,1.0102175638383748,PRUNED,0:00:00.460688,0.004592004888721978,193,3,2
492,0.9732816582634336,PRUNED,0:00:00.488051,0.004723257747497985,181,3,2
493,0.59085495110069,PRUNED,0:00:00.491550,0.014760956727614306,181,3,2
494,0.05361863496850749,PRUNED,0:00:03.018101,0.014539196660874892,62,3,2
495,0.5873279936105302,PRUNED,0:00:00.496745,0.014926868241648156,184,3,2
496,0.7786727436248538,PRUNED,0:00:00.475274,0.0077049175218917515,185,3,2
497,0.696401578865268,PRUNED,0:00:00.486141,0.009401928066570624,173,2,2
498,0.7333616239103404,PRUNED,0:00:00.505297,0.00925010755593546,172,3,2
499,0.6914764512842948,PRUNED,0:00:00.505701,0.00987909529243596,174,3,2
500,0.8819092162409607,PRUNED,0:00:00.493859,0.005752144893444071,194,3,2
501,0.5428634493314114,PRUNED,0:00:00.459587,0.0274387336452656,195,3,2
502,0.6018277319128981,PRUNED,0:00:00.472039,0.023163643854908707,195,3,2
503,0.8109901923649382,PRUNED,0:00:00.481482,0.00710895326497489,188,3,2
504,0.04456352573713939,PRUNED,0:00:06.792670,0.0073480285794330575,31,3,2
505,0.0726793780415685,PRUNED,0:00:35.109775,0.0071746016720914884,4,3,3
506,0.05104786778598294,PRUNED,0:00:06.682857,0.015384064919146023,33,3,3
507,0.04243815832908129,PRUNED,0:00:16.956485,0.011512067488378457,33,3,3
508,0.004035336859327835,COMPLETE,0:00:58.807435,0.011772048969081591,46,3,3
509,0.7244741987240942,PRUNED,0:00:00.453590,0.011084737702195452,199,3,2
510,0.0031891913136276803,COMPLETE,0:00:34.010326,0.010364981442424388,45,3,2
511,1.1677328020334243,PRUNED,0:00:00.497162,0.0025340100977644464,190,3,2
512,0.03921636169971196,PRUNED,0:00:07.350054,0.011307018353126868,46,3,2
513,0.8906026874547419,PRUNED,0:00:00.459139,0.006348262316808979,206,3,2
514,0.5523889613039089,PRUNED,0:00:00.478709,0.021459974016924316,179,3,2
515,0.779593352895034,PRUNED,0:00:00.473230,0.009065596632189586,200,3,2
516,0.7160442034695663,PRUNED,0:00:00.583986,0.01093168321298403,186,3,3
517,1.064968871949899,PRUNED,0:00:00.590165,0.0039930490761336725,191,3,2
518,0.03888178678850333,PRUNED,0:00:12.240806,0.005444224902765985,26,3,2
519,1.812816049451026,PRUNED,0:00:00.539317,0.00010269414811208833,178,3,2
520,0.93226742688215,PRUNED,0:00:00.513623,0.005364938989362064,179,3,2
521,0.04471289206957875,PRUNED,0:00:05.405802,0.00543224597057186,46,3,2
522,0.13786008487499896,PRUNED,0:00:02.711598,0.04193274824767494,45,3,2
523,0.040047894593383836,PRUNED,0:00:07.614282,0.008087675732667525,47,3,2
524,0.78541987034881,PRUNED,0:00:00.526239,0.007807812823032506,184,3,2
525,0.04289329932238034,PRUNED,0:00:10.197693,0.01879770590021813,26,3,2
526,0.05142990885092043,PRUNED,0:00:06.601913,0.009471219524375275,26,3,2
527,1.7770688726056008,PRUNED,0:00:00.483462,0.0002897265244419272,203,3,2
528,0.1750779553172661,PRUNED,0:00:23.805795,0.019264191154913443,4,3,2
529,0.6101504571811117,PRUNED,0:00:00.465301,0.019289455411041483,191,3,2
530,0.6894422252621271,PRUNED,0:00:00.517001,0.01066123470574392,168,3,2
531,0.6855120787707468,PRUNED,0:00:00.511223,0.012078301078362464,197,3,2
532,0.6224811465168992,PRUNED,0:00:00.487934,0.017051313561668793,198,3,2
533,0.06377147832140563,PRUNED,0:00:25.278891,0.007134196099563566,4,3,2
534,0.8228131607912554,PRUNED,0:00:00.500518,0.006994922775004239,188,3,2
535,1.0667491445304653,PRUNED,0:00:00.541617,0.0026488601293186025,134,2,2
536,0.06680967015076857,PRUNED,0:00:01.910588,0.013626723311691225,62,3,2
537,1.0787565741274092,PRUNED,0:00:00.456104,0.003875181570981485,210,3,2
538,0.0335505796117442,PRUNED,0:00:20.824655,0.01445514101759425,36,3,3
539,0.47597589071553487,PRUNED,0:00:00.595386,0.028162964277176718,183,3,3
540,0.004443237873675188,COMPLETE,0:04:04.427171,0.0018664067265434295,4,3,2
541,0.6907419052636512,PRUNED,0:00:00.472182,0.009378602899900975,177,3,2
542,0.5529965014464898,PRUNED,0:00:01.482067,0.0018543797408296476,38,3,2
543,0.6378157935580429,PRUNED,0:00:00.492150,0.016068111371137755,194,3,2
544,0.6473763629049063,PRUNED,0:00:00.457225,0.01215171188009887,189,3,2
545,0.7564559202068127,PRUNED,0:00:00.461086,0.009061710074125958,183,3,2
546,0.06319221542389304,PRUNED,0:00:01.769053,0.014630495201910263,70,3,2
547,0.3838411534209322,PRUNED,0:00:01.309563,0.004309569676288433,43,3,2
548,0.06546999868419436,PRUNED,0:00:02.580604,0.006345954734505385,42,3,2
549,0.037016478204942964,PRUNED,0:00:10.282285,0.006367035555061733,37,3,2
550,0.048382140341259185,PRUNED,0:00:06.136260,0.022896551619368575,50,3,3
551,0.04126667287886326,PRUNED,0:00:04.998024,0.009332136880411943,58,3,2
552,0.003386142832626335,COMPLETE,0:00:39.818758,0.009096238330668126,37,3,2
553,0.036771884399460504,PRUNED,0:00:08.363928,0.008739714903722579,58,3,2
554,0.004893759627842017,COMPLETE,0:00:36.950857,0.009148143212953652,48,3,2
555,0.05164153977344942,PRUNED,0:00:03.577828,0.011649190984442713,51,3,2
556,0.04141379471020724,PRUNED,0:00:05.872979,0.011519651252811717,50,3,2
557,0.05286872151447701,PRUNED,0:00:03.854038,0.011466941579961275,49,3,2
558,1.8194465626863492,PRUNED,0:00:01.439881,1.0048779983294482e-05,41,3,2
559,0.7919258146783231,PRUNED,0:00:01.263758,0.001389733034653242,49,3,2
560,0.5496131178010163,PRUNED,0:00:01.302054,0.0030620473687502786,47,3,2
561,0.950577237700994,PRUNED,0:00:00.584406,0.0046740038162493575,168,3,2
562,1.1293041479328405,PRUNED,0:00:00.496858,0.0030853380757513292,206,3,2
563,1.1127881817920233,PRUNED,0:00:00.530272,0.0032771634223011117,204,3,2
564,1.1272412256527973,PRUNED,0:00:00.485848,0.0031636831996874628,203,3,2
565,0.05473416811890072,PRUNED,0:00:04.092547,0.02190996766900446,42,3,2
566,0.06586041843989454,PRUNED,0:00:07.429548,0.01576528401990864,14,3,2
567,0.6058313924882371,PRUNED,0:00:00.832108,0.014408789145846769,160,3,3
568,0.062366358565789315,PRUNED,0:00:16.056793,0.016149726840324653,14,3,3
569,1.1517233824132516,PRUNED,0:00:01.433610,0.00043183508119764983,43,3,2
570,0.07016850773440084,PRUNED,0:00:08.398817,0.01672121734078355,13,3,2
571,0.5769862884638506,PRUNED,0:00:00.526112,0.01653348004864928,174,3,2
572,0.6282841934233295,PRUNED,0:00:00.500640,0.01723768635026999,194,3,2
573,0.7119040014792462,PRUNED,0:00:00.485463,0.008927142824319032,194,3,2
574,0.05176459852806177,PRUNED,0:00:11.814037,0.00962001996529335,13,3,2
575,1.1306166615947428,PRUNED,0:00:03.620766,0.00014270603681427796,14,3,2
576,0.1522596998583703,PRUNED,0:00:03.056329,0.032510845036871176,36,2,2
577,0.06889229313366943,PRUNED,0:00:04.213360,0.005670896745954213,30,2,3
578,0.8037191399253241,PRUNED,0:00:00.645540,0.007437098421718191,187,3,3
579,0.9222038275408513,PRUNED,0:00:00.666292,0.005997899020647727,185,3,3
580,0.13339133732200079,PRUNED,0:00:01.980698,0.07451779022152308,65,3,2
581,0.6836426723058577,PRUNED,0:00:00.554305,0.00963912425720172,176,3,2
582,0.21225711173481412,PRUNED,0:00:03.956515,0.06589975094422457,30,3,2
583,0.7173121906816959,PRUNED,0:00:00.490092,0.010686802003881002,197,3,2
584,1.2422463423327397,PRUNED,0:00:00.518544,0.0020332727889691648,200,3,2
585,1.1750926109296935,PRUNED,0:00:00.548189,0.002105711278987626,170,3,2
586,0.6408202059212185,PRUNED,0:00:00.542122,0.011842876185103797,181,3,2
587,0.6057812113847051,PRUNED,0:00:00.515260,0.013364062320684543,181,3,2
588,1.0246474719047547,PRUNED,0:00:00.545012,0.004725776550641263,190,3,2
589,0.8810530268483692,PRUNED,0:00:00.580878,0.007795884035071896,212,3,2
590,1.8206032538574013,PRUNED,0:00:00.617079,2.044994065390873e-05,127,3,2
591,0.043895826276423314,PRUNED,0:00:05.667956,0.009814182686205715,40,3,2
592,0.0383447068452955,PRUNED,0:00:09.102751,0.010070000357598304,38,3,2
593,0.0031052201573171703,COMPLETE,0:00:42.807907,0.009632844901662475,36,3,2
594,0.9640822405385416,PRUNED,0:00:01.118890,0.0009772685983181584,55,3,2
595,0.06388554070716256,PRUNED,0:00:02.109210,0.024135003227119155,58,3,2
596,0.0646596101216144,PRUNED,0:00:03.259079,0.02452887060397085,35,3,2
597,0.003521856865815096,COMPLETE,0:00:40.641370,0.004021800052857205,35,3,2
598,0.6193797597471549,PRUNED,0:00:00.501304,0.012842229560540503,193,3,2
599,0.6842763899488652,PRUNED,0:00:00.604062,0.013639662383317786,201,3,2
600,0.8869235033684588,PRUNED,0:00:00.591693,0.007199556617882151,201,3,3
601,0.8731400071372909,PRUNED,0:00:00.715250,0.00417697742658459,153,3,3
602,0.562460242825396,PRUNED,0:00:00.493943,0.020342801456303846,186,3,2
603,0.7783095127344132,PRUNED,0:00:00.515045,0.008087602153467837,189,3,2
604,0.88208748121838,PRUNED,0:00:00.433521,0.007657513496944922,208,3,2
605,0.9179727694502583,PRUNED,0:00:00.492193,0.005525148101473811,176,3,2
606,0.7192734546750505,PRUNED,0:00:00.509713,0.01054374763178915,177,3,2
607,0.7044763659889047,PRUNED,0:00:00.506171,0.010309912346513486,191,3,2
608,0.6120133196013142,PRUNED,0:00:00.490744,0.012964725375304811,192,3,2
609,0.04382726539070623,PRUNED,0:00:05.333779,0.01317388455080444,43,3,2
610,0.5750600108713434,PRUNED,0:00:00.542246,0.013137619944297584,167,3,2
611,0.04439720598707249,PRUNED,0:00:05.114281,0.018534841408889287,44,3,2
612,0.06314376116424174,PRUNED,0:00:03.654845,0.019682349484350797,44,3,3
613,0.8362681446144882,PRUNED,0:00:00.515370,0.0064561400759866275,184,3,2
614,1.078155053158601,PRUNED,0:00:00.493452,0.0037296692607297313,197,3,2
615,0.04438249974149021,PRUNED,0:00:09.551614,0.003954031582281091,22,3,2
616,0.4105829783966617,PRUNED,0:00:01.202601,0.005010922921348756,50,3,2
617,0.050363207534144916,PRUNED,0:00:09.606324,0.018291601312961907,24,3,3
618,0.06358709908416625,PRUNED,0:00:03.211278,0.004518797092192019,53,3,3
619,0.004194689432077174,COMPLETE,0:01:40.884898,0.005114059393466944,22,3,3
620,1.8183434299520544,PRUNED,0:00:00.706851,5.4852005579203816e-05,171,3,3
621,1.1488314672158315,PRUNED,0:00:00.532781,0.0025869218478886693,182,3,2
622,0.4265752007972591,PRUNED,0:00:00.645243,0.015201016861389336,120,3,2
623,0.02891687529959849,PRUNED,0:00:58.956976,0.0071271236221066145,25,3,3
624,0.04947818910378816,PRUNED,0:00:06.749541,0.008163073914194107,24,3,2
625,0.02643837168014475,PRUNED,0:00:39.749713,0.0065622078241261515,27,3,2
626,1.8225550042546315,PRUNED,0:00:00.496126,5.653478973690436e-06,206,3,2
627,0.9033160056035543,PRUNED,0:00:00.494204,0.006157150678024058,196,3,2
628,0.8785988499100009,PRUNED,0:00:00.498733,0.006499056280842925,197,3,2
629,0.6332389305531979,PRUNED,0:00:00.511752,0.01234798719539878,190,3,2
630,0.6847872071632064,PRUNED,0:00:00.530820,0.011514114450614017,187,3,2
631,0.06600198178522049,PRUNED,0:00:02.018850,0.014998466614918295,61,3,2
632,0.4629849505452615,PRUNED,0:00:00.540653,0.030492300473910612,179,3,2
633,0.5208647010912155,PRUNED,0:00:00.557033,0.015768857099535096,163,3,2
634,0.7123100537003255,PRUNED,0:00:00.652533,0.01063680913786067,186,3,3
635,0.06130611479787503,PRUNED,0:00:03.539156,0.007645437695783066,32,3,2
636,0.7435788741165942,PRUNED,0:00:00.527845,0.007746394867115973,173,3,2
637,0.6392238250171597,PRUNED,0:00:00.478155,0.021466686847588536,215,3,2
638,0.0514478848219925,PRUNED,0:00:05.659173,0.008830819897530718,29,3,2
639,0.7366594392628897,PRUNED,0:00:00.529813,0.010365011060627535,181,3,2
640,0.7279445067832344,PRUNED,0:00:00.615390,0.013455690822093662,199,3,3
641,0.931498562747782,PRUNED,0:00:00.520593,0.00553998146172233,191,3,2
642,0.40864072563616854,PRUNED,0:00:00.914588,0.009153774266959631,71,3,2
643,0.7628559997448554,PRUNED,0:00:00.487264,0.011808293697985438,208,3,2
644,0.051106766241939126,PRUNED,0:00:03.376346,0.01735568975715736,53,3,2
645,0.0625093794294766,PRUNED,0:00:02.224469,0.016283376271669446,54,3,2
646,0.06673463545585713,PRUNED,0:00:03.928681,0.026055543260893894,39,3,3
647,0.0035630893563945196,COMPLETE,0:01:41.247173,0.0025737364179297833,19,3,3
648,0.7696119104417003,PRUNED,0:00:00.453870,0.012609888905003093,194,2,2
649,1.1698480942874279,PRUNED,0:00:00.458134,0.0024302724202189593,184,3,2
650,0.9028737422667051,PRUNED,0:00:00.473361,0.00662583147879179,200,3,2
651,0.6754034493014077,PRUNED,0:00:00.506312,0.010859098995768592,177,3,2
652,0.004149590126430182,COMPLETE,0:01:46.741544,0.008345567425992425,18,3,3
653,0.003380516467165295,COMPLETE,0:01:14.415030,0.004879988354994314,33,3,3
654,0.003904549962663051,COMPLETE,0:01:16.971184,0.0051665773806696185,29,3,3
655,0.005909260849073039,COMPLETE,0:01:11.259014,0.0053575394752627655,34,3,3
656,0.06204580861661169,PRUNED,0:00:02.787124,0.0053915768025296976,42,3,2
657,0.06161273645979541,PRUNED,0:00:03.485565,0.00933123923840614,33,3,2
658,0.00397331522003836,COMPLETE,0:01:14.334850,0.008761737860154838,36,3,3
659,0.003384074224432325,COMPLETE,0:00:33.135175,0.008211389220362113,46,3,2
660,0.04395997988058341,PRUNED,0:00:11.896833,0.008546881207887332,18,3,2
661,0.07176869776952317,PRUNED,0:00:02.807130,0.008398056316515778,40,3,2
662,0.03608596415107122,PRUNED,0:00:08.675259,0.007854073768127105,46,3,2
663,0.003626375170202453,COMPLETE,0:00:36.638894,0.010825892819454909,47,3,2
664,0.07287068888545037,PRUNED,0:00:03.001235,0.010931008307960894,36,3,2
665,1.3686668231373742,PRUNED,0:00:01.252609,0.00021880978860638073,45,3,2
666,0.7954605476454247,PRUNED,0:00:00.455706,0.011370796187537906,221,3,2
667,1.0077678174462936,PRUNED,0:00:00.559998,0.0030886396172935347,145,3,2
668,0.5484479103414786,PRUNED,0:00:01.219225,0.0030802317051920303,50,3,2
669,0.0488340011049892,PRUNED,0:00:03.499747,0.013388415217722945,49,3,2
670,0.06215821836879093,PRUNED,0:00:02.777666,0.014161768402568244,41,3,2
671,0.06555437816419947,PRUNED,0:00:03.064047,0.014526500492980576,37,3,2
672,0.42347162649745035,PRUNED,0:00:00.974877,0.006693838007032689,60,3,2
673,0.06557650766335428,PRUNED,0:00:02.070202,0.009633091238798191,59,3,2
674,0.0652775516163958,PRUNED,0:00:02.808752,0.009931865289967765,39,3,2
675,0.7023102235534917,PRUNED,0:00:00.522792,0.009835101800225805,165,3,2
676,0.049380575556368815,PRUNED,0:00:03.787219,0.021468230710024565,44,3,2
677,0.0045056331040639564,COMPLETE,0:00:38.267417,0.0077044180793466,45,3,2
678,0.6066774161913062,PRUNED,0:00:00.453914,0.021192921921517633,204,3,2
679,0.7667292310847892,PRUNED,0:00:00.515728,0.007181090329880874,171,3,2
680,0.4551434834870689,PRUNED,0:00:01.239510,0.0035431194009638103,46,3,2
681,0.6656276987658607,PRUNED,0:00:00.445091,0.017056737231826463,210,3,2
682,0.0034043702342059614,COMPLETE,0:01:57.453391,0.001679757308936444,9,3,2
683,0.04346091310490448,PRUNED,0:00:03.803073,0.01175804054345558,65,3,2
684,0.06988544445685162,PRUNED,0:00:03.741595,0.012305032456223846,29,3,2
685,0.5628913258698499,PRUNED,0:00:00.503915,0.01313230259913236,178,2,2
686,1.2358668373440795,PRUNED,0:00:00.508751,0.0017860192237093618,179,3,2
687,1.1043954405439906,PRUNED,0:00:00.435340,0.004085329101102106,229,3,2
688,0.7262694914551342,PRUNED,0:00:00.458055,0.015167771457785998,224,3,2
689,0.9236019776009097,PRUNED,0:00:00.501848,0.0059924853176525315,188,3,2
690,0.7638743397864428,PRUNED,0:00:00.552886,0.006105151634722164,157,3,2
691,0.7252694456552973,PRUNED,0:00:00.615976,0.010032722280307474,194,3,3
692,0.7978965588795242,PRUNED,0:00:00.598898,0.009979314918210691,203,3,3
693,0.06772703353847777,PRUNED,0:00:02.239369,0.015815863526229924,54,3,2
694,1.522532560292957,PRUNED,0:00:00.493971,0.0007318611721785009,184,3,2
695,0.06201071432943261,PRUNED,0:00:02.154031,0.016118220167033365,55,3,2
696,0.7770541505380111,PRUNED,0:00:00.534746,0.007682116809542664,172,3,2
697,0.0468341263536687,PRUNED,0:00:22.496469,0.007142142712645147,9,3,2
698,0.5617122299914813,PRUNED,0:00:00.608583,0.0117004449449386,138,3,2
699,0.7832583274399296,PRUNED,0:00:00.474494,0.011110045297442684,213,3,2
700,0.5830798428697684,PRUNED,0:00:00.472953,0.01882684713785535,196,3,2
701,0.15060549717329025,PRUNED,0:00:10.799653,0.019368170745612416,9,3,2
702,1.1770477789821048,PRUNED,0:00:00.628054,0.0013288269611760814,115,3,2
703,0.08158887349763665,PRUNED,0:00:02.834122,0.00692562718660614,40,3,2
704,0.6654584529117132,PRUNED,0:00:00.805119,0.00391721743441323,81,3,2
705,0.13371398994917524,PRUNED,0:00:11.001281,0.013388485326601678,9,3,2
706,0.6447064337706325,PRUNED,0:00:00.526841,0.0133808166840318,191,3,2
707,0.5603845426910802,PRUNED,0:00:00.492354,0.025370308339738225,199,3,2
708,1.0214375779032707,PRUNED,0:00:00.667093,0.004653787543079295,183,3,3
709,0.03841388558072072,PRUNED,0:00:12.093214,0.01899863735050925,28,3,2
710,0.8368669314549702,PRUNED,0:00:00.487473,0.006971404764656382,188,3,2
711,0.05935013771800571,PRUNED,0:00:02.707904,0.008504004839784108,41,3,2
712,0.15464040429503828,PRUNED,0:00:03.809270,0.03954261021974406,28,3,2
713,0.048655083903244564,PRUNED,0:00:06.070197,0.00893033101321435,27,3,2
714,0.7399536781354782,PRUNED,0:00:00.644589,0.008643869986906756,174,3,3
715,0.35827552498069737,PRUNED,0:00:01.168759,0.006331336498139554,51,3,2
716,0.06749138785721538,PRUNED,0:00:03.361647,0.014644637243371804,33,3,2
717,0.06735870246026483,PRUNED,0:00:03.550773,0.014758963408371623,33,3,2
718,0.6434047935150002,PRUNED,0:00:00.473361,0.01513729208219671,204,3,2
719,0.6472075051647059,PRUNED,0:00:00.493520,0.011626191989669563,193,3,2
720,0.7107956342551173,PRUNED,0:00:00.615902,0.011722198176702923,193,3,3
721,1.178633723503504,PRUNED,0:00:00.726721,0.0023425310164717655,162,3,3
722,0.06522589125972,PRUNED,0:00:04.931999,0.0026752821655152276,34,3,3
723,1.0063560051577431,PRUNED,0:00:00.581786,0.004293641560378356,169,2,3
724,0.919499838581452,PRUNED,0:00:00.489272,0.005231031851460003,182,2,2
725,1.052941959637862,PRUNED,0:00:00.533702,0.003651214377352414,182,3,2
726,0.7101285015591062,PRUNED,0:00:00.513782,0.009955543425214684,183,3,2
727,0.4170643178253903,PRUNED,0:00:00.744999,0.010336704401735236,98,3,2
728,0.706629811094539,PRUNED,0:00:00.511568,0.010725884971848973,187,3,2
729,0.06393193270242403,PRUNED,0:00:01.387316,0.023897665724208417,100,3,2
730,0.6297985037478308,PRUNED,0:00:00.502560,0.021297003251272543,198,3,2
731,0.5593972240609152,PRUNED,0:00:00.529087,0.02203091220851869,176,3,2
732,0.5697588473558426,PRUNED,0:00:00.520795,0.016283178993290796,176,3,2
733,0.06150654882717506,PRUNED,0:00:03.059017,0.01613248627882956,37,3,2
734,0.0032306535873838113,COMPLETE,0:00:37.437567,0.005926030989291855,40,3,2
735,0.5751847447581077,PRUNED,0:00:01.199594,0.002689517553020051,50,3,2
736,0.04376310547734848,PRUNED,0:00:07.879970,0.012680756683240674,40,3,3
737,0.061339533130220114,PRUNED,0:00:02.945651,0.005841182098205569,41,3,2
738,0.8965427735447884,PRUNED,0:00:00.483742,0.006067436650190863,189,3,2
739,0.34863386814674685,PRUNED,0:00:00.872071,0.012579266866416186,75,3,2
740,0.829638780783052,PRUNED,0:00:00.481293,0.008754100583438859,206,3,2
741,0.9651488194340154,PRUNED,0:00:00.465174,0.00554078105255949,199,3,2
742,0.04343182521959041,PRUNED,0:00:10.577747,0.007625773390703511,20,3,2
743,0.07509146887266198,PRUNED,0:00:07.507742,0.03218094505049449,21,3,3
744,0.06628425128361178,PRUNED,0:00:02.134702,0.008220471970485648,56,3,2
745,1.2484482444158875,PRUNED,0:00:00.503566,0.0018413823648978159,188,3,2
746,0.7834819587825359,PRUNED,0:00:00.457637,0.011782130429435666,217,3,2
747,0.6226049108603566,PRUNED,0:00:00.595689,0.01830634700270282,195,3,3
748,0.6063775593528942,PRUNED,0:00:00.524958,0.018519263561069168,194,3,2
749,0.9053351860748579,PRUNED,0:00:00.587019,0.0036114872340469316,130,3,2
750,0.8964046882258521,PRUNED,0:00:00.489913,0.0075138399234443015,210,3,2
751,0.003971462731889343,COMPLETE,0:00:35.262518,0.007496510991593374,46,3,2
752,0.8020694980278928,PRUNED,0:00:00.508077,0.00942950550266731,201,3,2
753,0.4783589547248583,PRUNED,0:00:01.207011,0.004657191333365786,52,3,2
754,0.0592443493505319,PRUNED,0:00:02.690229,0.013719940460939876,45,3,2
755,0.5919371828037713,PRUNED,0:00:00.615924,0.013503945116102246,169,3,2
756,0.0032523495553427105,COMPLETE,0:00:34.684415,0.01045939863293022,44,3,2
757,0.345600362762913,PRUNED,0:00:01.000714,0.01030550706799769,66,3,2
758,0.8130817549569266,PRUNED,0:00:00.524838,0.006518405521302573,180,3,2
759,0.7098669039351599,PRUNED,0:00:00.639362,0.01002210170307936,180,3,3
760,1.8162992048745203,PRUNED,0:00:00.663835,8.140583826273936e-05,191,3,3
761,0.5107071075108972,PRUNED,0:00:00.481664,0.027865934624388498,187,3,2
762,0.05916118152382864,PRUNED,0:00:02.581668,0.011464686132678644,48,3,2
763,0.02738149288739196,PRUNED,0:00:17.778305,0.012188987296071747,48,3,2
764,0.06665766894274258,PRUNED,0:00:02.856084,0.01633526362540077,43,3,2
765,0.8450117355331461,PRUNED,0:00:00.499160,0.00837396231505291,202,3,2
766,1.083419462629393,PRUNED,0:00:00.541188,0.003262402496223648,186,3,2
767,0.6823424658517248,PRUNED,0:00:00.516364,0.013530192633462765,195,3,2
768,1.194023190466173,PRUNED,0:00:01.136829,0.0005110843972531583,58,3,2
769,0.9633514687970832,PRUNED,0:00:00.545983,0.004778165765221612,175,3,2
770,0.06048276981477527,PRUNED,0:00:03.097502,0.006598036329976526,38,3,2
771,0.8092375909504683,PRUNED,0:00:00.613560,0.009858107164378096,206,3,3
772,0.049344971164982154,PRUNED,0:00:03.696711,0.017077031032311743,50,3,2
773,0.5617952970048737,PRUNED,0:00:00.605616,0.01222731584949425,151,3,2
774,0.040758009073255684,PRUNED,0:00:08.918138,0.012040984902283905,31,3,2
775,0.7273071784654568,PRUNED,0:00:00.570973,0.008895598651375446,164,3,2
776,0.6145744755004461,PRUNED,0:00:00.530634,0.013617738342470495,182,3,2
777,0.004472903103965733,COMPLETE,0:01:22.960804,0.004228984953140265,32,3,3
778,0.0034569577263579916,COMPLETE,0:01:15.392908,0.0042434939715460945,30,3,3
779,1.8211627540489037,PRUNED,0:00:00.610813,2.900011502482479e-05,198,3,3
780,0.17328592424864991,PRUNED,0:00:06.497613,0.020339201698781117,16,3,2
781,0.6093971319872924,PRUNED,0:00:00.494550,0.020502243383365704,191,3,2
782,1.0899318255735246,PRUNED,0:00:00.567282,0.004237630978362756,213,3,3
783,0.6092669144272804,PRUNED,0:00:00.497971,0.01715024787812577,185,3,2
784,0.6961721983822909,PRUNED,0:00:00.530317,0.010016620699720305,172,3,2
785,0.7489628191584738,PRUNED,0:00:00.527650,0.00781278891441552,177,3,2
786,0.8256422896134226,PRUNED,0:00:00.485003,0.007575931200110386,200,3,2
787,0.05070799413668223,PRUNED,0:00:06.206485,0.01496971278667916,26,3,2
788,0.050670703413791075,PRUNED,0:00:08.798974,0.015520350135213938,26,3,3
789,1.8228757778803508,PRUNED,0:00:00.631449,1.7962133243139933e-06,191,3,3
790,0.04967084384299673,PRUNED,0:00:06.851523,0.015531061393543483,24,3,2
791,0.0642803753089669,PRUNED,0:00:03.320195,0.005775215101375087,34,3,2
792,0.14679963683052885,PRUNED,0:00:03.476250,0.04829596611978479,34,3,2
793,0.970846754996503,PRUNED,0:00:01.035930,0.0011667947815557217,62,3,2
794,0.6015294919981331,PRUNED,0:00:01.001721,0.0037192241956299746,62,3,2
795,1.1140410082856405,PRUNED,0:00:00.531632,0.0032575087279663956,195,3,2
796,0.04320350459628028,PRUNED,0:00:04.342743,0.010286680740481492,56,3,2
797,0.0486500552089433,PRUNED,0:00:03.095301,0.009246635817274161,56,2,2
798,0.9120913028132682,PRUNED,0:00:00.508460,0.009167120677152972,186,2,2
799,0.33967265396340357,PRUNED,0:00:01.116960,0.011174445189390276,56,3,2
800,1.0279716041780287,PRUNED,0:00:00.611618,0.004749634445308323,205,3,3
801,0.9538623210603157,PRUNED,0:00:00.666164,0.005045589514155411,168,3,3
802,0.5183426914345316,PRUNED,0:00:00.578734,0.0256269473118969,159,3,2
803,0.4599198946640605,PRUNED,0:00:00.533043,0.026821067600662093,180,3,2
804,0.5146573217213154,PRUNED,0:00:00.502578,0.025693863370387645,190,3,2
805,0.8137269030511379,PRUNED,0:00:00.526345,0.007274404211834483,190,3,2
806,0.8367766390740872,PRUNED,0:00:00.512854,0.0067423258323988985,189,3,2
807,0.8545006189184884,PRUNED,0:00:00.513266,0.006705541279949574,198,3,2
808,0.06031438225710934,PRUNED,0:00:03.029945,0.013366965819121017,39,3,2
809,0.5912977358782886,PRUNED,0:00:01.449020,0.0022839966160268796,41,3,2
810,0.6106335676654622,PRUNED,0:00:00.521495,0.012925644172946553,175,3,2
811,0.684034188684908,PRUNED,0:00:00.634764,0.013320629554274297,184,3,3
812,0.6613016458494323,PRUNED,0:00:00.465256,0.018129420775620277,227,3,2
813,0.6493829892969679,PRUNED,0:00:00.463299,0.017691652298194534,218,3,2
814,0.8467356189229023,PRUNED,0:00:00.452628,0.009023200372883886,218,3,2
815,0.04364185691924108,PRUNED,0:00:04.675415,0.009217762723885184,51,3,2
816,0.04443740319571084,PRUNED,0:00:04.679350,0.011788170178453395,51,3,2
817,0.003652429085067144,COMPLETE,0:01:04.504150,0.010938616447239459,52,3,3
818,0.7424811645523532,PRUNED,0:00:00.583686,0.011199196541789972,208,3,3
819,0.993076353937715,PRUNED,0:00:00.578139,0.005593117267514912,208,3,3
820,1.1385266313847808,PRUNED,0:00:00.491996,0.0029444666627364245,196,3,2
821,1.0597954944093178,PRUNED,0:00:00.485740,0.00391435550661392,202,3,2
822,0.4077053260066848,PRUNED,0:00:01.335316,0.003974857666908759,44,3,2
823,0.06326667774829567,PRUNED,0:00:03.551652,0.008536821050885952,31,3,2
824,0.7564654481884475,PRUNED,0:00:00.510650,0.008039001732955213,178,3,2
825,0.06346673662109034,PRUNED,0:00:03.634181,0.01473531997614117,30,3,2
826,0.6023732336979468,PRUNED,0:00:00.598831,0.015656715430936215,184,3,2
827,0.003889643858067634,COMPLETE,0:01:10.317345,0.006170767493148699,17,3,2
828,0.6083593906201038,PRUNED,0:00:00.464185,0.020946182737947832,195,3,2
829,0.37534529188253585,PRUNED,0:00:01.239685,0.006078836186635938,69,3,3
830,0.6895786224477058,PRUNED,0:00:00.528605,0.01101794174516433,168,3,2
831,0.6811555079438469,PRUNED,0:00:00.531014,0.011074522162211858,172,3,2
832,0.02699815544184938,PRUNED,0:00:45.123038,0.010057999036292398,17,3,2
833,0.004080231215877384,COMPLETE,0:00:40.156078,0.0073158612265688434,37,3,2
834,0.05006022705874975,PRUNED,0:00:08.294456,0.00742230263988001,18,3,2
835,0.04438406327960477,PRUNED,0:00:11.638603,0.007450490432313316,19,3,2
836,0.07237178933482535,PRUNED,0:00:02.945220,0.013196448662618177,38,3,2
837,0.040090040178663695,PRUNED,0:00:06.126690,0.013606853240576856,47,3,2
838,0.07409421876258221,PRUNED,0:00:02.450124,0.018424618410345834,47,3,2
839,0.05291216864891876,PRUNED,0:00:03.853112,0.01687769800142157,46,3,2
840,0.895756354465068,PRUNED,0:00:00.491235,0.005832259327199188,185,3,2
841,1.1683994898892411,PRUNED,0:00:00.494306,0.0025812971598036145,191,3,2
842,0.5978855638276963,PRUNED,0:00:00.502742,0.014277764038290312,181,3,2
843,0.721093846239009,PRUNED,0:00:00.515765,0.00872184420202097,179,3,2
844,0.7613831829834492,PRUNED,0:00:00.471298,0.009167619616329949,201,3,2
845,0.7321875777016295,PRUNED,0:00:00.478349,0.010490102175745135,201,3,2
846,0.4990295000878492,PRUNED,0:00:00.729152,0.018028204041873802,142,3,3
847,1.7604460667089088,PRUNED,0:00:00.611937,0.0003206073426302942,195,3,3
848,0.7781246939515756,PRUNED,0:00:00.599791,0.0049671420435117,124,3,2
849,0.9704259341896171,PRUNED,0:00:00.486567,0.005184615277210469,187,3,2
850,0.06069590902990765,PRUNED,0:00:02.712972,0.02108152185928771,42,3,2
851,0.07530042151610057,PRUNED,0:00:02.722931,0.006654901387269604,42,3,2
852,0.05111946708212296,PRUNED,0:00:04.145159,0.021736870584168743,42,3,2
853,0.8735485507838302,PRUNED,0:00:01.543590,0.0008427586377139877,40,3,2
854,0.6762125974502227,PRUNED,0:00:00.473660,0.011594915726165538,191,3,2
855,0.6371188072694672,PRUNED,0:00:00.500407,0.011898306676499878,192,3,2
856,0.06132091081011065,PRUNED,0:00:02.295145,0.012081225901605154,52,3,2
857,0.10183857309047102,PRUNED,0:00:02.519336,0.03213734869403897,51,3,2
858,0.003416480086073991,COMPLETE,0:01:33.052906,0.008756996831735578,23,3,3
859,1.0869152671700224,PRUNED,0:00:00.542891,0.0030121895990169382,174,3,2
860,0.05948902566743681,PRUNED,0:00:04.850545,0.013248416562351093,23,3,2
861,0.7702377877819041,PRUNED,0:00:00.499637,0.008691979253151984,197,3,2
862,0.6076084828259898,PRUNED,0:00:00.522825,0.014620741306328885,186,3,2
863,0.054133612975641524,PRUNED,0:00:09.702970,0.015015520844003122,23,3,3
864,0.5650867360333601,PRUNED,0:00:00.587538,0.03659335932504605,212,3,3
865,0.7375912288060555,PRUNED,0:00:00.695178,0.008944010932673534,183,3,3
866,0.40545489873178986,PRUNED,0:00:02.375745,0.0021979152445661585,23,3,2
867,0.0593622502275616,PRUNED,0:00:04.733639,0.015265567496435832,24,3,2
868,0.8232660959257143,PRUNED,0:00:00.526832,0.006289102235378991,177,3,2
869,0.037448387217052556,PRUNED,0:00:09.913743,0.005992754666789436,35,3,2
870,0.049273252242961044,PRUNED,0:00:04.580236,0.016869728235519174,37,3,2
871,0.8571619135491988,PRUNED,0:00:00.476403,0.009537168737471615,223,3,2
872,0.7456779280870125,PRUNED,0:00:00.555145,0.007513405386909782,163,2,2
873,0.0487227784814658,PRUNED,0:00:05.046843,0.016918900160503268,35,3,2
874,1.8204500820578597,PRUNED,0:00:00.446979,2.608310363553465e-06,233,3,2
875,0.9969421540913375,PRUNED,0:00:00.576828,0.0052633354003676575,206,3,3
876,0.7509646165805558,PRUNED,0:00:00.582877,0.010223076920055661,197,3,2
877,1.3103163033416592,PRUNED,0:00:00.478971,0.0015315353837907113,196,3,2
878,1.0658778995275497,PRUNED,0:00:00.519176,0.00349933052373255,182,3,2
879,0.42906660410974706,PRUNED,0:00:00.599425,0.02337150518603752,135,3,2
880,0.587974076718092,PRUNED,0:00:00.489541,0.022133248041249824,189,3,2
881,0.7980210262217692,PRUNED,0:00:00.524576,0.006492885546461324,170,3,2
882,1.8076135106042985,PRUNED,0:00:00.534309,0.00013211429435621571,174,3,2
883,0.06211553679335685,PRUNED,0:00:03.096843,0.008938503568246669,36,3,2
884,0.06080487680242017,PRUNED,0:00:03.255685,0.008467185198916812,35,3,2
885,0.6461439720458455,PRUNED,0:00:00.502336,0.011293302297303784,192,3,2
886,0.8186772288160121,PRUNED,0:00:00.639094,0.008060754269737555,202,3,3
887,0.39556450708731405,PRUNED,0:00:00.925201,0.012425002040781669,77,3,2
888,0.3978446643284666,PRUNED,0:00:00.872417,0.009510869587620874,77,3,2
889,0.6527580976730487,PRUNED,0:00:00.601487,0.009921343591387691,155,3,2
890,0.6094022187281329,PRUNED,0:00:00.552019,0.012496712927947615,179,3,2
891,0.6480676435288929,PRUNED,0:00:00.532378,0.013504540164405396,180,3,2
892,0.6707684330496133,PRUNED,0:00:00.655403,0.013172368715196855,186,3,3
893,1.1747921675443649,PRUNED,0:00:00.687257,0.0029198697893304242,189,3,3
894,1.1538634530388483,PRUNED,0:00:00.649893,0.0030453151988219015,187,3,3
895,0.6706636555138088,PRUNED,0:00:01.042683,0.002918440516013814,60,3,2
896,0.37026319162435195,PRUNED,0:00:01.347616,0.004393730618039098,46,3,2
897,1.0352801061078403,PRUNED,0:00:00.514878,0.004427993120321478,213,3,2
898,0.06153708456241223,PRUNED,0:00:02.219711,0.018673704061240304,57,3,2
899,0.06921583100464512,PRUNED,0:00:02.584523,0.018995304183754114,46,3,2
900,0.5905533304778479,PRUNED,0:00:00.489034,0.019475000741681448,204,3,2
901,0.4774334063132604,PRUNED,0:00:00.831379,0.007317006139701636,84,3,2
902,0.03565580007129696,PRUNED,0:00:08.448011,0.015517692732518809,56,3,2
903,0.06633504381248205,PRUNED,0:00:08.756253,0.010165256740923084,12,3,2
904,0.6696871549499278,PRUNED,0:00:00.589030,0.010501410912199928,193,3,2
905,0.06512228899476898,PRUNED,0:00:09.108101,0.014563573424831097,11,3,2
906,0.04711133871978639,PRUNED,0:00:18.749346,0.007772337920103929,11,3,2
907,0.8066815272496458,PRUNED,0:00:00.607140,0.007158293217736952,166,2,3
908,0.6401570859708284,PRUNED,0:00:00.492983,0.014391521684918274,200,3,2
909,0.7772664738675723,PRUNED,0:00:00.527486,0.00808903290363048,183,3,2
910,1.1791396135633643,PRUNED,0:00:00.558220,0.0021378198961116337,172,3,2
911,0.4647921217406321,PRUNED,0:00:00.634386,0.011181054744854004,119,3,2
912,0.4374686172675519,PRUNED,0:00:01.239314,0.004960134364000656,50,3,2
913,1.8011250331919029,PRUNED,0:00:01.642420,4.4659283969863006e-05,50,3,3
914,0.003498334653527093,COMPLETE,0:01:17.644733,0.005914567775797924,28,3,3
915,0.07009790831969843,PRUNED,0:00:02.705438,0.006324018853732463,42,3,2
916,0.4448751153217422,PRUNED,0:00:00.651276,0.011638672228572983,111,3,2
917,1.821706889843454,PRUNED,0:00:00.483595,1.438921322314124e-05,194,3,2
918,0.047902714163064956,PRUNED,0:00:05.745381,0.008535081138954148,28,3,2
919,1.0872535192304187,PRUNED,0:00:00.639612,0.0035031134118779536,176,3,3
920,0.9511555469298101,PRUNED,0:00:00.462922,0.005517062618793352,208,3,2
921,0.5417600220755527,PRUNED,0:00:00.471911,0.027308583447357024,200,3,2
922,0.7184812841143938,PRUNED,0:00:00.502870,0.01025838924550642,187,3,2
923,0.6085857496869684,PRUNED,0:00:00.501454,0.01579059001219098,192,3,2
924,0.6458759177124725,PRUNED,0:00:00.503351,0.011990719531584614,179,3,2
925,0.002914875983608147,COMPLETE,0:01:06.355921,0.007917776938950823,42,3,3
926,0.051893784301800985,PRUNED,0:00:05.665192,0.023046048207057312,43,3,3
927,0.3270870318466967,PRUNED,0:00:00.983683,0.017275058360494033,66,3,2
928,0.7594591891393065,PRUNED,0:00:00.607386,0.009165739444748477,197,3,2
929,0.6445465884586372,PRUNED,0:00:00.505268,0.012473737637626202,187,3,2
930,0.0033923592880754447,COMPLETE,0:01:02.668423,0.006433255491550494,39,3,3
931,0.832883659320382,PRUNED,0:00:00.489096,0.006357051340487167,182,3,2
932,0.06557062711744081,PRUNED,0:00:03.314499,0.013074868884221873,31,3,2
933,1.0320889475525066,PRUNED,0:00:00.446103,0.004597873429233638,205,3,2
934,0.7816256814097103,PRUNED,0:00:00.488511,0.00720614367966345,166,3,2
935,0.7524698586488257,PRUNED,0:00:00.569574,0.010193675304046173,193,3,3
936,0.02946988063220361,PRUNED,0:00:14.618075,0.015230571256753395,47,3,2
937,0.0039831119287328555,COMPLETE,0:01:06.104441,0.007152052067264856,39,3,3
938,0.0639407346716949,PRUNED,0:00:04.292253,0.004560100394985482,36,3,3
939,0.0035598934071623036,COMPLETE,0:01:07.020652,0.00738992176146886,42,3,3
940,0.029084362796711817,PRUNED,0:00:23.014036,0.007370025078924942,41,3,3
941,0.002811644812721821,COMPLETE,0:00:56.603715,0.00560044951163498,47,3,3
942,0.3148798503127119,PRUNED,0:00:01.843703,0.0036969366832611972,41,3,3
943,0.32222700840472845,PRUNED,0:00:01.462779,0.005229384540399881,52,3,3
944,0.0039569877477480895,COMPLETE,0:01:10.239527,0.008433274840232104,46,3,3
945,0.03438225310473215,PRUNED,0:00:11.859638,0.008932656146164897,45,3,3
946,0.0040869705343729405,COMPLETE,0:01:08.756207,0.0050614516826967505,32,3,3
947,0.047740580855558316,PRUNED,0:00:15.356397,0.004987893177940593,35,3,3
948,0.0032938732213110486,COMPLETE,0:01:12.541892,0.003825650855362395,32,3,3
949,1.3555427271940046,PRUNED,0:00:01.941888,0.00016637946794605707,31,2,3
950,0.3755779575024332,PRUNED,0:00:01.451586,0.0037009395705103736,54,3,3
951,0.3072976876995457,PRUNED,0:00:01.642651,0.004929448121006532,47,3,3
952,0.3855846986218325,PRUNED,0:00:02.035020,0.0023488006338737654,37,3,3
953,0.0038950914276699292,COMPLETE,0:01:04.234505,0.004881965146020172,43,3,3
954,0.06138668501227754,PRUNED,0:00:03.582558,0.005515474555779383,43,3,3
955,0.058795921624992094,PRUNED,0:00:03.099386,0.005641358733883776,51,3,3
956,0.4252735961524267,PRUNED,0:00:01.327192,0.0036431474042614327,60,3,3
957,0.03398112552861372,PRUNED,0:00:18.222880,0.004209155576004093,28,3,3
958,0.0034430659374909372,COMPLETE,0:01:02.722095,0.006335299595292688,46,3,3
959,0.4041040326818164,PRUNED,0:00:01.762503,0.00270177257596601,44,3,3
960,0.9100006288952298,PRUNED,0:00:00.439889,0.006035485951880695,211,3,2
961,0.003956806941407188,COMPLETE,0:00:37.173556,0.006857094795930491,37,3,2
962,0.3176134832884152,PRUNED,0:00:01.213004,0.006536120824413298,48,3,2
963,0.0033476746779235443,COMPLETE,0:00:35.649915,0.007640954659264609,38,3,2
964,0.3195324210396835,PRUNED,0:00:01.091599,0.008277132373675168,54,3,2
965,1.107749771444421,PRUNED,0:00:00.462109,0.0034228390479707055,200,3,2
966,0.7886228909095129,PRUNED,0:00:00.454808,0.010381560846240891,203,3,2
967,0.6771310073090717,PRUNED,0:00:00.550722,0.008026885747964944,148,3,2
968,0.05892429126673045,PRUNED,0:00:02.697394,0.010590346561411536,41,3,2
969,0.573212731346164,PRUNED,0:00:00.880258,0.0061059458908839905,103,3,3
970,1.111043910185496,PRUNED,0:00:00.413541,0.004196279405463537,243,3,2
971,0.7829394613138654,PRUNED,0:00:00.444215,0.011449305845811112,215,3,2
972,0.5189355178326077,PRUNED,0:00:01.491713,0.0019405789198925036,37,3,2
973,0.04955129920962756,PRUNED,0:00:09.347587,0.009491675098644788,16,3,2
974,1.821905583915315,PRUNED,0:00:01.562869,4.865021940087647e-06,49,3,3
975,0.833382502819101,PRUNED,0:00:00.460345,0.0077084918483366635,197,3,2
976,1.2109889395534992,PRUNED,0:00:00.443287,0.0028685222174719177,238,3,2
977,0.44092577990321885,PRUNED,0:00:01.789498,0.0026099359893112964,30,3,2
978,0.7737011180204504,PRUNED,0:00:00.448558,0.012155276978327755,223,3,2
979,0.9032909574628878,PRUNED,0:00:00.549310,0.004703651861392827,159,3,2
980,0.3022776798691687,PRUNED,0:00:01.112602,0.00888840716338372,55,3,2
981,0.3137426553526893,PRUNED,0:00:01.006058,0.008569909961480078,59,3,2
982,0.45186749842072943,PRUNED,0:00:00.722754,0.010956312294948542,93,3,2
983,0.8735250121225482,PRUNED,0:00:00.444895,0.014234427749070664,206,2,3
984,0.89079129391787,PRUNED,0:00:00.408720,0.00564214008152091,194,3,2
985,0.05903080219736487,PRUNED,0:00:04.375636,0.012948357660717008,21,3,2
986,1.145272185927943,PRUNED,0:00:00.512580,0.003466804527803586,199,3,3
987,0.31069892639091595,PRUNED,0:00:01.052999,0.010983982808680457,49,3,2
988,0.07583595119416714,PRUNED,0:00:03.469962,0.007055617738647857,27,3,2
989,0.6369804038543894,PRUNED,0:00:00.414790,0.01748690134322144,191,3,2
990,0.7411340686155244,PRUNED,0:00:01.218305,0.0013291696977163448,41,3,2
991,0.00488431788255406,COMPLETE,0:01:01.909356,0.0043201422891477196,34,3,3
992,1.5477237625555558,PRUNED,0:00:00.441056,0.0006224895434040112,173,3,2
993,0.7515139328961326,PRUNED,0:00:00.421665,0.009751504406656127,188,3,2
994,0.33260017783665435,PRUNED,0:00:01.233879,0.005836861941286934,44,3,2
995,0.3410525111631103,PRUNED,0:00:00.804479,0.014316391489603474,69,3,2
996,0.03674755168228256,PRUNED,0:00:05.724497,0.010221831894376952,53,3,2
997,0.8565451304117838,PRUNED,0:00:00.492618,0.00726327743423167,197,3,3
998,0.7405512060027525,PRUNED,0:00:00.366292,0.013668458840955185,229,3,2
999,0.547623576197241,PRUNED,0:00:00.441456,0.017954030360574226,169,3,2
