trial_number,value,state,duration,lr,batch_size,lambda1_metaweight
0,0.002864375586346179,COMPLETE,0:00:21.788033,0.0009907219240897333,179,1.3281710335598782
1,0.013781990789283119,COMPLETE,0:00:24.551831,4.082896207928445e-05,126,0.75717431768186
2,0.007708950855172264,COMPLETE,0:00:19.479560,0.00014306482746293526,236,1.4763987992155547
3,0.02450048755961608,COMPLETE,0:00:25.570036,1.217925901757682e-06,74,1.2677153442140028
4,0.0043284579325925535,COMPLETE,0:00:21.135395,0.0004995515339231648,241,1.0581838418407208
5,0.004509623366156693,COMPLETE,0:00:25.369628,0.0545817703254986,198,0.5685768132518265
6,0.0051506579699016775,COMPLETE,0:00:42.787132,0.0001339935641247653,37,1.108544865658578
7,0.02445661832271213,COMPLETE,0:00:16.079849,3.961653846772076e-06,215,1.424000261092374
8,0.006877629432935768,COMPLETE,0:00:27.045445,8.285189312177795e-05,106,0.7357843997355308
9,0.0043897242100586105,COMPLETE,0:00:19.177444,0.0036986776423292367,194,0.7602085081513479
10,1.3048415346579119,PRUNED,0:00:03.799311,0.09582985593956272,144,1.240545903145748
11,0.0034089025131017288,COMPLETE,0:00:52.942188,0.0002604522610607403,27,0.8208475479369497
12,0.0037733238111139346,COMPLETE,0:00:20.765213,0.000986819662454694,208,1.4730105410315733
13,0.004153149164523074,COMPLETE,0:00:35.130826,0.0004043551650251927,54,1.3422157829079833
14,1.8234125454174845,PRUNED,0:00:00.429295,1.2632184312968322e-06,251,0.8912252384667508
15,1.300928755555042,PRUNED,0:00:01.844797,0.0687396472026131,222,0.6935094639713957
16,1.3041005548855937,PRUNED,0:00:02.431389,0.06960182754849333,134,0.9825372789284846
17,0.0036352422633451616,COMPLETE,0:03:37.461297,0.0035995380991152848,5,1.1202856150498466
18,0.0029972147207836513,COMPLETE,0:00:19.654756,0.002987654390134924,178,1.1921153638380686
19,0.003765734909733867,COMPLETE,0:00:19.416197,0.001745561122313329,164,1.1821010430209746
20,0.003669120495825605,COMPLETE,0:00:18.849315,0.0019050049354704585,163,1.170812444816909
21,0.004213448135064438,COMPLETE,0:00:20.192213,0.0018697017782970137,169,1.1722514444603787
22,0.0031955541420603073,COMPLETE,0:00:19.501217,0.0021003667208842627,155,1.330843891249927
23,0.00350758888578056,COMPLETE,0:00:28.182092,0.006996990679247853,173,1.257024194778503
24,0.0031260108686904805,COMPLETE,0:00:20.940290,0.008896460547520179,172,1.350290873142174
25,0.002757717389813423,COMPLETE,0:00:19.922229,0.007448708122554067,175,1.3338801368898179
26,0.0034997466842896317,COMPLETE,0:00:16.853726,0.011430300546369638,177,1.3595866957951517
27,0.050988492815538015,PRUNED,0:01:21.366571,0.006694854202841557,6,1.33675560863661
28,0.003892033414762718,COMPLETE,0:00:22.642454,0.010103668859835747,101,1.3555432712754534
29,0.0032384856939229566,COMPLETE,0:00:26.193872,0.012469991412419244,99,1.3370174811807631
30,0.003386311585418633,COMPLETE,0:00:22.249669,0.014435994562731789,102,1.3440708082101314
31,0.002927754328861884,COMPLETE,0:00:22.582188,0.014147295996766814,104,1.3258766339587358
32,0.004474847074622193,COMPLETE,0:00:21.925368,0.015114232394199284,115,1.394099150996424
33,0.003965875588340449,COMPLETE,0:00:18.119193,0.029185267469613668,190,0.9991219257531863
34,0.003298153980633778,COMPLETE,0:00:20.776103,0.024573519830097732,115,1.0410848535738868
35,0.04027895759083802,PRUNED,0:00:09.989805,0.0294398532077495,120,1.119874344358905
36,1.82101571559906,PRUNED,0:00:00.596804,2.760433201098697e-05,126,1.0921270151577342
37,1.8223643487738084,PRUNED,0:00:00.586107,2.470667801521744e-05,147,1.4155946618854371
38,0.03941882508668569,PRUNED,0:00:07.844813,0.004605015011699103,187,1.2815601215558723
39,0.003059876211069405,COMPLETE,0:00:19.026518,0.004047257053894841,181,1.2721517221211855
40,0.003765217964876517,COMPLETE,0:00:19.293671,0.0044666447990945185,186,1.285965283511933
41,0.003972743593610148,COMPLETE,0:00:24.416487,0.004964486464166646,82,1.4883484184972033
42,1.1735339196104753,PRUNED,0:00:00.821009,0.0008783648823017952,83,1.4705824074205236
43,1.2336293691295688,PRUNED,0:00:00.859502,0.0006735314664204945,80,1.491692765956758
44,1.6400947423628818,PRUNED,0:00:00.454277,0.0006804972568182651,235,1.4948520519283583
45,0.003632254604043568,COMPLETE,0:00:19.578596,0.004143019493351714,226,1.2176431321601557
46,0.043611899344615665,PRUNED,0:01:35.682155,0.0044467144006610955,4,1.2767036705997403
47,1.800189902705531,PRUNED,0:00:00.471368,0.0002054799703321893,205,1.2267294755737284
48,0.003307441673781253,COMPLETE,0:00:20.973965,0.00492508084292093,140,1.2781074411782134
49,0.0035910763409341575,COMPLETE,0:00:21.620281,0.0052261422051814894,140,1.2885717665646708
50,0.0033126350043782096,COMPLETE,0:00:20.254130,0.003758440486334187,143,1.1918785907597345
51,0.0028859621757916856,COMPLETE,0:00:19.529947,0.002951408953645085,139,1.2027460990363181
52,1.251781263772179,PRUNED,0:00:00.595676,0.0012617869848814893,139,1.2910722591324353
53,1.1899220283995284,PRUNED,0:00:00.463806,0.002541548158532372,202,1.4203063096041275
54,0.36682328569695233,PRUNED,0:00:01.114456,0.003113277837398807,154,0.5354963690257157
55,1.8172407017813788,PRUNED,0:00:00.460194,9.34006599897285e-05,211,1.1285242986790565
56,1.289760871575429,PRUNED,0:00:00.988515,0.00042361242165606415,66,1.1416421953206244
57,0.13004340280694937,PRUNED,0:00:03.570059,0.04247149281304022,50,0.9323380735410629
58,0.00311634085036602,COMPLETE,0:00:19.400014,0.00726165212262247,182,1.2024033954070386
59,0.03699641451239586,PRUNED,0:00:07.557314,0.007031912095512721,181,1.3879023660113865
60,0.0035413164987846218,COMPLETE,0:00:18.509845,0.006774910700648922,173,1.387062528236549
61,0.004203347457460712,COMPLETE,0:00:19.416543,0.007527263937230789,181,1.3886247185946496
62,0.003286634044969916,COMPLETE,0:00:18.849089,0.00788572475923719,159,1.4425855760398976
63,0.05545894091285891,PRUNED,0:00:03.114172,0.020860607867960634,160,1.4339540635910135
64,0.0046157221050612445,COMPLETE,0:00:18.351333,0.017750986795328702,158,1.1988728760205607
65,1.2068723556472034,PRUNED,0:00:00.564507,0.001659144480575148,154,1.231586209827328
66,1.400104114075297,PRUNED,0:00:00.477049,0.0011497258436227928,195,1.0884239438500274
67,0.04038877767586225,PRUNED,0:00:06.359455,0.0026776964422483606,128,1.3087177746567085
68,1.16554929497086,PRUNED,0:00:00.537067,0.002352954194215669,177,1.3074046613593928
69,0.03698117881156932,PRUNED,0:00:05.901154,0.008502197830483922,218,1.1889640767801548
70,0.003286767953055451,COMPLETE,0:00:16.025870,0.01773962826343143,220,1.2122316693579216
71,0.00366974514798862,COMPLETE,0:00:18.684793,0.015560077357729338,165,1.2555290963359818
72,0.0036889638129282572,COMPLETE,0:00:18.272892,0.01717981498659494,197,1.245750704604668
73,0.04737486513821702,PRUNED,0:00:03.304650,0.019789470557840885,199,1.2532104695067428
74,0.0032881327528847207,COMPLETE,0:00:18.960709,0.014851547782790239,165,1.2451279675230147
75,1.3601604414229491,PRUNED,0:00:00.448338,0.0013031919273158346,193,1.2393343141591997
76,1.250703492867095,PRUNED,0:00:00.516732,0.0015883433836642487,169,1.050534931464345
77,0.03258377430647348,PRUNED,0:00:09.930969,0.01291506677222005,168,1.1521680571766426
78,0.14153502901133738,PRUNED,0:00:01.678341,0.042935824615889705,167,1.1471600789216776
79,0.003199508173553335,COMPLETE,0:00:22.127442,0.012670398206203597,150,1.3096809055630625
80,0.03482660302187054,PRUNED,0:00:06.948606,0.01189991259361218,185,0.6413979986469024
81,0.0043662231536939974,COMPLETE,0:00:23.291080,0.010666082162864632,95,0.6455895595517123
82,0.0029368015176900082,COMPLETE,0:00:18.323926,0.011188204355285662,187,1.3588521338631463
83,0.0040081028228220565,COMPLETE,0:00:19.789013,0.009561710134632589,184,1.3640420112957832
84,1.4986861700148095,PRUNED,0:00:00.562223,0.0006071711739916792,149,1.3209898348911386
85,0.1622568452777575,PRUNED,0:00:01.547198,0.0033184116433904237,95,1.361813679189273
86,0.8258189764516107,PRUNED,0:00:00.779248,0.0030917983258697255,93,1.363962742118288
87,1.4324106038720519,PRUNED,0:00:00.551643,0.0009115549941882932,175,1.360564190450772
88,1.0652881618979928,PRUNED,0:00:00.669259,0.002175223135860607,132,1.328378897594979
89,1.012820856342482,PRUNED,0:00:00.666346,0.0021190080843201883,110,1.318772501231251
90,0.04562582232294574,PRUNED,0:00:03.881191,0.005602215338386686,151,1.3045310924045657
91,0.03456154841160963,PRUNED,0:00:08.402356,0.009966644710019729,150,1.2756435816826008
92,0.003598498030483455,COMPLETE,0:00:18.664889,0.009742446059093959,188,1.2708049213609451
93,1.7624285117937968,PRUNED,0:00:00.504199,0.0002908794388420153,183,0.8025651235745452
94,1.8118721505529003,PRUNED,0:00:00.614670,1.0064808012760628e-05,125,1.4552155993863312
95,1.0373528070538958,PRUNED,0:00:00.490314,0.0038465063029698055,177,1.2720377110595151
96,0.0032939481843570666,COMPLETE,0:00:18.313919,0.010344157301534245,190,1.3362594091273325
97,0.8942127664281865,PRUNED,0:00:00.452982,0.005686762440463418,192,1.409126495998193
98,0.003761063044709729,COMPLETE,0:00:19.702261,0.010153823602221335,135,1.1742740315549935
99,0.05227576399056038,PRUNED,0:00:03.016815,0.02742246134779688,187,1.340243639890235
100,0.0598008183600462,PRUNED,0:00:01.768500,0.024349132594041964,206,1.342360513888533
101,0.1728767467724098,PRUNED,0:00:00.898003,0.037146777742040206,209,1.3410618367315472
102,0.16523616531720528,PRUNED,0:00:00.940022,0.036684330910078576,209,1.3764662727126027
103,0.9141958365415005,PRUNED,0:00:00.474091,0.005890837747176444,202,1.3953716175143438
104,1.2835796535015107,PRUNED,0:00:00.531418,0.0014431733226156354,173,1.1712448446994304
105,1.2889283418655395,PRUNED,0:00:00.541191,0.0014103156867668468,172,1.2152053812836743
106,1.073678197960059,PRUNED,0:00:00.564183,0.002766287979146522,158,1.101359820702161
107,1.3694066176811854,PRUNED,0:00:00.547966,0.09844133400455056,158,1.413737827831243
108,0.9400344633859051,PRUNED,0:00:00.551573,0.004267423275829929,157,1.2988500548468773
109,0.003382920214410292,COMPLETE,0:00:20.296127,0.008392383512493102,138,1.3028827930097906
110,0.003617397406431506,COMPLETE,0:00:20.086694,0.008639487012079953,138,1.2931233149579897
111,0.16352874209935014,PRUNED,0:00:01.118940,0.06465079037017431,143,1.262115675966604
112,0.0031331629988686676,COMPLETE,0:00:21.477737,0.00684155004982894,136,1.2864988649153992
113,1.0510277952466691,PRUNED,0:00:00.501486,0.0036812982043342834,180,1.3224457547648818
114,0.0031783772339924296,COMPLETE,0:00:20.056615,0.007966214712471538,119,1.2930515452502032
115,0.0028915839524196944,COMPLETE,0:00:20.029705,0.0065416195807364895,136,1.2079661431187387
116,0.002905434823392806,COMPLETE,0:00:20.067453,0.007789559290123786,136,1.2900010309239218
117,0.804751910842382,PRUNED,0:00:00.555339,0.006119035078166479,162,1.299607733317646
118,0.003606572406078577,COMPLETE,0:00:21.138140,0.013744814718128483,116,1.2029179286173666
119,0.0034360228907661357,COMPLETE,0:00:21.129318,0.012977961963668759,122,1.208764519233812
120,0.05472952996691068,PRUNED,0:00:02.494124,0.021018341138154074,113,1.2043721493288218
121,0.0034620354076782614,COMPLETE,0:00:23.034443,0.007066270131806204,122,1.2305067107914407
122,0.04702119546819408,PRUNED,0:00:02.697214,0.012842244096153647,179,1.2252676062912402
123,1.099322865086217,PRUNED,0:00:00.819449,0.001819435584662836,122,1.07349700300099
124,0.04742276839503687,PRUNED,0:00:03.149938,0.0067390651725801175,130,1.2288757493539
125,0.003154401018071415,COMPLETE,0:00:20.401723,0.006624388592653774,122,0.93962231688744
126,0.03626193527664457,PRUNED,0:00:07.871718,0.0070018162389832985,108,1.1963333377004945
127,0.79524889842167,PRUNED,0:00:00.662732,0.004390043188856445,104,1.1238954165321522
128,0.7381388261270376,PRUNED,0:00:00.634628,0.004841074114535387,117,1.252942072322354
129,0.0036001636884718954,COMPLETE,0:00:21.319280,0.007184412783054589,144,1.2513293868110609
130,0.003217260411256834,COMPLETE,0:00:21.361618,0.006576640466645044,110,1.3754748512116757
131,0.0328948375582695,PRUNED,0:00:10.997652,0.007989753538405076,108,1.377560369052763
132,1.8237872492882514,PRUNED,0:00:00.641726,2.180629186758135e-06,122,1.0234127386573946
133,0.9414960863724561,PRUNED,0:00:00.646307,0.0033684172968615938,133,1.377821032534979
134,0.10970174193833813,PRUNED,0:00:01.238282,0.007935928234944501,143,1.276629667551027
135,1.7532640918095908,PRUNED,0:00:00.596276,0.0002051032251349784,126,1.1647635279752218
136,1.00282369161907,PRUNED,0:00:00.460790,0.005424232198800242,200,1.2422459884294184
137,0.8564834212147913,PRUNED,0:00:00.770014,0.0024771706058908747,88,0.9202951688352994
138,1.3694748614741639,PRUNED,0:00:00.500091,0.0010442112488712812,168,1.3520572048744033
139,1.0311758550068804,PRUNED,0:00:00.558160,0.002906322031280966,145,1.3268154750226575
140,0.9980543600074177,PRUNED,0:00:00.538087,0.0038372304556218524,164,1.286534227292095
141,0.7951736773956906,PRUNED,0:00:00.576584,0.006832290146757,172,1.3226387811089044
142,1.1494577255249023,PRUNED,0:00:00.584058,0.0020424012740457883,152,1.3731103566017733
143,0.8990773873365655,PRUNED,0:00:00.502596,0.00527194895313701,194,1.404559654857293
144,1.005937144313891,PRUNED,0:00:00.518870,0.005041565858082721,195,1.2618179266249407
145,1.481473254384818,PRUNED,0:00:00.525108,0.0007825186934636693,176,1.2435465511704595
146,0.05338188046787647,PRUNED,0:00:02.447723,0.00825051983142569,134,1.3522292774469757
147,0.7244143748226074,PRUNED,0:00:00.543824,0.009203887691717991,182,1.3415753221142788
148,0.04645131355108217,PRUNED,0:00:02.763389,0.015924253135375287,147,1.3117545208385053
149,0.0032514913613270894,COMPLETE,0:00:19.415166,0.011176637503638922,133,1.2970626259677536
150,0.0035085511684313916,COMPLETE,0:00:19.851328,0.015918289087230742,145,1.3105192933423322
151,0.003388419745195756,COMPLETE,0:00:21.284630,0.011761744054207731,130,1.2963133978747545
152,0.03569315126045577,PRUNED,0:00:06.284983,0.012150883285281213,153,1.291100745024043
153,0.0038034293475695956,COMPLETE,0:00:19.785150,0.010697072055820754,152,1.2810552328498637
154,0.9920365629163949,PRUNED,0:00:00.581728,0.00287068552676497,128,1.2817698222920075
155,0.003926843127212011,COMPLETE,0:00:18.657758,0.010976443442279183,187,0.8801093055797127
156,0.046803001686930655,PRUNED,0:00:02.436646,0.011726031097063196,189,0.9696425062038623
157,0.003180841809888191,COMPLETE,0:00:54.619116,0.004355568215600565,25,1.154681589410997
158,0.0038694238681769187,COMPLETE,0:00:21.247344,0.011107042588020314,136,0.8906181278187257
159,0.12716488600881012,PRUNED,0:00:01.192622,0.018440948208778535,140,0.8559959321064565
160,0.8836620024565993,PRUNED,0:00:00.638443,0.003988464095627587,131,1.3125764422737811
161,0.060357225899185456,PRUNED,0:00:01.961908,0.024159912231275876,135,1.323540885718477
162,0.03732903616376294,PRUNED,0:00:05.863340,0.010741426358494467,185,1.1848869567214724
163,0.8487760649295524,PRUNED,0:00:00.540834,0.004924084610491688,148,0.9288389152287849
164,0.0377747015528647,PRUNED,0:00:05.062633,0.014073743602507783,170,0.9755057477462058
165,0.003386936836400871,COMPLETE,0:00:24.039247,0.01487468324536834,100,0.9549137826783849
166,1.6231007683384526,PRUNED,0:00:00.541236,0.0004919907594546413,171,0.8978284268101296
167,0.8286569254665539,PRUNED,0:00:00.536986,0.0058612174868988,163,1.2655193105495033
168,0.8142174671566675,PRUNED,0:00:00.754536,0.003336911648941123,100,0.9656899706340856
169,0.04891352962564539,PRUNED,0:00:02.863721,0.006276280932310645,100,1.3564154943875895
170,0.8719742680773322,PRUNED,0:00:00.639988,0.003504421874151361,117,0.9623032066359107
171,0.8470402433062499,PRUNED,0:00:00.545096,0.006170672881960527,179,1.4299807315718145
172,0.8354158975043386,PRUNED,0:00:00.529427,0.006435550226372908,179,1.3581930050830142
173,0.89048992395401,PRUNED,0:00:00.634508,0.004425275207111923,126,1.349229899525215
174,0.0036163455167328943,COMPLETE,0:00:22.719733,0.007749696501301524,106,1.349260430489938
175,0.9876524504451525,PRUNED,0:00:00.682107,0.002368416585644771,113,1.3903510139666295
176,0.9959970601351864,PRUNED,0:00:00.666681,0.0023480752465462494,114,1.3308423159132883
177,0.03456607558792626,PRUNED,0:00:57.342731,0.00849982923790655,19,1.1561134594389388
178,0.0032341067427859105,COMPLETE,0:00:22.672447,0.008653568361291929,99,1.3636875978985412
179,0.002737739227506536,COMPLETE,0:00:22.337417,0.00840881755144334,98,1.3656929920369596
180,0.0035882711547165396,COMPLETE,0:00:21.906570,0.00851488418593644,103,1.3254288064542072
181,0.0032119370225172704,COMPLETE,0:00:23.493677,0.007731397179373825,103,1.3366542252857014
182,0.041936390846967694,PRUNED,0:00:04.227595,0.008569714183702575,90,1.3329481515912711
183,0.034039698428844085,PRUNED,0:00:08.702303,0.008841501087745863,95,1.3747546939336837
184,0.04188907333622569,PRUNED,0:00:05.113640,0.020239539192838392,92,1.3796787976694231
185,0.06603395202857198,PRUNED,0:00:02.225149,0.008565520321647545,92,1.393723595929491
186,0.7516992128100889,PRUNED,0:00:00.770236,0.00496238694343654,93,1.4466415044561087
187,0.7985056447532942,PRUNED,0:00:00.645620,0.004681840917362768,119,1.3936527878488212
188,0.0028062561655630906,COMPLETE,0:00:21.693083,0.008425506751934743,111,1.3787915699033275
189,0.0034777435037277402,COMPLETE,0:00:21.458477,0.008515615064414167,110,1.3665976490912883
190,0.003658241612019822,COMPLETE,0:00:24.218523,0.006647261291852328,83,1.0055514261558056
191,0.04837085064914491,PRUNED,0:00:03.114996,0.009113744570297467,84,1.0034282378314512
192,0.8252133522872571,PRUNED,0:00:00.527106,0.006383821923946952,176,1.3379188166031184
193,0.048221870864692484,PRUNED,0:00:02.752903,0.005567888377969171,111,1.3098941773810453
194,0.058018500946225626,PRUNED,0:00:02.907831,0.0039251455446256325,75,1.1575341855024892
195,0.03995879912482841,PRUNED,0:00:04.663681,0.005589760291575562,113,1.307724356501591
196,0.9045390838926489,PRUNED,0:00:01.236170,0.0017501557097309424,78,1.3088119358739005
197,1.1783927224300526,PRUNED,0:00:00.597039,0.0016635395768941268,140,1.265787066680681
198,0.003324003532569949,COMPLETE,0:00:23.851579,0.007759179908565575,102,1.3656276434972838
199,0.0029873621601121014,COMPLETE,0:00:22.006539,0.00660068007444686,106,1.3496116708018802
200,0.0035953883609325856,COMPLETE,0:00:21.655969,0.00721668226598138,106,1.3653542730681452
201,0.043057203579536435,PRUNED,0:00:15.535885,0.007122131104504877,17,1.216661910032116
202,0.004319145085041695,COMPLETE,0:00:39.748810,0.00414229717996189,47,1.2173723312708824
203,1.104420887163052,PRUNED,0:00:00.528981,0.0030505290411985213,183,1.1368409469061145
204,0.8310204198608151,PRUNED,0:00:00.618158,0.004232985220366112,123,1.2210840953488478
205,0.07026573514143573,PRUNED,0:00:15.291252,0.014401099522207281,10,1.4110071429479296
206,0.05392301146678345,PRUNED,0:00:10.872486,0.015338308821145666,14,1.1996292188753646
207,0.04822210496774426,PRUNED,0:00:07.969252,0.015074190338424697,28,1.1940001684452812
208,0.04352631061794003,PRUNED,0:00:07.147795,0.012286254612037781,43,1.4170911198456495
209,0.0037119584578325024,COMPLETE,0:00:19.351792,0.012189086425463716,174,1.1903025870224953
210,0.050130319332157204,PRUNED,0:00:05.249552,0.014692566331078502,47,1.4163359950162973
211,0.6483770931007886,PRUNED,0:00:00.520258,0.013284712807116836,191,1.3371422928291201
212,0.04918802510035205,PRUNED,0:00:04.069023,0.015343563342274172,66,1.198818173177986
213,0.038065488477823914,PRUNED,0:00:13.401907,0.00490123927057743,35,1.2913304162339152
214,0.9793499593341023,PRUNED,0:00:00.570943,0.0044503803451006975,174,1.2863780036764991
215,1.177718481192222,PRUNED,0:00:00.454026,0.003387331650318242,244,1.323625769942551
216,0.03550677715883225,PRUNED,0:00:07.397755,0.010645283882105094,120,1.4147000579570819
217,0.057368645403724515,PRUNED,0:00:02.050303,0.010527313893523176,138,1.3236831781946403
218,0.003714955692394432,COMPLETE,0:00:31.393598,0.005599703544584634,59,1.3432003091046407
219,0.719858893825684,PRUNED,0:00:00.840299,0.005266999025662432,117,1.3492145655629337
220,0.05423243690814291,PRUNED,0:00:02.061982,0.005871956502471492,108,1.3470064478747537
221,0.03657642332301743,PRUNED,0:00:06.104440,0.010432929757409094,109,1.1742596289008347
222,0.10145820735553124,PRUNED,0:00:01.359815,0.005777676973875978,106,1.335976833911088
223,0.6987430346966947,PRUNED,0:00:00.536299,0.009934268507240001,185,1.297041954255169
224,0.0031950828466432305,COMPLETE,0:00:20.752127,0.010336660829341388,129,1.2381498305313512
225,0.8743462224801382,PRUNED,0:00:00.642280,0.003946352027417401,126,1.1726464313583407
226,0.9714790475818346,PRUNED,0:00:00.661558,0.00273367781872392,119,1.2347035567023246
227,0.7211932168642351,PRUNED,0:00:00.585495,0.006987989077449258,156,1.3829376418987436
228,0.0035782322746254914,COMPLETE,0:00:22.916492,0.009878656983820849,101,1.35808661079193
229,0.04089198807746635,PRUNED,0:00:04.451288,0.009423289134158385,98,1.3640963856893913
230,0.003180622969533562,COMPLETE,0:00:30.254313,0.007214214923406054,65,1.3636945459914347
231,0.08638906759772709,PRUNED,0:00:01.409774,0.007288502918212757,101,1.3639374794709058
232,0.7999633410066929,PRUNED,0:00:00.556296,0.00716747442423487,179,1.389995755654051
233,0.004071737565067577,COMPLETE,0:00:24.392646,0.007239754087689673,97,1.3512958525070684
234,0.7055072074844724,PRUNED,0:00:00.599733,0.0058839730754750895,129,1.3169564340032458
235,0.04695531856268644,PRUNED,0:00:04.116958,0.00825939979630511,63,1.26817002620422
236,0.036290325049776584,PRUNED,0:00:09.285209,0.008207922286306058,59,1.2675393171822635
237,0.9295042413368559,PRUNED,0:00:00.537508,0.004722343997353211,166,1.3409864680256605
238,0.03624475390169319,PRUNED,0:00:05.921097,0.009148035629983862,104,1.3488520923524414
239,1.8184937761540998,PRUNED,0:00:00.666984,4.334747907557938e-05,111,1.350180317399707
240,0.08351538466469285,PRUNED,0:00:01.430535,0.020188169956527436,96,1.350515455661846
241,1.4845179885171997,PRUNED,0:00:00.735541,0.0003732888043040301,96,1.3259442684912868
242,0.030808312683293856,PRUNED,0:00:12.533851,0.019842989580155422,98,1.3117942996292407
243,0.7345508914020725,PRUNED,0:00:00.608909,0.006309604454130441,142,1.2535146101939647
244,0.666133204123357,PRUNED,0:00:00.623283,0.006175566156936768,132,1.2957827831818152
245,0.05590533992009503,PRUNED,0:00:01.856191,0.019103314200792046,135,1.304307690051677
246,0.0031837625607635278,COMPLETE,0:00:19.879225,0.009993343571849703,133,1.241463858791692
247,0.003652711807493001,COMPLETE,0:00:21.081388,0.010024581543631894,136,1.3731471073281125
248,0.10144827037349644,PRUNED,0:00:01.116566,0.010105206005530373,127,1.24268889861494
249,0.0543397530410553,PRUNED,0:00:01.855158,0.007566055106439756,116,1.318365493441786
250,0.8002544804834403,PRUNED,0:00:00.514169,0.007411996059490193,182,1.3200367353602724
251,0.0031914356337846505,COMPLETE,0:00:20.981304,0.011666495040190905,115,1.3790902481682552
252,0.03682356124574488,PRUNED,0:00:05.422009,0.012276365668357292,123,1.375833773490386
253,0.004075736919606646,COMPLETE,0:00:20.899573,0.012783682538195043,138,1.3824938440908074
254,0.9923612836967496,PRUNED,0:00:00.600862,0.0031996950512039116,139,1.2835698590928266
255,0.6829065375549849,PRUNED,0:00:00.581129,0.0091065126185189,147,1.37220203174754
256,1.2035859478454964,PRUNED,0:00:00.507341,0.0021686223003990787,186,1.2245079281801086
257,0.05307014801535189,PRUNED,0:00:02.293747,0.01152977324042748,87,1.221287635327039
258,0.052767182226691925,PRUNED,0:00:02.096702,0.012430021045643566,108,1.238603401311556
259,0.04464521236752035,PRUNED,0:00:03.887811,0.01243535419517852,87,1.278403646026269
260,0.09365440913677765,PRUNED,0:00:01.559520,0.005497274921974118,87,1.3770499254457282
261,0.9281156504792827,PRUNED,0:00:00.573420,0.004999382443308587,170,1.275534344972783
262,0.7594928767146736,PRUNED,0:00:00.586120,0.005256849832246838,131,1.399102532249251
263,0.7625290016273418,PRUNED,0:00:00.694394,0.004506628128632153,114,1.3918129238518524
264,0.9173810925976983,PRUNED,0:00:00.654451,0.0035514795549255874,131,1.3812320077794487
265,0.7176666488157255,PRUNED,0:00:00.572215,0.008885956770350126,178,1.3967888656312801
266,0.954539950374219,PRUNED,0:00:00.618357,0.0034432332609081657,136,1.3313837370502792
267,0.9404249819724456,PRUNED,0:00:00.613416,0.0036303690893772687,137,1.3341435950176055
268,1.8237807275885243,PRUNED,0:00:00.614351,1.0433438826079486e-05,160,1.326487482450641
269,0.8542196925240334,PRUNED,0:00:00.620577,0.00660208261465906,191,1.291471308602111
270,0.7913006936013699,PRUNED,0:00:00.501614,0.0074684676569923,189,1.2587863867333777
271,0.040697781675601306,PRUNED,0:00:03.781929,0.006759347659412967,120,1.2565394605426037
272,0.8218179573916425,PRUNED,0:00:00.501671,0.0068398527486308765,192,1.24955889467669
273,0.6916180070685712,PRUNED,0:00:00.621597,0.0063737965240316784,125,1.1879020040514916
274,0.0393986521341971,PRUNED,0:00:14.392761,0.00932983277136976,27,1.3646129206010273
275,0.03950436414467006,PRUNED,0:00:04.111640,0.009638748015665926,120,1.1886417009322228
276,0.7669761940836907,PRUNED,0:00:00.916191,0.002685735894783841,70,1.3670323617327071
277,0.03818590196329843,PRUNED,0:00:05.118135,0.010085466351565053,119,0.7283422531593894
278,0.004169973315874429,COMPLETE,0:00:24.848536,0.009499269396208813,105,1.306357662123438
279,0.6276122922661589,PRUNED,0:00:00.630141,0.009373343044479274,141,1.2045420684497823
280,0.10565606092639042,PRUNED,0:00:01.303368,0.010232469122677357,143,1.214453999996879
281,0.040401500903424765,PRUNED,0:00:09.618679,0.00477221922710628,36,1.2369787040182931
282,1.3121698526448982,PRUNED,0:00:00.592922,0.00107323229438353,147,1.2107347585542276
283,0.8905090296915336,PRUNED,0:00:00.585616,0.0044522679133278936,147,1.2324742423485178
284,0.027863880098387077,PRUNED,0:00:33.070993,0.004537172127179699,33,1.3005600800239874
285,0.9480706067312331,PRUNED,0:00:00.508375,0.005313814408616413,180,1.3014262058625632
286,0.054471957455906606,PRUNED,0:00:04.896296,0.013902189705615684,35,1.3011370963012832
287,0.05665883861902906,PRUNED,0:00:06.364858,0.014300284743422235,26,1.3041311776641782
288,0.0031646554098708054,COMPLETE,0:00:20.866165,0.013917453575338535,127,1.311745961013005
289,0.08758748870267964,PRUNED,0:00:01.238095,0.017218669765220237,127,1.040828277887409
290,0.08111374333090739,PRUNED,0:00:01.087431,0.016959321215697355,174,1.277526351349306
291,0.05260835706281501,PRUNED,0:00:01.831675,0.027429525000243298,128,0.9408356616042465
292,1.8088260283393245,PRUNED,0:00:00.567826,0.00011535611351946069,153,1.1618682561180074
293,1.4440432647543568,PRUNED,0:00:00.585852,0.0007288636020869731,153,0.9401401823926271
294,0.11190561819494817,PRUNED,0:00:01.145028,0.026974104375826657,167,1.3401517477812561
295,0.7308827076865508,PRUNED,0:00:00.563244,0.008015762207804419,168,1.3402676906270974
296,1.295986614206381,PRUNED,0:00:00.548826,0.0013120731866798677,167,1.3378129577828914
297,1.7948234416906117,PRUNED,0:00:00.549092,0.00020574072969285835,184,1.3217097077248512
298,1.0635346581195964,PRUNED,0:00:00.677338,0.0022395395332539857,131,1.3186316827054672
299,1.1805722742404752,PRUNED,0:00:00.549711,0.002355823657584463,184,1.2689981615198647
300,1.140129645856527,PRUNED,0:00:00.528097,0.0026699053107448814,182,0.5198325927098086
301,1.159697832969519,PRUNED,0:00:00.539306,0.00251999667621632,183,1.262994059383979
302,1.0216079133929628,PRUNED,0:00:00.662259,0.002168132520886982,115,1.2688097919331809
303,0.7148514341873428,PRUNED,0:00:00.503494,0.011727385258104385,197,1.2551174387197772
304,0.07787368525609825,PRUNED,0:00:01.324518,0.007961704263615697,115,0.9114906632736844
305,0.003119344937968382,COMPLETE,0:00:21.016032,0.008078330935085299,114,1.1779142051081954
306,0.07883203182129832,PRUNED,0:00:01.372432,0.007937894064547998,111,1.284248539478006
307,0.766178822627774,PRUNED,0:00:00.542196,0.00775823874046861,176,1.3056050762836047
308,0.764533367835813,PRUNED,0:00:00.525037,0.0077901722841584005,176,1.293680160048954
309,1.4640032158178442,PRUNED,0:00:00.748396,0.0005499469835699071,124,1.4274713413898703
310,0.6571210392012998,PRUNED,0:00:00.632446,0.006017368592322334,123,1.4376017504701961
311,0.6460793564555707,PRUNED,0:00:00.659318,0.006051980015892142,123,1.1406454995672606
312,0.8550585029940856,PRUNED,0:00:00.659385,0.003988902089665162,125,0.5688439396728461
313,0.8081941570226963,PRUNED,0:00:00.724003,0.004010680148110225,104,0.815063526646684
314,0.8613937469855161,PRUNED,0:00:00.659105,0.003957644239448816,133,1.2330205229940598
315,0.0481195894407702,PRUNED,0:00:02.855621,0.011240791331640439,104,1.2273480772324732
316,0.0031412157555547313,COMPLETE,0:00:23.578962,0.0121133781380373,106,1.2330828011456536
317,0.003545044315384579,COMPLETE,0:00:20.768284,0.012475654862718035,141,1.2230256365814525
318,0.05582351253187957,PRUNED,0:00:01.639257,0.012313906824192077,159,1.3483915767659678
319,0.054182588552118195,PRUNED,0:00:01.990683,0.011036076618426986,134,1.1748054488072541
320,0.7446662695968852,PRUNED,0:00:00.611723,0.0054161740094559475,139,1.179643180208046
321,0.6280360641804609,PRUNED,0:00:00.640785,0.009749065304304935,144,1.4011262004212583
322,0.04193403686468418,PRUNED,0:00:03.799134,0.016426790041512707,112,0.8560746542525292
323,0.033041559517956696,PRUNED,0:00:14.184461,0.015651381758088473,56,1.2048703340468696
324,0.8067383657802235,PRUNED,0:00:00.528023,0.006406735256275948,173,1.319478193869833
325,1.0668227912014365,PRUNED,0:00:00.525960,0.003001966640906184,162,1.2019359792985869
326,0.7784608983217853,PRUNED,0:00:00.595682,0.005126630916247621,130,1.3593641421345668
327,1.260696009244069,PRUNED,0:00:00.527037,0.0017776851576255216,188,1.3345011384736685
328,0.029001809084626632,PRUNED,0:00:08.795984,0.013835661242665569,149,1.0737249531762902
329,0.040816113618867736,PRUNED,0:00:07.205362,0.014903543718737994,54,1.2835976002478504
330,0.055239256823787816,PRUNED,0:00:01.761514,0.022965472048944387,128,1.2402955499979835
331,0.04159786193562088,PRUNED,0:00:03.529371,0.015230604871408409,141,1.0712059648135581
332,0.02969183827861675,PRUNED,0:00:10.187126,0.012789921351670248,119,1.2803944519572654
333,0.0035650758922923715,COMPLETE,0:00:22.932512,0.012870786510737446,133,1.2869721331946478
334,0.07860250768403634,PRUNED,0:00:01.277573,0.020347361289414657,134,1.357184556281844
335,0.05468469702725788,PRUNED,0:00:01.739859,0.018575869797411992,136,1.1092201025997523
336,0.6551836547844204,PRUNED,0:00:00.631670,0.006584400767930824,117,1.115228524680378
337,0.6032079937331605,PRUNED,0:00:00.694888,0.006578890790363718,115,1.1597809395961223
338,0.0769863086693649,PRUNED,0:00:01.223588,0.008710222963090328,120,1.1790428759978178
339,0.08727599249838235,PRUNED,0:00:01.259046,0.008916062579593374,123,1.1951826347848504
340,0.003995316545232125,COMPLETE,0:00:20.498423,0.008817840323486878,121,1.1947708442919818
341,0.7938136772352195,PRUNED,0:00:00.632749,0.004595708389815323,119,1.1954183677981203
342,0.9598890907853563,PRUNED,0:00:00.515881,0.004698208097374318,178,1.148309445372801
343,0.8347810412708082,PRUNED,0:00:00.713005,0.004734071696024602,111,0.9881981203787708
344,0.8694737270900181,PRUNED,0:00:00.681572,0.0031600668567554665,108,1.1483588211547333
345,0.003457627918951931,COMPLETE,0:00:21.190585,0.011034410386345868,110,1.2503791725558382
346,0.8718001864764883,PRUNED,0:00:00.699695,0.003190736134205705,109,1.4035839824166318
347,0.657115666758294,PRUNED,0:00:00.660384,0.007548438690020855,127,1.2523561094657
348,0.6275137722794268,PRUNED,0:00:00.598462,0.007547857132531085,128,1.252177782170267
349,0.0031227007083172837,COMPLETE,0:00:21.551101,0.010765296899448409,131,1.2522806198295673
350,0.8267425852564146,PRUNED,0:00:00.521123,0.006408446942417588,179,1.2163219056320302
351,0.6708891591565176,PRUNED,0:00:00.555917,0.010215606192868473,172,1.3766157531721113
352,0.6949259638018215,PRUNED,0:00:00.478617,0.011485380847861418,195,1.3771448593314712
353,0.048200262084183106,PRUNED,0:00:06.225362,0.011229755778698294,41,1.319429493369016
354,0.09089633745677543,PRUNED,0:00:01.327618,0.01135936893093028,115,1.4633383205625627
355,0.003610332351137892,COMPLETE,0:00:20.468999,0.010945094446023563,114,1.2344029478328258
356,0.032664795328118945,PRUNED,0:00:08.628072,0.008463390947361017,106,1.2334062173593197
357,0.8110119450476861,PRUNED,0:00:00.477980,0.009002703756074,203,1.2390749142071156
358,0.660679866929026,PRUNED,0:00:00.689508,0.005714531816268252,112,1.2203749039508904
359,0.003966978366868195,COMPLETE,0:00:39.280587,0.008666628252955876,42,1.2652045964371448
360,0.05143017211523136,PRUNED,0:00:02.157007,0.008689890242018465,106,1.1681891345362325
361,0.8227849320745936,PRUNED,0:00:00.532200,0.007382226157349722,186,1.1833627446671604
362,0.052416929216296586,PRUNED,0:00:03.099794,0.009915676438622506,70,1.2071244460234454
363,0.7234784809679821,PRUNED,0:00:00.671029,0.00568853079337981,131,1.2125179075544092
364,1.821558331912857,PRUNED,0:00:09.587571,1.2259526394949485e-06,5,1.2616316540318402
365,0.7602234379333608,PRUNED,0:00:00.440723,0.012697768921687776,224,1.2712489216180947
366,0.659038158133626,PRUNED,0:00:00.451089,0.017412849222043416,215,1.2489968678403716
367,0.6647257928091747,PRUNED,0:00:00.633110,0.006677169810564166,121,1.3603652134411433
368,0.15986329231815166,PRUNED,0:00:01.269022,0.03594779342896142,114,1.285856548610334
369,0.07560234920562062,PRUNED,0:00:01.658669,0.010237957508449321,79,1.2609132617004335
370,0.7334184694816085,PRUNED,0:00:00.606919,0.00557597616937893,124,1.3909108126502638
371,0.7759565942716308,PRUNED,0:00:00.431766,0.014160859020667948,233,1.3336921430921338
372,1.824462856200927,PRUNED,0:00:00.688834,2.095080117182051e-06,101,1.3537320867604634
373,1.8243232233814461,PRUNED,0:00:00.734281,2.8702859526186103e-06,100,1.3478089313329131
374,0.03773619631471122,PRUNED,0:00:04.879523,0.007561307320804573,99,1.354164383918684
375,0.7945312955058538,PRUNED,0:00:00.483994,0.007171549670209213,182,1.314228053141309
376,0.7909976051747799,PRUNED,0:00:00.504151,0.007539041823396715,189,1.3151928238675412
377,0.9192456031086469,PRUNED,0:00:00.460371,0.005806320318629868,191,1.2468202364965613
378,0.04300096589322597,PRUNED,0:00:30.221211,0.005607104005288082,9,1.2334954744410864
379,0.047103748821526,PRUNED,0:00:10.489475,0.01015281385276591,21,1.0182289172941092
380,0.03665448249214225,PRUNED,0:00:05.222559,0.017139619212110106,117,1.1787634266924496
381,0.04738339912836199,PRUNED,0:00:02.574320,0.01774266163618617,117,1.414892477897757
382,0.07707052960715911,PRUNED,0:00:01.067058,0.017838748327368162,175,1.4117693244848524
383,0.1483698306777188,PRUNED,0:00:05.355694,0.023708795159123396,21,1.2934342654166189
384,0.8628633142317701,PRUNED,0:00:00.626653,0.004034045167649042,127,1.2955140842373793
385,0.05324552854362093,PRUNED,0:00:02.012583,0.023106618615503168,117,1.177416222518186
386,1.2923320598072476,PRUNED,0:00:00.664024,0.0008632752208244949,117,1.2098217998126695
387,0.08103512734884308,PRUNED,0:00:01.084610,0.023069943769609365,180,1.1791244145171191
388,0.704180139163844,PRUNED,0:00:00.649799,0.005896013524704056,136,0.7816751154710763
389,0.04265751653275956,PRUNED,0:00:03.518020,0.008575012583813418,109,0.8647543801675036
390,0.03780583576432296,PRUNED,0:00:04.768680,0.00888310202465936,108,1.1288393926755615
391,0.03819465077349118,PRUNED,0:00:04.746334,0.008793719528512902,108,1.1259885949312844
392,1.5177056959221482,PRUNED,0:00:00.692764,0.000373753832673502,106,0.8542924622516407
393,0.1026114585981207,PRUNED,0:00:01.514201,0.008658890878491766,92,1.0210903672571363
394,0.572751740274364,PRUNED,0:00:00.596080,0.00866845947670033,130,1.1343574900690963
395,0.0514447907624128,PRUNED,0:00:01.871403,0.013727764376618006,132,1.385820073619436
396,0.7039159804062788,PRUNED,0:00:00.663828,0.005040476984056294,110,1.3887847143653722
397,0.04008850943467586,PRUNED,0:00:03.691993,0.013372625874510118,124,1.3820236373079533
398,0.6210531463677232,PRUNED,0:00:00.509850,0.013011668954895647,172,1.3710980270208994
399,0.874104512106512,PRUNED,0:00:00.509498,0.0064775989935625,196,1.3321943185698026
400,0.9293739995081648,PRUNED,0:00:00.640501,0.003858390131871535,136,1.2681650900735122
401,1.0580142549439973,PRUNED,0:00:00.491990,0.0036799445916215596,186,1.2752301403417863
402,0.8844375521331639,PRUNED,0:00:00.651480,0.0035725878834600997,123,1.2789923971402066
403,0.8501962128517438,PRUNED,0:00:00.743276,0.004401170084506594,136,1.2762036971633035
404,1.813045682470783,PRUNED,0:00:00.641729,7.667567368076747e-05,124,1.3263160284854525
405,0.8441998007797425,PRUNED,0:00:00.631551,0.004934200490271636,122,1.314768930722527
406,0.9480157104608055,PRUNED,0:00:00.541418,0.005164465242303389,178,1.3240928849684157
407,0.8251710896784404,PRUNED,0:00:00.552234,0.00649506892120069,179,1.3143849794157998
408,0.8547640170369829,PRUNED,0:00:00.538612,0.005937831763372218,181,1.3267410436494629
409,1.8235942529780524,PRUNED,0:00:00.513924,8.653518021851002e-06,170,1.2244547999774589
410,0.7327186155098456,PRUNED,0:00:00.612947,0.006404436700959053,140,1.2266758388358978
411,0.04437672428518408,PRUNED,0:00:36.059909,0.00717413894762884,10,1.2218997626719212
412,0.07747150999917225,PRUNED,0:00:01.216683,0.012156865196024694,143,1.2216092751248444
413,0.625025968504163,PRUNED,0:00:00.566210,0.011620193843941994,168,1.2227615888323828
414,0.05296941567212343,PRUNED,0:00:02.066084,0.011555258250386925,103,1.35725321717973
415,0.0033762532856004045,COMPLETE,0:00:20.522596,0.01119448075798754,128,1.3605485639583053
416,0.054736226430219234,PRUNED,0:00:01.787234,0.013824221015911168,144,1.3562594100372685
417,0.6557252645900805,PRUNED,0:00:00.599036,0.007444573620964198,130,1.3509333229358638
418,0.6267020387896176,PRUNED,0:00:00.639505,0.00772998401143101,131,1.1585472710218356
419,0.036689442025659526,PRUNED,0:00:05.505983,0.010167035162605352,103,1.1600496694771611
420,0.03804537902950593,PRUNED,0:00:04.865744,0.010390122879890445,103,1.197643515746561
421,0.05289332305795045,PRUNED,0:00:02.137421,0.014948510253570944,96,1.1975794393407035
422,0.043331962715291494,PRUNED,0:00:03.560588,0.010176044544890576,95,1.1918275184948113
423,0.7069512030073241,PRUNED,0:00:00.466202,0.009969914080988154,186,1.3435464121322327
424,0.031673957773788154,PRUNED,0:01:01.048930,0.00713934581345088,10,1.2995010860917617
425,0.5852624005133129,PRUNED,0:00:00.667856,0.00687427371062721,114,1.299274257679018
426,0.9753062164783478,PRUNED,0:00:00.501879,0.005211908269299465,190,1.2508645676291037
427,0.02818497742271698,PRUNED,0:01:22.373716,0.004930120273587258,10,1.3000714113943763
428,0.04735444367490827,PRUNED,0:00:17.468969,0.00516904301343041,12,1.2536060811560186
429,0.8459591534576918,PRUNED,0:00:00.474008,0.007493193586150586,199,1.305200078344689
430,0.749690641922162,PRUNED,0:00:00.858194,0.002704772830721587,71,1.405313514551356
431,0.844228512001416,PRUNED,0:00:01.327617,0.0011998760065480571,50,1.3744918199546436
432,0.7373203248185599,PRUNED,0:00:00.586766,0.0057909074416020055,127,1.3368165499157112
433,0.7498460535298694,PRUNED,0:00:00.512810,0.007916942445182608,173,1.292717218392525
434,1.0862731595011152,PRUNED,0:00:00.633296,0.0016464889561258124,112,1.2620291552677234
435,0.04226518754811981,PRUNED,0:00:02.881010,0.01688443373212189,120,1.4357446869779156
436,0.9862972992716483,PRUNED,0:00:00.472103,0.004791438665942672,184,1.2390510371105408
437,1.0368128141153206,PRUNED,0:00:00.482840,0.004048632975367351,184,1.3667578783236165
438,0.9899192356011447,PRUNED,0:00:00.620775,0.0032358938258125053,139,0.9567137824248184
439,0.7857689266574794,PRUNED,0:00:00.559413,0.006643706787537924,164,1.3384734363307387
440,1.7644001468319759,PRUNED,0:00:00.538364,0.00027814683379892205,177,0.9149857738186065
441,0.07768391437778537,PRUNED,0:00:01.191955,0.01509078680409718,127,1.303676998964856
442,0.11353098261375097,PRUNED,0:00:01.208019,0.015713422844870095,119,1.399348668715152
443,0.05369649369673556,PRUNED,0:00:01.928384,0.008813178948560237,114,1.395780413888459
444,0.7300630645028182,PRUNED,0:00:00.618149,0.005705602970353464,135,1.2089700971454358
445,0.07831730526531973,PRUNED,0:00:01.726659,0.008660094114165578,75,1.2897811596072686
446,0.00328789000636558,COMPLETE,0:00:23.573855,0.008945582351923522,112,1.3631607695335177
447,0.039917331519564225,PRUNED,0:00:03.872460,0.007103317718827241,112,1.3667516782401092
448,0.7058752039165208,PRUNED,0:00:00.509614,0.011155249678405324,192,1.369060722067426
449,0.08499004805492143,PRUNED,0:00:01.939877,0.006886837921742086,64,1.335540546751204
450,0.5773437908736238,PRUNED,0:00:00.657619,0.00747399176867586,111,1.3395660638373252
451,0.8527044653892517,PRUNED,0:00:00.628565,0.004746975384997764,134,1.3188030970390365
452,0.8019348298785863,PRUNED,0:00:00.484569,0.00681105745304212,176,1.249938500193665
453,0.09982528765168455,PRUNED,0:00:01.120554,0.0195761201109209,176,1.2558250799675144
454,0.09338650360335539,PRUNED,0:00:01.291130,0.01890047204760698,117,1.277814670485353
455,0.05119180000683134,PRUNED,0:00:01.955161,0.012446656488545415,147,1.2087722600083473
456,0.6566653001682583,PRUNED,0:00:00.945308,0.003982061184329248,82,1.282714694381191
457,0.04165794588381948,PRUNED,0:00:03.654711,0.013417131801510366,124,1.2078833112980356
458,0.0028846154978336043,COMPLETE,0:00:21.073654,0.013723349598924815,138,0.6690796970394408
459,0.03993373009420577,PRUNED,0:00:03.440267,0.012900994462790564,150,1.2008992925522508
460,0.09112303158621383,PRUNED,0:00:01.208510,0.010026735904418263,124,1.174651225170532
461,0.03507175853291711,PRUNED,0:00:06.239020,0.008796478589039319,104,1.3013182541963846
462,0.7908247848351796,PRUNED,0:00:00.794867,0.003261106327167571,90,1.2966160916404037
463,1.4264305863115523,PRUNED,0:00:00.703168,0.0004844299554811966,105,1.30599270217266
464,0.0031114855559127015,COMPLETE,0:00:21.926589,0.00900367136953668,105,1.3099958490290335
465,0.0033961982524777826,COMPLETE,0:00:20.960670,0.008776283807777932,133,1.3855149493290901
466,0.7437626587865996,PRUNED,0:00:00.563903,0.006047680765819055,138,1.3227317664134306
467,0.6161111467159711,PRUNED,0:00:00.660100,0.008233316338641656,132,0.8933157230258307
468,0.1742051339894533,PRUNED,0:00:00.970501,0.030211359430362753,189,1.3516405237093654
469,0.806149552640675,PRUNED,0:00:00.636391,0.004183435525684864,119,1.3837975251903603
470,0.5953958136678645,PRUNED,0:00:00.595111,0.010365967305037591,143,1.3424726815911918
471,1.1150929108262062,PRUNED,0:00:00.509530,0.0029246052143310584,182,1.2414500248085558
472,0.9618214274626322,PRUNED,0:00:00.723113,0.0020010468544458654,98,1.1854264556725427
473,0.0032072234898443378,COMPLETE,0:00:22.901333,0.00930967510469224,99,1.4167699304363992
474,0.6972756758332253,PRUNED,0:00:00.548085,0.009352571519830655,170,0.6794214547385444
475,1.0855018480827934,PRUNED,0:00:00.439022,0.005144582376630864,250,1.419373702313338
476,0.04040058151039542,PRUNED,0:00:03.587298,0.014076429112103774,129,1.2758762465058617
477,0.5946180232648932,PRUNED,0:00:00.666284,0.006175124321630301,110,0.9810972200316223
478,0.5910279797735037,PRUNED,0:00:00.597850,0.00996951712671078,140,1.160405441409975
479,0.904945867591434,PRUNED,0:00:00.599132,0.0044268708109706095,140,1.1508964935422743
480,0.7872010557146012,PRUNED,0:00:00.603400,0.00439449765194308,120,1.3302442873535272
481,0.6125392466783524,PRUNED,0:00:00.667920,0.0074434622104002784,133,1.3820697666217594
482,0.7854624928463073,PRUNED,0:00:00.552812,0.0076227975677171,181,1.0903983930644747
483,0.5930601878027464,PRUNED,0:00:00.566595,0.011734275826042312,163,1.3176643758744044
484,0.5666953588270733,PRUNED,0:00:00.554439,0.012294062876828354,162,1.3131737291431465
485,1.1789469341437022,PRUNED,0:00:00.609359,0.0014597562083581122,126,1.2670278637723893
486,0.8581591129911189,PRUNED,0:00:00.514113,0.0058563568063500025,194,1.2632266831267047
487,1.1445457984548095,PRUNED,0:00:00.510048,0.0025002446696094746,174,1.2282743215759466
488,1.5480773024039693,PRUNED,0:00:00.506269,0.0006999588430177844,187,1.2348136053459327
489,0.003933154704671269,COMPLETE,0:00:20.633209,0.016192566600560437,146,0.5908295328236151
490,0.12225579025671464,PRUNED,0:00:01.102934,0.020684936574876828,147,0.7219568177105463
491,0.04380498026999143,PRUNED,0:00:02.982014,0.017130683008993744,146,0.5012409321138197
492,0.07093187802187774,PRUNED,0:00:01.198997,0.01604265872531387,137,1.1892737919861553
493,0.07639985166854792,PRUNED,0:00:01.248016,0.016614933026860637,132,0.6751413856628369
494,0.003933232030489586,COMPLETE,0:00:46.876742,0.005672673316280388,31,0.5561807766563435
495,0.9743979766856145,PRUNED,0:00:00.617986,0.003309966545509771,138,1.1713477662456755
496,0.6762585736871735,PRUNED,0:00:00.589762,0.009155388923995441,154,0.8398624061408579
497,0.07992708098609,PRUNED,0:00:02.169079,0.005720388629215663,59,0.564367514933804
498,0.7519279171281786,PRUNED,0:00:00.621649,0.0060670156433070685,141,1.2988163239207917
499,0.035578478728889154,PRUNED,0:00:05.704818,0.005712723355158081,100,0.6197567003882031
500,0.052195627087910555,PRUNED,0:00:02.140354,0.005179342250638312,98,1.3351059472826516
501,0.045865541104322824,PRUNED,0:00:03.123624,0.0072356976254233825,97,1.330272778841832
502,0.0031925975763026733,COMPLETE,0:00:23.847517,0.006986190493436515,100,1.28775102959595
503,0.8117002287057525,PRUNED,0:00:00.678444,0.003824950106105334,106,0.615885160671123
504,1.7092693493916438,PRUNED,0:00:00.728704,0.0002020042032217953,104,0.6323278886581291
505,0.00325485006748809,COMPLETE,0:00:23.028588,0.010901448423994728,93,1.3055027208221093
506,0.781759113400847,PRUNED,0:00:00.463819,0.011410716142263319,208,0.7724571133897629
507,1.4321008659544445,PRUNED,0:00:00.525990,0.000953578424156658,181,0.5905183228226482
508,0.04704347149842346,PRUNED,0:00:03.081833,0.007692543485177444,87,1.2849289369413117
509,0.0039145617842696,COMPLETE,0:00:22.056696,0.00767453090212814,108,1.284715562818074
510,0.04584520775824785,PRUNED,0:00:02.625134,0.014258146049435386,110,1.303644567286081
511,0.9639236519911459,PRUNED,0:00:00.554196,0.004502652707986381,170,1.3412344785975536
512,0.8769086260110774,PRUNED,0:00:00.486995,0.006793953256498277,201,0.7107513211270087
513,0.03958347053556456,PRUNED,0:00:04.007211,0.010286466596216804,107,1.3149513930579937
514,0.0032049545658963227,COMPLETE,0:00:23.029707,0.011083040597421705,93,1.3159174712135742
515,0.052679869943723624,PRUNED,0:00:03.811301,0.010970182950622121,53,1.3106539256141487
516,0.11676630669949102,PRUNED,0:00:01.121786,0.02985243599582506,186,1.0551608816623161
517,0.8002640299069194,PRUNED,0:00:00.788493,0.0028953524525095523,91,1.3505457929352978
518,0.9488206932751032,PRUNED,0:00:00.811933,0.0019711268256481286,91,1.3565841566526924
519,0.7338354114060089,PRUNED,0:00:00.555009,0.008123008540569859,177,1.2814168085631652
520,0.11415567145579392,PRUNED,0:00:01.049312,0.021081769226697283,176,0.7967584251709678
521,0.7037304804088121,PRUNED,0:00:00.646708,0.004900367200571954,114,1.325684586687407
522,0.8794532592097918,PRUNED,0:00:00.628863,0.0036133102986031992,121,1.2877980223856869
523,0.0033333941852888207,COMPLETE,0:00:49.103594,0.003639024628553086,30,1.136042039722838
524,0.03991899180359074,PRUNED,0:00:08.088220,0.013112180123776983,45,1.213265362102348
525,0.03600785583757714,PRUNED,0:00:04.691091,0.013162067500329954,127,1.1913415227718511
526,0.05364798646834162,PRUNED,0:00:02.017125,0.012819181723230091,105,0.7463366043979905
527,0.6137039406810488,PRUNED,0:00:00.686576,0.005332011820782456,108,1.3464500291632742
528,0.7084663814427902,PRUNED,0:00:00.478869,0.009267897355043414,193,1.137670882182415
529,0.5852416208567651,PRUNED,0:00:00.623084,0.008182113707831852,128,1.1747408847312721
530,0.68285650844942,PRUNED,0:00:00.628444,0.006215545396126322,127,1.4953481707770961
531,0.8525049987320716,PRUNED,0:00:00.534692,0.0061252983287788205,182,1.1866142383778444
532,0.850244706353316,PRUNED,0:00:00.529522,0.006202749499518961,182,1.3222599859258442
533,0.8269808305284152,PRUNED,0:00:00.537509,0.006403881866172762,183,1.326619344021922
534,1.8150945707603736,PRUNED,0:00:02.059685,1.5745373140102793e-05,28,1.3230153270587017
535,1.8236703200773758,PRUNED,0:00:00.680535,6.506588144991378e-06,115,1.3305595861887007
536,1.0132115661052234,PRUNED,0:00:00.548238,0.0038554801954835856,167,1.2599103217564533
537,0.9747169352738203,PRUNED,0:00:00.549901,0.004473898997024446,168,1.3679460318355623
538,0.07318868005696015,PRUNED,0:00:01.217825,0.009482557520145351,121,1.354308584330751
539,0.9658874968687693,PRUNED,0:00:00.530885,0.004560596548819731,171,1.370911765440355
540,0.0428185116202097,PRUNED,0:00:09.630705,0.00922069406342539,29,1.1039698165595377
541,0.00349420595091167,COMPLETE,0:00:38.577314,0.009685158720303766,39,1.2148913914136918
542,0.03530025890131304,PRUNED,0:00:05.149819,0.0151094121887289,116,1.1088528569987264
543,0.07010070490988268,PRUNED,0:00:01.386801,0.022320654240001733,137,1.2137006939194566
544,0.6426019629836083,PRUNED,0:00:00.495555,0.014499499561789015,189,1.1541928811211937
545,0.003829484004247772,COMPLETE,0:00:21.402430,0.009989754289084725,116,1.267917919596377
546,1.8180551784379142,PRUNED,0:00:00.676737,4.123499701727443e-05,113,1.241167075109374
547,0.6900058333136019,PRUNED,0:00:00.565773,0.00864625198011489,155,1.2443518128625624
548,0.0392975814782245,PRUNED,0:00:04.130631,0.007988396357367608,103,1.269678309290641
549,0.09732399817745564,PRUNED,0:00:02.910552,0.0029144674635474344,40,0.8245431326956065
550,0.05196540204468619,PRUNED,0:00:13.008392,0.007832395009745538,31,1.2707912466873186
551,0.9848889951587568,PRUNED,0:00:00.612076,0.003114105197290623,134,0.6554779498720148
552,0.6765417393797369,PRUNED,0:00:00.624713,0.0073779741793609,141,1.2691762544064908
553,0.9419168510088106,PRUNED,0:00:00.577335,0.00765941649485487,232,1.2686336233263933
554,0.05087733821390749,PRUNED,0:00:02.042101,0.011246718042387754,104,1.3484536357401886
555,0.6548714919764305,PRUNED,0:00:00.535523,0.011045495725910171,177,1.3429891273509758
556,0.631659121992432,PRUNED,0:00:00.512894,0.010978950050122598,178,1.3431732568484946
557,0.7092915264111531,PRUNED,0:00:00.647018,0.005543562759980628,120,1.3626864873940134
558,1.031789876184156,PRUNED,0:00:00.625705,0.0023173949119677357,122,1.4011340716074716
559,0.7837754450477921,PRUNED,0:00:01.004051,0.0022387476590107836,66,1.2040571401833078
560,0.04640092214276968,PRUNED,0:00:03.411336,0.017802817094357173,78,1.21374898368764
561,1.0713519956288713,PRUNED,0:00:00.488862,0.003918596740934603,214,1.041414979964367
562,0.7502639104580057,PRUNED,0:00:00.677829,0.07094125269008177,131,1.2095574070672612
563,0.08756534304547976,PRUNED,0:00:01.294637,0.020786280110658677,132,1.3897834562263482
564,0.6302694830390596,PRUNED,0:00:00.509798,0.01550202397468397,196,1.226465266485371
565,0.5726363147590675,PRUNED,0:00:00.528103,0.0187842572619803,186,1.3010190260775512
566,0.09658343841632207,PRUNED,0:00:01.169282,0.019919073451049676,151,1.3015901032828034
567,1.811244353998539,PRUNED,0:00:00.701287,7.6011928078738e-05,110,1.3985362167261735
568,0.718097644096071,PRUNED,0:00:00.559371,0.009005804183923419,172,1.1849063996854854
569,0.004362784245584765,COMPLETE,0:00:25.197730,0.009228695976539395,81,1.1608996346204405
570,0.003914713729603217,COMPLETE,0:00:24.895186,0.009422156295539724,81,1.1606413352731177
571,0.6332608746830374,PRUNED,0:00:00.662327,0.006687740220275738,118,1.2479247433392504
572,0.9105220069487889,PRUNED,0:00:00.596770,0.004945453317059249,158,1.3755793743446811
573,0.8517499185647025,PRUNED,0:00:00.591177,0.004676008038297797,143,1.1638842790484236
574,0.003333267564280463,COMPLETE,0:00:22.294615,0.012939388466052316,102,1.1705532271220276
575,0.5534890627646758,PRUNED,0:00:00.712623,0.009411208773196724,124,1.2767433771433658
576,1.3929022018398558,PRUNED,0:00:00.672186,0.0005946171539330055,113,1.3178507238633328
577,0.05507375660633284,PRUNED,0:00:02.118811,0.014024202164496654,100,1.3336816786818197
578,0.7140192571732638,PRUNED,0:00:00.610384,0.006526371588771544,136,1.3574491545225098
579,1.3755656582117082,PRUNED,0:00:00.499782,0.0011986550894863934,190,1.2935547398776805
580,1.086286904811859,PRUNED,0:00:00.523631,0.0036196057883504038,190,1.2915695805903868
581,0.0350152925401926,PRUNED,0:00:05.247092,0.009448650091773973,108,1.2408545958307595
582,0.043581873327493664,PRUNED,0:00:03.999486,0.012724782113281177,84,1.2267806144131161
583,0.03753697110852539,PRUNED,0:00:04.280971,0.012968930362818112,127,1.225095613893981
584,0.060801225570624305,PRUNED,0:00:01.814681,0.027086588540177203,127,1.3154677447479994
585,0.6926538693224824,PRUNED,0:00:00.625020,0.006713655059015063,127,1.3397536724112513
586,1.2711890099245473,PRUNED,0:00:00.555257,0.0015241231471997314,174,1.1481289172554245
587,1.027572054548312,PRUNED,0:00:00.741454,0.0016663589731718727,96,1.3717714246214971
588,0.9173132962775681,PRUNED,0:00:00.540831,0.005603613784127661,179,1.4450360031441354
589,0.003675164284810635,COMPLETE,0:00:34.239299,0.005249159496825732,49,1.1955211962345866
590,0.6672215284497449,PRUNED,0:00:00.620507,0.007698479143001736,144,1.1917827904277942
591,0.0701843740241806,PRUNED,0:00:01.252716,0.01254538101888885,138,1.3550562405205888
592,0.8451364705195794,PRUNED,0:00:00.709907,0.004139412969827756,104,1.3106177619761004
593,0.7637710734243282,PRUNED,0:00:00.693446,0.004152481995729085,111,1.315100688420645
594,0.06992603861994443,PRUNED,0:00:01.339746,0.008205916189687643,109,1.253290648444572
595,0.7374194242711206,PRUNED,0:00:00.528944,0.008594634237871561,185,1.1706861677285672
596,0.8759186298682772,PRUNED,0:00:00.525182,0.005607487422462001,164,1.378488369139696
597,0.6657330728833031,PRUNED,0:00:00.737851,0.005769388155267433,119,0.6961766188698946
598,0.030344729610945587,PRUNED,0:00:14.533508,0.006620817795387568,49,1.1989526018680599
599,1.022470857170846,PRUNED,0:00:00.579940,0.002755776263288946,136,0.7615740378761338
600,0.7242312539564936,PRUNED,0:00:00.463591,0.010282486214137486,199,1.3314868499041117
601,0.03749559898387621,PRUNED,0:00:04.772145,0.006684408533563136,101,1.2858655893235857
602,0.588727611399025,PRUNED,0:00:00.516669,0.014271522531865833,174,1.2040751082654446
603,0.0031646536999058762,COMPLETE,0:00:21.631340,0.010655145425308588,131,1.3486490629408796
604,0.03883207727657871,PRUNED,0:00:03.978420,0.011342450423160467,116,1.3468436628333145
605,0.0385820989046366,PRUNED,0:00:03.729272,0.010181580455246869,122,0.5316694628938348
606,0.5849997278351289,PRUNED,0:00:00.746533,0.007264386987139532,123,1.353017148983926
607,0.6316547565402523,PRUNED,0:00:00.634850,0.0070371971458920435,122,1.3457669151043745
608,0.8156893769214894,PRUNED,0:00:00.681162,0.004875311889935182,131,1.331989476288465
609,0.9596672324607005,PRUNED,0:00:00.542759,0.005029088410570803,182,1.2995576907667385
610,0.0031856046254162707,COMPLETE,0:01:12.945126,0.004845969070142042,17,1.2546046265341626
611,0.05081514968811848,PRUNED,0:00:03.822673,0.01778131569119636,49,0.8758029271807636
612,0.05014126549035774,PRUNED,0:00:03.774985,0.011523828091437066,49,1.3961407822069454
613,0.06918865330288747,PRUNED,0:00:01.301046,0.01160326456617361,116,1.2531532872335909
614,1.5988804308095372,PRUNED,0:00:00.661644,0.0004276875075272927,142,1.256101356256336
615,0.050616601471510314,PRUNED,0:00:02.139616,0.015607449696912194,107,1.3976561216961365
616,0.7340852547259558,PRUNED,0:00:00.589663,0.006627093198087756,151,1.398142013454415
617,0.06921509734087891,PRUNED,0:00:01.260141,0.016517999249231204,132,1.2814603275505014
618,0.8152497319420379,PRUNED,0:00:00.771591,0.003189563018585909,95,1.189546371043188
619,0.06996544957220914,PRUNED,0:00:06.026538,0.0032492910205400532,19,1.2830581006124055
620,0.027082636300474406,PRUNED,0:00:21.293135,0.008062860245191253,59,1.194637148799796
621,0.04282189865549237,PRUNED,0:00:17.341896,0.0077414820412503756,16,1.2783033081741422
622,0.7700079207150441,PRUNED,0:00:00.548263,0.007502661083379631,179,1.366873711450825
623,0.7396676510717105,PRUNED,0:00:00.527254,0.008130536202645871,185,1.3709943824660178
624,0.9803251311330512,PRUNED,0:00:00.543721,0.005203108446773403,187,1.3104594461868277
625,0.8857720096026902,PRUNED,0:00:00.711909,0.005599323413724164,168,1.3139746321412187
626,0.12701262296600777,PRUNED,0:00:01.301797,0.02490684074364712,173,1.233865472195524
627,0.9417544459696296,PRUNED,0:00:00.648323,0.003784136486755298,136,1.4254737392341723
628,1.7682822441913673,PRUNED,0:00:00.669412,0.00016009997602826507,112,1.2854846879697976
629,0.03693877222831361,PRUNED,0:00:07.393044,0.008980803847198102,59,1.3325639798196796
630,1.5029295342309135,PRUNED,0:00:00.530430,0.0008387747992961214,193,1.3336452018149558
631,0.5769671094828639,PRUNED,0:00:00.655089,0.008357035160876873,131,1.2278205801706281
632,0.8890950950292441,PRUNED,0:00:00.615654,0.004395270877370986,146,1.271071916661648
633,0.7791314398435721,PRUNED,0:00:00.951726,0.002403934610644322,71,1.3266873741623217
634,0.038568093320407434,PRUNED,0:00:04.139827,0.010195688158606546,107,1.3283155566019718
635,0.054189088029993907,PRUNED,0:00:03.141191,0.013590252026246615,60,1.3019947534007414
636,0.5861012138566881,PRUNED,0:00:00.522286,0.014095506252834159,179,1.364603558703152
637,0.04124016831604598,PRUNED,0:00:03.458083,0.006398753599000565,99,1.301083960137076
638,0.050518798441943076,PRUNED,0:00:02.136980,0.0064861125054131025,99,1.2536686299189943
639,0.6887199117199463,PRUNED,0:00:00.611695,0.007291955376602717,139,1.253689849827662
640,0.7804547468821208,PRUNED,0:00:00.619266,0.005279983211038034,126,1.2160676778912636
641,0.07232358751681027,PRUNED,0:00:01.196887,0.010507337730282389,127,1.3790837001152512
642,0.09847922122256982,PRUNED,0:00:01.200892,0.01680912063337354,128,1.3845241791468674
643,0.04525637015186507,PRUNED,0:00:02.749785,0.01167832269019988,131,1.3801788237919863
644,0.07519634751869099,PRUNED,0:00:01.352536,0.012709789955034582,135,1.350009375513233
645,0.14993645779207243,PRUNED,0:00:01.363624,0.03618981827356058,134,1.3510833421572577
646,0.06788422983192222,PRUNED,0:00:01.260532,0.012219962148367758,133,1.3531974855390532
647,0.0029071675983381212,COMPLETE,0:00:20.179994,0.011671477011821196,142,1.3713635206281685
648,0.5755737599041035,PRUNED,0:00:00.629267,0.01110551112535682,141,1.3634265762196796
649,0.5873188651097354,PRUNED,0:00:00.644559,0.0111400324038954,141,1.3650252709865474
650,0.5663281405782875,PRUNED,0:00:00.629028,0.010871884191017752,139,1.3187755402745875
651,0.553878634294242,PRUNED,0:00:00.665727,0.008560131957081522,117,1.3150538207958524
652,0.0508765634149313,PRUNED,0:00:01.936112,0.01586307449315996,118,1.4157134633077764
653,0.0681647043908015,PRUNED,0:00:01.285892,0.02320150051500398,118,1.4708159805018888
654,0.05209726375746138,PRUNED,0:00:01.894435,0.0213658090790776,117,0.995929411032819
655,0.08056797764305049,PRUNED,0:00:01.281628,0.015661122410741673,119,1.3385044379755027
656,0.1239025864044046,PRUNED,0:00:01.261526,0.01599380866057555,124,0.9961409357891209
657,0.6118738126326231,PRUNED,0:00:00.639933,0.008389106300943196,124,1.007150931577378
658,1.6422091395247216,PRUNED,0:00:00.638192,0.00031630882498112075,124,1.2962191014163849
659,0.6726577300734881,PRUNED,0:00:00.557861,0.009055184341562559,159,1.076792622102042
660,0.05265293483845672,PRUNED,0:00:02.035992,0.008917549570727356,111,1.3284135699944466
661,0.8154756055083326,PRUNED,0:00:00.496712,0.00878443404616337,204,1.340533368961477
662,0.003937834625417067,COMPLETE,0:00:21.798116,0.008972099436087726,112,1.3242371084221374
663,0.698748423836448,PRUNED,0:00:00.546725,0.009282910053852336,173,1.3388205949431393
664,0.6027763818352543,PRUNED,0:00:00.686290,0.006695736872446387,111,1.3162437975004635
665,0.0752345198765397,PRUNED,0:00:01.462981,0.013617863001787908,105,0.9365874546824896
666,0.07876937362481151,PRUNED,0:00:01.324173,0.013109118683584532,112,1.3134792115385403
667,0.074243330785374,PRUNED,0:00:01.195431,0.012877535000372396,149,1.291101734245802
668,0.5391115284309937,PRUNED,0:00:00.633845,0.01297148535978946,146,1.2902075199165675
669,0.07689139613603044,PRUNED,0:00:01.247679,0.01935306972753005,149,1.2958341533392377
670,0.838881760262526,PRUNED,0:00:00.530954,0.006575989830541539,182,1.3830880483944508
671,0.8065479182853148,PRUNED,0:00:00.537072,0.006924177101704604,183,1.3782155886131446
672,0.6964449853929755,PRUNED,0:00:00.637685,0.006511144824408297,130,1.3852501100975723
673,0.552747862949355,PRUNED,0:00:00.616952,0.010367694949333208,130,1.2642604297196847
674,0.08562634776213339,PRUNED,0:00:01.263239,0.018976857827746624,135,1.2371077137874789
675,0.5770633480336407,PRUNED,0:00:00.540395,0.018758346818112285,188,1.2389402112622585
676,0.6078304982871461,PRUNED,0:00:00.672248,0.010324772140279378,136,0.79052068583686
677,0.5945928731410624,PRUNED,0:00:00.624519,0.009939550259242697,136,1.2346991268566858
678,1.8190788082909166,PRUNED,0:00:00.572764,6.119117520647486e-05,166,1.3535033650824948
679,0.766591740506036,PRUNED,0:00:00.552214,0.008024105924287294,193,0.823987628310183
680,0.5548290890090319,PRUNED,0:00:00.538948,0.05191075245683144,193,1.357600151451228
681,0.9157443188618277,PRUNED,0:00:00.546551,0.005552937439286766,177,1.3600554670309082
682,1.2063426876736578,PRUNED,0:00:00.554456,0.0019975207574208383,177,1.3588595723055206
683,1.207556296731824,PRUNED,0:00:00.545975,0.00196356321289805,178,0.6618891599676469
684,0.949903438212695,PRUNED,0:00:00.572526,0.005152479760906873,176,1.2665963820176005
685,0.06943510648804707,PRUNED,0:00:01.423821,0.008112492541937877,104,1.3283562939089997
686,0.5460520037501068,PRUNED,0:00:00.715950,0.00795402209476532,104,1.3333458815846688
687,0.0421105740115393,PRUNED,0:00:03.991803,0.007128059359045938,88,1.4141923508579377
688,0.038613020584149206,PRUNED,0:00:04.513326,0.007950939975054395,103,1.4054148700530418
689,0.0512792806342319,PRUNED,0:00:02.264733,0.007684724440619207,95,1.317491174972821
690,0.07052980620466487,PRUNED,0:00:01.586579,0.010990357151173464,89,1.4196728515259174
691,0.054019216832614715,PRUNED,0:00:01.904100,0.014835082443202348,122,1.4045513348380685
692,1.273202737440934,PRUNED,0:00:00.637907,0.001065664506048431,128,1.2653469573355673
693,0.069528892612265,PRUNED,0:00:01.258259,0.015247071661509773,122,1.40351390914149
694,0.08060773688935696,PRUNED,0:00:01.188981,0.013844014087019954,142,1.3006094394133858
695,0.6375860733064738,PRUNED,0:00:00.671761,0.00586310113472299,115,1.2986367229812221
696,0.8993990635781577,PRUNED,0:00:00.612416,0.004223754330218866,143,1.3054065802963404
697,0.8959906083164793,PRUNED,0:00:00.617096,0.004225596561580584,143,1.2983835365866323
698,0.6574284624274787,PRUNED,0:00:00.652279,0.01039329866959723,171,1.2755814106563912
699,0.6152043470979801,PRUNED,0:00:00.668703,0.011866470791777871,170,1.3448042579518342
700,0.7010936983195799,PRUNED,0:00:00.671748,0.009293897805780103,169,1.3400038867207298
701,0.6760667170490231,PRUNED,0:00:00.673832,0.010327194787838494,171,1.3369801527034504
702,0.9195313757598991,PRUNED,0:00:00.541250,0.005800576284908658,187,1.3378780132888626
703,0.5853755095601082,PRUNED,0:00:00.743971,0.006001159185309859,108,1.2193155205557846
704,0.6599791971750038,PRUNED,0:00:00.721543,0.005316686144864232,110,1.21118070840233
705,0.6177156151582798,PRUNED,0:00:00.687011,0.0062196663429981355,113,1.218609230838669
706,0.5833383916957038,PRUNED,0:00:00.688078,0.006604989765086471,108,1.3749040668255939
707,1.0303433508905646,PRUNED,0:00:00.652337,0.002524000378260097,130,1.2529474742014397
708,1.8207660116053916,PRUNED,0:00:00.608037,3.2135944499020034e-05,128,1.250570089702356
709,1.1998463060757885,PRUNED,0:00:00.613975,0.0014276979070117798,130,1.3708871993553267
710,0.9980549881719563,PRUNED,0:00:00.623065,0.002780942346011156,130,1.2613363757901601
711,0.606493693461521,PRUNED,0:00:00.646906,0.009328165235441128,136,1.2792745282368665
712,0.11078804029295078,PRUNED,0:00:01.069613,0.024765991176678832,182,1.2814995219025171
713,0.6058004372311334,PRUNED,0:00:00.647749,0.008918105726953136,138,1.280467452980191
714,0.7186829717113421,PRUNED,0:00:00.525983,0.009370860099825221,182,1.2799646255022843
715,1.8245336575941606,PRUNED,0:00:00.567617,1.5966530787375983e-06,156,1.3184660733282976
716,0.6215293597948702,PRUNED,0:00:00.448438,0.02410235703192627,241,1.3192646674977313
717,0.5778863552515789,PRUNED,0:00:00.548847,0.012491143800780754,160,1.3212804048369828
718,0.06871739492202417,PRUNED,0:00:01.489457,0.01281789506833863,97,1.3260651665682128
719,0.05383640561763405,PRUNED,0:00:02.179464,0.011771712661559295,96,1.3191352459098487
720,0.053412286067352245,PRUNED,0:00:02.094612,0.013317110027933055,99,1.445020196162586
721,0.14980000467636648,PRUNED,0:00:01.436279,0.017762980502381016,97,1.3486008141458112
722,0.7949692456003947,PRUNED,0:00:00.643511,0.004625777565695903,121,1.3562155548186876
723,0.8201881463489225,PRUNED,0:00:00.638670,0.004634720205464299,122,1.3675773177749542
724,1.072832456909784,PRUNED,0:00:00.527225,0.003575572524675625,187,1.2420310181547225
725,0.569962525157475,PRUNED,0:00:00.641380,0.007196708623904282,116,1.2337415023485163
726,0.866485760789929,PRUNED,0:00:00.662654,0.003486414069134595,115,1.2360384408370844
727,0.5828260063576552,PRUNED,0:00:00.641837,0.006966002860631628,116,1.3902073340892132
728,0.6293932152421851,PRUNED,0:00:00.644701,0.0074875520513486,125,1.1925949103133076
729,1.4005194559595944,PRUNED,0:00:00.618044,0.0006711925041419176,124,1.1929641643393518
730,1.5256626523059347,PRUNED,0:00:00.561197,0.0006328375957989291,165,1.1823725329057369
731,1.428847594041351,PRUNED,0:00:00.631958,0.000675156528766003,134,0.5879408065481598
732,0.7805338435185453,PRUNED,0:00:00.532823,0.009634384778630937,197,0.589805539752819
733,0.06902273794015248,PRUNED,0:00:01.230562,0.016033273766781903,140,0.5979717657140278
734,0.07357077004285309,PRUNED,0:00:01.155456,0.016719732496357675,149,1.388056657641608
735,0.0034639752048894975,COMPLETE,0:00:21.152741,0.015506528066466092,140,1.3022819566891497
736,0.07876842243851517,PRUNED,0:00:01.203774,0.01716228639123727,136,1.0377755563268831
737,0.10170512835523396,PRUNED,0:00:01.238317,0.016255676821775276,144,1.3055864315508785
738,0.0032444632446954826,COMPLETE,0:00:20.956282,0.01647424122076247,146,1.0403917206943525
739,0.5411827952655799,PRUNED,0:00:00.637565,0.011652036259771214,139,1.3514416611812763
740,0.17639318741577908,PRUNED,0:00:01.163220,0.028899789777581168,142,1.3026250031314957
741,0.045245666875616534,PRUNED,0:00:02.891044,0.011217516945566957,104,0.9131008697569323
742,0.039458413446403065,PRUNED,0:00:04.128349,0.010903598047351483,103,0.7475147927933419
743,1.8241549938444108,PRUNED,0:00:00.606278,4.301714335433834e-06,150,1.2613252875823364
744,0.06732261927938589,PRUNED,0:00:01.531074,0.010749737827295828,102,1.3646308239923695
745,0.003513959480804309,COMPLETE,0:00:23.328105,0.010095875405338434,102,1.3609121983117898
746,0.04124628454046224,PRUNED,0:00:03.492721,0.01334349900211529,102,1.3699362857572004
747,0.07855094739862081,PRUNED,0:00:01.390465,0.020896531937287702,107,1.2882882660954402
748,0.07523095707955031,PRUNED,0:00:01.268025,0.02010963773370331,131,1.391232886059312
749,0.003840026071185443,COMPLETE,0:00:20.533542,0.014055283915766471,134,1.207784481442952
750,0.03583609421870538,PRUNED,0:00:04.874149,0.013748795128965263,135,1.4314418041562158
751,0.07267345202345292,PRUNED,0:00:01.618551,0.008133855147581063,92,1.216691051187903
752,0.04207493524466242,PRUNED,0:00:03.072762,0.01481518772066794,135,1.336437247915941
753,0.6763680836026983,PRUNED,0:00:00.587287,0.008549042638568703,147,0.8408511639627186
754,0.97227934834569,PRUNED,0:00:00.469732,0.0057347494735791845,220,1.3344335431940992
755,0.9161525822821117,PRUNED,0:00:00.522656,0.0056957089338779575,180,1.3065109973084825
756,0.7187067097184634,PRUNED,0:00:00.490550,0.010105132079771071,191,1.3021853721465853
757,0.6745694442353117,PRUNED,0:00:00.532694,0.009902013594838837,174,1.247642170218093
758,0.6605541078536302,PRUNED,0:00:00.602943,0.007316972388264077,127,0.958082790436189
759,0.6302205006382904,PRUNED,0:00:00.598711,0.0075902988491316405,129,1.268293816060318
760,0.6313112378120422,PRUNED,0:00:00.493285,0.013147879433543506,184,1.350917262943567
761,0.6527861194575534,PRUNED,0:00:00.524280,0.01196922887594505,186,1.118941343303168
762,0.9081750273266259,PRUNED,0:00:00.595151,0.004735878737529196,139,1.20380490501651
763,0.8852303784285018,PRUNED,0:00:00.601085,0.00445265984997197,141,1.2096417408100881
764,0.6690883437028298,PRUNED,0:00:00.587955,0.008914851855155764,146,1.1708836272181917
765,0.5520381170364332,PRUNED,0:00:00.633197,0.00874938615371126,133,1.3667140288348343
766,0.91350361007696,PRUNED,0:00:00.655017,0.0028940640544458393,111,1.3850448609762032
767,0.746602014806427,PRUNED,0:00:00.575986,0.006552100952747012,155,1.2842803404419996
768,0.5520010489225388,PRUNED,0:00:00.673703,0.00614811188045184,108,0.5003314081476117
769,1.7963392379917675,PRUNED,0:00:00.631476,0.00012505759448148824,120,1.3437407795951108
770,0.0815880940166078,PRUNED,0:00:01.219129,0.015446145380600946,120,0.6929460766829322
771,0.07255079854573858,PRUNED,0:00:01.187480,0.015271535359873628,125,0.6938065200623651
772,0.08806551738980398,PRUNED,0:00:01.400052,0.01164094871517811,94,1.3156504831081994
773,0.7769698696035259,PRUNED,0:00:00.516314,0.007731036353995195,179,1.3177713893079321
774,0.06736208253245257,PRUNED,0:00:01.392805,0.011054734905162584,95,0.5475537192367335
775,0.003195501148724029,COMPLETE,0:00:19.866757,0.010317472379415013,132,1.2283496182750366
776,0.552153825235199,PRUNED,0:00:00.611752,0.009454049245606085,133,1.23539143060694
777,1.1121937481450364,PRUNED,0:00:00.598631,0.0019625446426940526,133,1.2658148030168987
778,0.6307318944837794,PRUNED,0:00:00.774172,0.00506393672746133,106,1.269265617095394
779,0.7851742713382004,PRUNED,0:00:00.694432,0.0035650297419006116,100,1.3465167975894419
780,0.6136878059899553,PRUNED,0:00:00.497869,0.021191787999298255,201,1.3468384615042779
781,1.0303393323487098,PRUNED,0:00:00.541775,0.0037683435849786913,174,0.8860919423095523
782,1.755831389427185,PRUNED,0:00:00.428263,0.0004715467109052329,255,1.3751015937568678
783,1.7173928597143717,PRUNED,0:00:00.644297,0.00021752790681580313,113,1.401715028996037
784,0.0027283814164849648,COMPLETE,0:00:21.461388,0.007561919746093813,114,1.3716059059307586
785,0.6274371527763735,PRUNED,0:00:00.644627,0.006397789545259548,114,1.1429546592916326
786,0.6839618733525277,PRUNED,0:00:00.615534,0.006845692651700995,126,1.1452944952671678
787,0.7286871367117815,PRUNED,0:00:00.652884,0.008111541591780042,166,1.291455805583588
788,0.6951919993729267,PRUNED,0:00:00.586981,0.010186787283302884,184,1.2160225100213995
789,0.7020245541632175,PRUNED,0:00:00.497250,0.010158411447335852,189,1.174916138805368
790,1.3796684334472733,PRUNED,0:00:00.485322,0.0012346757475885457,194,1.1850264807861135
791,0.5417375353566052,PRUNED,0:00:00.617644,0.012480352241499702,138,1.245724236229346
792,0.05108888627540681,PRUNED,0:00:01.638687,0.012715152839778907,153,1.2508819797366908
793,0.9588993314270661,PRUNED,0:00:00.507277,0.004935135009639222,177,1.3290009799533167
794,0.1431233003146231,PRUNED,0:00:01.347495,0.031170007229261974,107,1.3742442624451676
795,0.03877793131130082,PRUNED,0:00:04.019640,0.008221224572469083,108,1.359732367480892
796,0.041373899385417245,PRUNED,0:00:03.371610,0.008048296979539892,107,1.3654609076198594
797,0.5742811338528048,PRUNED,0:00:00.659155,0.008157706867883538,120,1.28639500959505
798,0.5587609294801951,PRUNED,0:00:00.690650,0.007978608181400209,118,1.2830154244020682
799,1.119710062813555,PRUNED,0:00:00.573211,0.0024683147999908805,162,0.7251214545518044
800,0.7118408350436479,PRUNED,0:00:00.639247,0.005776641871061075,127,1.2260329406280313
801,0.7481798762643097,PRUNED,0:00:00.632982,0.005781013121668481,127,1.2280508864440112
802,0.7341526867539594,PRUNED,0:00:00.637747,0.006393588707530669,144,1.3208683228159674
803,0.08485341309146448,PRUNED,0:00:01.255399,0.021118299292491278,144,1.3286490992023305
804,0.5744680047035218,PRUNED,0:00:00.544635,0.021402251892904966,180,1.3318477783796654
805,1.4264017106206328,PRUNED,0:00:00.549399,0.0009350193774501302,175,1.3313638154353034
806,0.911695207557539,PRUNED,0:00:00.663159,0.004063807997474709,138,1.302058514301699
807,0.08265626366586375,PRUNED,0:00:01.532273,0.010966467151157806,112,1.3077444254129618
808,0.5557149027059548,PRUNED,0:00:00.662630,0.011011919107185431,138,1.3067650739013135
809,0.00379441720476897,COMPLETE,0:00:20.627293,0.01075283798744164,132,1.4064868451728558
810,1.6465992227300896,PRUNED,0:00:00.673568,0.00033975970411398416,132,1.3916910535917066
811,0.06782537461449839,PRUNED,0:00:01.229414,0.010683036269727489,130,1.3903543930793703
812,0.9803979376266743,PRUNED,0:00:00.648458,0.003021952836168726,131,0.6386804601918566
813,0.04533524771846791,PRUNED,0:00:02.879374,0.012246219287227507,100,1.0701829462317474
814,1.0433724747278303,PRUNED,0:00:00.748471,0.0015777082798684597,99,1.4293497602364564
815,0.8425081478697913,PRUNED,0:00:00.515057,0.006716149051569548,209,1.3455349119042053
816,0.6307794569277918,PRUNED,0:00:00.654746,0.00609915976911465,123,1.420014739219774
817,0.587554580088958,PRUNED,0:00:00.537767,0.018569309936658486,184,1.265825984246763
818,0.6115675702838614,PRUNED,0:00:00.513657,0.01673363782191944,188,1.2753436654904635
819,0.6299324909059127,PRUNED,0:00:00.521040,0.014535915684270984,187,1.0654954476474678
820,0.6310584673285484,PRUNED,0:00:00.528897,0.013873169870678461,189,1.282616467923383
821,0.7344633313986633,PRUNED,0:00:00.544732,0.008292696690348983,171,1.2038129889313383
822,0.7224648994659739,PRUNED,0:00:00.555729,0.008773947812616265,170,1.2035825109157212
823,0.7251778743483803,PRUNED,0:00:00.560446,0.008657180311103706,172,1.1957127405217074
824,0.5785054758282527,PRUNED,0:00:00.655376,0.008759387200236378,116,1.3522962885602503
825,0.775890628801533,PRUNED,0:00:00.660002,0.004343917290128402,116,1.3470545243875796
826,0.7977344716887876,PRUNED,0:00:00.707736,0.004265461897848188,114,1.3440459378933214
827,1.052084921354271,PRUNED,0:00:00.459658,0.004908076492391165,228,1.353251257707253
828,0.6440673839478266,PRUNED,0:00:00.782505,0.005242486271873145,90,1.2369110468570923
829,1.0008389139547944,PRUNED,0:00:00.515839,0.005136673939657532,198,0.7693597659927548
830,0.844894154307743,PRUNED,0:00:00.481665,0.007133094867970963,197,1.2455439793840533
831,0.6384810761980761,PRUNED,0:00:00.651014,0.006860492241865447,124,1.3763382333401035
832,0.06946629583835602,PRUNED,0:00:01.538747,0.006748868705352653,90,1.2428253081434317
833,0.8065482368071873,PRUNED,0:00:00.510049,0.006994893418778574,180,1.170252872120138
834,0.07119945892029339,PRUNED,0:00:01.234292,0.01055976967584592,124,1.3809318425450068
835,0.6752711988630749,PRUNED,0:00:00.547635,0.010454118562291196,180,1.3098205869807025
836,0.5778204659223557,PRUNED,0:00:00.566417,0.01072724986971801,152,1.313913013554036
837,0.5278537514741006,PRUNED,0:00:00.637964,0.013119100428139456,137,1.3257224698382413
838,0.9080450187126795,PRUNED,0:00:00.674957,0.0028735722781517425,109,1.3258917335580813
839,0.9785980661125744,PRUNED,0:00:00.599095,0.0033251880340738602,139,1.288598746442691
840,0.04562165247726029,PRUNED,0:00:02.923340,0.013463783864431124,109,1.285148808344183
841,0.8942841387343132,PRUNED,0:00:00.730815,0.002959539119304651,109,1.2931789871781525
842,0.07783864148788983,PRUNED,0:00:01.339940,0.018927930037863715,105,1.2915810959476712
843,0.07745376167198022,PRUNED,0:00:01.402649,0.018441588364144234,102,1.2646315461054614
844,0.09760201849447664,PRUNED,0:00:01.202869,0.01747891971224679,147,1.0981172930670982
845,0.07213961452526867,PRUNED,0:00:01.359683,0.013391402231340568,119,1.2203013272605503
846,0.5354736549018314,PRUNED,0:00:00.852707,0.008982912237674235,119,1.3722417290203213
847,1.8227163560782806,PRUNED,0:00:00.823144,1.549744281898567e-05,120,1.3702754183627335
848,0.0381092418954797,PRUNED,0:00:03.474898,0.012862280686184243,130,1.4061756333088264
849,0.07753733089383767,PRUNED,0:00:01.232986,0.012643106941127035,129,1.3996367534892817
850,0.7562197932909275,PRUNED,0:00:00.614153,0.00572641702245791,131,0.8071940427181747
851,0.06761138114681099,PRUNED,0:00:01.438573,0.006062144250875178,96,1.4012589640435695
852,0.9255917699792278,PRUNED,0:00:00.724056,0.0021600768375044533,95,1.2584733090878424
853,0.760901780329018,PRUNED,0:00:00.532247,0.007528904672220086,177,1.1869740506780115
854,0.7366054944301906,PRUNED,0:00:00.536773,0.007661016233304796,166,1.1836837981872181
855,0.7663522731756496,PRUNED,0:00:00.529473,0.007737792835363609,177,1.3373666606532957
856,0.6189105529902559,PRUNED,0:00:00.631119,0.009368870448797043,143,1.3313959359602647
857,0.9455921889254542,PRUNED,0:00:00.589808,0.0037647860716996354,143,1.3365240097229982
858,0.6101556703109633,PRUNED,0:00:00.601839,0.009341197448216461,143,1.3589572912009358
859,0.133808180476938,PRUNED,0:00:01.270360,0.024392625198632934,135,1.3543152755620615
860,0.7078612095920752,PRUNED,0:00:00.605301,0.005478209805678677,134,1.3175334791309492
861,0.11156029654901568,PRUNED,0:00:01.076335,0.02858764439899707,159,1.3084216883420174
862,0.673819379737744,PRUNED,0:00:00.526748,0.011859743837936879,183,1.3074108431393676
863,0.6094819664955139,PRUNED,0:00:00.555845,0.010072185351260641,158,1.307242905196727
864,0.5833916121472915,PRUNED,0:00:00.566104,0.010510761082526915,158,1.4510993386484026
865,0.790725548673107,PRUNED,0:00:00.632600,0.004292076824549684,114,1.2736983554542587
866,0.7495826803227906,PRUNED,0:00:00.704832,0.004287831447431533,102,1.2647649180876495
867,0.6477097738534212,PRUNED,0:00:00.598364,0.006346231429966007,125,1.2648512045222837
868,1.0246986126658892,PRUNED,0:00:00.520815,0.004268268648701265,192,1.158996413557186
869,0.04508412821704279,PRUNED,0:00:02.759724,0.006503510256519681,103,1.2185115110965168
870,0.6522463321685791,PRUNED,0:00:00.494140,0.014597470800670056,190,1.2258997787205888
871,0.6352580587069193,PRUNED,0:00:00.495123,0.01617480218541599,191,1.157886657976049
872,0.05148903073763454,PRUNED,0:00:02.019173,0.01536557043403557,104,1.3943986255330143
873,1.0426264431450394,PRUNED,0:00:00.733233,0.0017572986619663095,104,1.3804876465431597
874,0.5526671839314837,PRUNED,0:00:00.667923,0.007567896385116825,110,1.3923166518708323
875,0.5955174350804024,PRUNED,0:00:00.814832,0.005637866624400622,104,1.391499633119742
876,0.5624972010941006,PRUNED,0:00:00.701706,0.0068509193092941775,110,1.3930985919741556
877,0.003706430589596432,COMPLETE,0:00:21.049894,0.008337520920317941,113,1.4308111876209642
878,0.0032355694116677947,COMPLETE,0:00:23.698935,0.009588980200187076,100,1.4139272959447955
879,0.6981384676127207,PRUNED,0:00:00.568835,0.008698222700108558,150,1.3597921126500099
880,0.7053676258240428,PRUNED,0:00:00.597007,0.008634199405697634,150,1.3654495227395462
881,0.6970032821926806,PRUNED,0:00:00.561679,0.009223124407156549,175,1.3717396084599074
882,1.7407616420383871,PRUNED,0:00:00.606741,0.00024771453124290536,138,1.410951529120482
883,0.7976117004518923,PRUNED,0:00:00.604126,0.005189557845800313,137,1.4270576822641525
884,0.9843843464391777,PRUNED,0:00:00.630650,0.0024388063920988403,114,1.4208301742709952
885,0.003443041175185061,COMPLETE,0:00:20.626343,0.011584287091906639,114,1.3497334654658437
886,0.6569941435725644,PRUNED,0:00:00.479790,0.011742776166140107,183,1.3574634712683735
887,0.9129397875070572,PRUNED,0:00:00.588596,0.003440663823459224,126,1.3461555357248602
888,0.5910948378787864,PRUNED,0:00:00.641408,0.006771173721182963,113,1.129816976259331
889,0.03886210432015552,PRUNED,0:00:04.218485,0.011563919355341828,98,1.3406676503722585
890,0.5435070219932426,PRUNED,0:00:00.739350,0.005400994642385246,99,1.3699443312420772
891,0.5716357849349704,PRUNED,0:00:00.650380,0.0076167218375769565,120,1.338701717702109
892,0.6105768046301344,PRUNED,0:00:00.535890,0.01163874343997423,165,1.379139735286145
893,0.594802575203979,PRUNED,0:00:00.654695,0.018787651075156175,184,1.3441082655377459
894,0.7110419712208826,PRUNED,0:00:00.568773,0.008632787628766717,174,1.1953074549544427
895,0.030848591398466286,PRUNED,0:00:07.898121,0.013611467049394801,94,0.9717992826193906
896,0.6474972870745506,PRUNED,0:00:00.675924,0.0055398409738595415,111,1.1752697535919254
897,0.06790565343633775,PRUNED,0:00:01.210137,0.013701811439856831,122,0.9701907538288577
898,0.6115531551617163,PRUNED,0:00:00.596217,0.009066288412751748,140,0.9332205234412891
899,0.8131816083582762,PRUNED,0:00:00.500445,0.00669929185487281,178,1.3787839847207397
900,0.07431710058370151,PRUNED,0:00:01.187596,0.02379450107388295,128,1.3590886920502527
901,0.003821641566481757,COMPLETE,0:00:22.731832,0.015023901757671206,108,0.9068060826346096
902,0.04464275923810796,PRUNED,0:00:02.907034,0.00965299010989157,87,1.3227767692346377
903,1.025490761069315,PRUNED,0:00:00.484314,0.003630584605816129,170,1.2161567365023758
904,0.6318694025703839,PRUNED,0:00:00.644395,0.00498810541147226,108,1.242441434613694
905,0.5471377555120942,PRUNED,0:00:00.633371,0.007530071799190748,116,1.331954903413911
906,0.6263135298166747,PRUNED,0:00:00.634945,0.006904297774689357,117,1.3579500290249262
907,1.7859775304794312,PRUNED,0:00:00.611446,0.00016705882186974371,135,1.2005947714763037
908,0.6008309249367033,PRUNED,0:00:00.507043,0.016325105259081762,180,1.2028049630972315
909,0.760225080834922,PRUNED,0:00:00.469462,0.011000112245745097,205,0.859078899833446
910,1.2680765830553495,PRUNED,0:00:00.568966,0.0012310376546410284,146,1.0221099033827117
911,0.6730672413227605,PRUNED,0:00:00.601780,0.005797405801558897,124,1.3837009287237996
912,0.6921644495924314,PRUNED,0:00:00.625667,0.005909922109251867,126,1.3237926934325428
913,0.6381772638782442,PRUNED,0:00:00.740217,0.004856465074818684,106,0.9035320587713193
914,0.715733560760623,PRUNED,0:00:00.528306,0.009379567892775519,185,0.903181790067205
915,1.0173224210739136,PRUNED,0:00:00.541284,0.004355863334194739,186,0.907281690650247
916,0.14987883898946974,PRUNED,0:00:01.218201,0.04690559722456451,140,1.3734826853360333
917,1.05612837690026,PRUNED,0:00:00.635547,0.002536408645883787,141,1.3693190663949815
918,0.002851046982196047,COMPLETE,0:00:20.525817,0.014998561601193698,140,1.1771142015040525
919,0.5252305268176964,PRUNED,0:00:00.663366,0.016175011804609257,135,1.2460365327318035
920,0.09178569676800513,PRUNED,0:00:01.232133,0.01790025690378877,133,1.23265083706767
921,0.7453207863033364,PRUNED,0:00:00.536026,0.007576660803087719,174,0.619293703081193
922,0.08796636765269009,PRUNED,0:00:01.192726,0.019795039155728257,128,1.4813682284964576
923,0.0669152968061658,PRUNED,0:00:01.236188,0.013397498523766217,121,1.2964128224808023
924,0.002820631849747882,COMPLETE,0:00:21.857642,0.013431812809324496,92,1.1765374099838206
925,1.0238461719270338,PRUNED,0:00:00.549827,0.0035706677404892468,167,1.1754984838356943
926,0.09884656266552475,PRUNED,0:00:01.492674,0.007743065022947721,93,1.3283520024424524
927,0.7145209536724484,PRUNED,0:00:00.459557,0.00983844005922141,195,1.3469015218432345
928,0.8281207174062729,PRUNED,0:00:00.461468,0.0063019907325535165,181,1.3133967114971197
929,1.2622077076192846,PRUNED,0:00:00.664054,0.0007898377930798111,101,1.292446172129013
930,1.1495339654959165,PRUNED,0:00:00.540402,0.0019350661517075585,146,1.2148925304348515
931,0.06742911339648026,PRUNED,0:00:01.257715,0.011928799052236854,107,0.740372000824132
932,0.6047745611179959,PRUNED,0:00:00.558733,0.008007910270587107,132,1.3874064149288823
933,0.7977188083378575,PRUNED,0:00:00.584578,0.004753611606337875,120,1.3613574487316846
934,0.6494905175296245,PRUNED,0:00:00.491925,0.010505829378760975,176,1.3276536039882536
935,0.6886294752659413,PRUNED,0:00:00.552520,0.006105213167833332,127,1.3441006601031822
936,1.4478135471455535,PRUNED,0:00:00.598737,0.0005037183387570294,111,1.2512258708773676
937,0.6783760395170986,PRUNED,0:00:00.613345,0.007513256710597642,137,1.184176098993852
938,0.8188676309891236,PRUNED,0:00:00.641985,0.0032445670552929675,97,1.3131588868070858
939,0.6414192745089531,PRUNED,0:00:00.416695,0.013347850359682152,189,1.2262821898935394
940,0.629057894190473,PRUNED,0:00:00.496018,0.009292771846303161,153,1.276375755643225
941,0.6555942744016647,PRUNED,0:00:00.568245,0.006450975771359119,117,0.519300066969926
942,1.020795536608923,PRUNED,0:00:00.454389,0.004184328744573073,181,1.3607301098163358
943,0.8915423991680145,PRUNED,0:00:00.552479,0.004682254076216054,152,1.1332203372085348
944,0.07894930655531811,PRUNED,0:00:01.024955,0.02321581794485738,143,1.1867232458530288
945,0.07973485242462519,PRUNED,0:00:01.069529,0.021261668404534705,144,1.1649582419895632
946,1.3527942968688849,PRUNED,0:00:00.540024,0.09186564242955492,145,1.1937093682172948
947,0.5766292694233247,PRUNED,0:00:00.580470,0.011705492033625503,141,1.1843143076769789
948,0.6036740277907742,PRUNED,0:00:00.554275,0.010411263020868072,141,1.168677395550155
949,0.6219537080032751,PRUNED,0:00:00.579489,0.009417663606382383,148,1.16775581674563
950,0.08437745737424796,PRUNED,0:00:01.097694,0.03401877229249551,137,1.2156348974703284
951,0.0684864646822646,PRUNED,0:00:01.179993,0.015989678442786426,137,1.13206711425122
952,0.6749636705991996,PRUNED,0:00:00.571318,0.007385874628761254,138,1.2215920325779264
953,0.7237715929364547,PRUNED,0:00:00.566548,0.0077705484318994315,162,1.1513916284999477
954,0.6122930528003004,PRUNED,0:00:00.785952,0.006072089942739145,85,1.2008613640021013
955,0.07693678556603166,PRUNED,0:00:01.544961,0.02317982452242415,85,1.1358503802191735
956,0.0033243318308666713,COMPLETE,0:00:26.131638,0.018120199465555223,83,1.1631209023890077
957,0.03127208777465099,PRUNED,0:00:08.102512,0.018244424722426083,88,1.1355381775973656
958,0.029292445464674476,PRUNED,0:00:09.971211,0.016358156922111344,93,1.1498763668263974
959,0.8539096419490985,PRUNED,0:00:00.715291,0.0026172530980486663,94,1.1567431340417222
960,0.037848956494487544,PRUNED,0:00:04.004579,0.013592991504844163,101,1.1032202253374774
961,0.04072063105801741,PRUNED,0:00:03.768011,0.012764603103290471,90,1.1790904069222896
962,0.0925944476244758,PRUNED,0:00:01.424800,0.027799445409270453,94,1.178148255704474
963,0.6229776759280099,PRUNED,0:00:00.740627,0.005167593555315294,84,1.1655776780284275
964,0.0666966373912799,PRUNED,0:00:01.287578,0.015125154511014188,97,1.1516728142068102
965,0.703937532308583,PRUNED,0:00:00.670503,0.0036518437769530103,91,1.122132582649655
966,0.038336255024859614,PRUNED,0:00:03.653356,0.008960074173697326,101,1.1906487145391322
967,0.07316564379648847,PRUNED,0:00:01.165233,0.01261782642710619,104,1.1856796602490585
968,0.9234797734398026,PRUNED,0:00:00.448521,0.005292124478365142,171,1.2026038490081896
969,0.5347173549866272,PRUNED,0:00:00.598421,0.007230173577573953,107,1.2071874564907705
970,0.050686688362303826,PRUNED,0:00:01.789424,0.01907025784502413,99,1.1683587685773693
971,0.6964457872036461,PRUNED,0:00:00.436769,0.0100141457189417,177,1.2044538557669462
972,1.0942636394747798,PRUNED,0:00:00.636422,0.0013896789471711762,98,1.2105171871577756
973,0.05215692575543355,PRUNED,0:00:02.001237,0.006174938373355226,97,1.2292652169699991
974,0.8719039358270978,PRUNED,0:00:00.458434,0.00604210473065299,185,1.2289981761830036
975,0.8254275434804195,PRUNED,0:00:00.683197,0.0030357226910223407,92,1.1823789524121808
976,0.04916993245068524,PRUNED,0:00:01.799119,0.011714561590921328,105,0.670588173779704
977,0.7490560373898303,PRUNED,0:00:00.422787,0.011717129781247029,214,1.1468598911798187
978,0.06927469167858362,PRUNED,0:00:01.256021,0.008557713678765516,105,1.1950345288618265
979,0.754868154519612,PRUNED,0:00:00.442973,0.009009191995818362,196,1.1959828419492198
980,1.8241542556456156,PRUNED,0:00:00.460799,4.437853924127702e-06,169,1.2450409866888863
981,0.5244907566565808,PRUNED,0:00:00.509576,0.01505493570146286,154,1.2442961311943108
982,1.6428885238785897,PRUNED,0:00:00.513641,0.00039795367974814567,153,0.8343879523368439
983,1.1695412413640456,PRUNED,0:00:00.468975,0.0022350621277769777,173,1.2195281982799036
984,1.0423515003461103,PRUNED,0:00:00.434336,0.003979713704843608,182,1.2059123231205275
985,0.8134643551376131,PRUNED,0:00:00.621623,0.003796666098069672,111,0.7885656296507988
986,1.7788862675901442,PRUNED,0:00:00.799605,9.324347692701904e-05,75,1.165910809490095
987,0.8046201438624032,PRUNED,0:00:00.461850,0.007762753428556619,193,1.1754404075818423
988,0.9707384098143804,PRUNED,0:00:00.482312,0.00483452640525462,180,1.2596916358777752
989,1.4286160429693617,PRUNED,0:00:00.467560,0.000971687969925888,179,1.1187005101232552
990,0.5570270095552717,PRUNED,0:00:00.631517,0.006918025841890296,108,1.2246481569596777
991,0.0035154687721075406,COMPLETE,0:00:19.542644,0.010278860396996969,111,1.2296576781136508
992,0.04074887523838612,PRUNED,0:00:03.646127,0.013321319680612558,89,1.3994292692437755
993,0.7097722162114511,PRUNED,0:00:00.464669,0.009804855477187879,188,1.2525921608458186
994,1.052066833101293,PRUNED,0:00:00.674899,0.0016129371730477311,102,1.0916952443280046
995,0.09274945713168993,PRUNED,0:00:01.035591,0.02380200931086877,149,1.193484881394757
996,0.06670349487784313,PRUNED,0:00:01.232947,0.011005048806182832,111,1.1548715852748417
997,1.8203232339087954,PRUNED,0:00:00.440293,5.657032440215258e-05,202,1.2347727754910118
998,0.5339116699011751,PRUNED,0:00:00.501228,0.015277305489664088,147,1.4614277043402797
999,0.7385698495465413,PRUNED,0:00:00.460833,0.007421084872563748,166,1.2751084531251426
