trial_number,value,state,duration,lr,batch_size,lambda1_metaweight
0,0.006052616810959483,COMPLETE,0:00:16.318378,0.004816555215502811,54,1.4111006347982293
1,0.00581818554376362,COMPLETE,0:00:08.489565,0.0007536727800261104,220,1.2290465229328071
2,0.005797178556417028,COMPLETE,0:00:54.393272,0.005055430985696593,11,0.8531547471678246
3,0.012026525550299063,COMPLETE,0:00:12.073472,4.342555736508003e-05,82,1.4801332014043427
4,0.013705023832322359,COMPLETE,0:00:12.285668,0.026057844871069095,117,1.1053694658971245
5,0.023399507089980225,COMPLETE,0:00:13.789512,1.1628612991868042e-06,71,0.576011037192567
6,1.774291181564331,PRUNED,0:00:13.986824,1.2409100299096212e-06,43,1.1674579057016277
7,0.02087475591278998,COMPLETE,0:00:12.651827,1.022896558576743e-05,73,0.8005737900292036
8,1.3168956963156881,PRUNED,0:00:08.640186,1.8070518570129686e-05,26,0.7527604704825867
9,1.7550771252749717,PRUNED,0:00:01.877746,2.3222548971982987e-05,89,0.9414512583282324
10,0.0076759002172712264,COMPLETE,0:00:14.937559,5.957855394166181e-05,57,0.6311292843079295
11,0.006021154193700008,COMPLETE,0:00:14.675909,0.004944352031645377,59,1.3100073211313497
12,0.005592865640771826,COMPLETE,0:00:09.842548,0.0003666041492126677,129,0.6604980070733886
13,1.7799314083876434,PRUNED,0:00:00.165349,1.6234097044279623e-05,242,0.8724687755292779
14,1.1511490075818953,PRUNED,0:00:02.936552,0.03797855769431656,211,0.9493991101884767
15,0.008500584546574529,COMPLETE,0:00:08.283377,0.00015841411954184523,237,1.381179527950144
16,0.006208631033530949,COMPLETE,0:00:12.177770,0.007304421132419349,76,1.3341767140402019
17,0.005335772719234735,COMPLETE,0:00:08.045868,0.0008687959293786375,176,1.2809087560850423
18,0.004700467694096142,COMPLETE,0:00:08.048348,0.001986924442550349,179,1.3783639947232507
19,0.005473360448408827,COMPLETE,0:00:07.600231,0.0028847241626879508,182,1.3110693572384609
20,0.005142708717990194,COMPLETE,0:00:08.285799,0.0016246561492335762,173,0.5056503862968199
21,0.0056587165568474755,COMPLETE,0:00:08.373768,0.0020109356422628546,170,0.5990397328984987
22,0.005594180701729904,COMPLETE,0:00:08.146950,0.002465618035982738,172,1.3084449935778055
23,0.0051500819653764705,COMPLETE,0:00:07.969489,0.002526639894768519,178,1.346650535846196
24,0.005222175814230516,COMPLETE,0:00:08.217798,0.0022227012225230353,177,1.2829527243415477
25,0.005199713285197308,COMPLETE,0:00:08.318893,0.0010391451737517428,179,1.0835176211697217
26,0.2737234950065613,PRUNED,0:00:05.334591,0.0011100827372537256,164,1.1045026305320136
27,3.3230171471834185,PRUNED,0:00:00.234998,0.07694045328743494,164,1.0372212862569117
28,0.3155839636921883,PRUNED,0:00:03.041168,0.0011204508958100128,163,1.4989644390780956
29,1.656807170357815,PRUNED,0:00:00.218984,0.001386906970617094,152,1.457318777209063
30,1.7605075294321233,PRUNED,0:00:00.177150,0.0006135342449826474,199,1.205655024625098
31,1.769297187978571,PRUNED,0:00:00.196647,0.00037777095524070076,199,1.2089242989654652
32,0.4358634440736337,PRUNED,0:00:01.775915,0.012774139038252136,146,1.0909242310035308
33,1.7766158066012643,PRUNED,0:00:00.236720,0.00014761162290870725,146,1.1086981073231974
34,0.4348142591733781,PRUNED,0:00:01.851503,0.01290544278263714,103,1.0366436923273765
35,0.005975401335488931,COMPLETE,0:00:10.466916,0.0065330871471958925,108,0.7068642144388406
36,0.006204908041643996,COMPLETE,0:00:14.126697,0.009968591044692263,110,0.5088843913319933
37,0.0052663787796008036,COMPLETE,0:00:08.848033,0.007792605380328787,189,1.4077738640999937
38,0.4986134609755348,PRUNED,0:00:00.931790,0.01100511659778584,189,1.4243235890105124
39,0.007477629357866309,COMPLETE,0:00:10.201120,0.010941694198863133,189,0.5113125800360314
40,0.005330045780541561,COMPLETE,0:00:08.818912,0.005194413829826845,190,0.5031378913065451
41,0.0046288919504673155,COMPLETE,0:00:07.776489,0.003913704798481084,225,1.37670908006544
42,1.7722384492556253,PRUNED,0:00:00.190027,0.00018416747312872042,220,0.5372208399478892
43,0.004482686906390823,COMPLETE,0:00:09.502569,0.005875382621817272,128,1.3861594981720826
44,0.6579810908207526,PRUNED,0:00:00.574636,0.005162613115216203,256,1.3884126618773547
45,0.8476978953068073,PRUNED,0:00:00.426513,0.025123440422480745,250,1.3753910869829706
46,0.27988684674104053,PRUNED,0:00:02.371700,0.003047586872506957,217,1.2349090346095732
47,1.7676325748706687,PRUNED,0:00:00.169084,0.0005309301453039064,222,0.733394098086329
48,1.7685438476759812,PRUNED,0:00:00.179521,0.0005040735719546601,222,0.775225548139173
49,0.004856970946777558,COMPLETE,0:00:09.513243,0.0030228351710149663,134,1.4515707373947768
50,0.004964626244353615,COMPLETE,0:00:10.095744,0.0032801990106024166,125,1.1618177776434617
51,0.0051559390520601895,COMPLETE,0:00:09.818934,0.0035296426703850525,133,0.8295852842806474
52,0.005684543628604781,COMPLETE,0:00:09.837850,0.0032363629885714834,126,0.8261443808590194
53,0.0043559690868992295,COMPLETE,0:00:09.737246,0.0033982590077786924,127,1.45518109399557
54,1.1580058014392853,PRUNED,0:00:00.518129,0.02291203933221496,130,0.8413650102178906
55,0.24973823786115884,PRUNED,0:00:49.117859,0.003591863661973799,8,1.446970669240911
56,1.7810191092667755,PRUNED,0:00:00.277982,3.910244441589738e-06,120,1.4470002700019244
57,0.4244618797674775,PRUNED,0:00:00.864031,0.003317780227579293,206,1.254753608708103
58,1.595169440559719,PRUNED,0:00:00.298171,0.0016741274771975186,140,1.3465482293342164
59,1.7722732623418171,PRUNED,0:00:00.244816,0.00023888549465018037,155,1.1584799896201698
60,0.004932527112911945,COMPLETE,0:00:08.232200,0.003554227174574676,204,0.9274159895434861
61,0.4816567203891811,PRUNED,0:00:01.091265,0.018474065363097206,97,1.3466484839513193
62,0.29442406588412345,PRUNED,0:00:02.344991,0.0033191089954829165,137,1.3548370149461815
63,0.004587466751424609,COMPLETE,0:00:11.157629,0.004219832501887585,94,1.4621373381226177
64,0.004927780801440183,COMPLETE,0:00:09.476485,0.004353545433904179,119,1.4629931755167582
65,1.159767261257878,PRUNED,0:00:00.485874,0.03599459711448475,121,1.4461728137631635
66,1.7930100645337785,PRUNED,0:00:00.189331,0.04937986135738493,232,1.4541984464311846
67,1.7753481337002346,PRUNED,0:00:00.290086,0.00010247658239600948,93,1.1619822899445509
68,1.5938739776611328,PRUNED,0:00:00.219905,0.0016277932571905364,137,0.9381347959029316
69,0.006034567370207925,COMPLETE,0:01:00.280307,0.0017007159380234061,10,0.9105443777900597
70,1.7366233220914515,PRUNED,0:00:00.214038,0.0008552864047371392,157,1.4938353719660091
71,1.7422552619661604,PRUNED,0:00:00.231005,0.0007541185160723595,155,1.4876057129420652
72,0.005358519403958275,COMPLETE,0:00:11.781343,0.004940612571203939,83,1.3940915193080445
73,0.004456445303617851,COMPLETE,0:00:11.509120,0.00447927899658505,84,1.4067222798944583
74,0.004967932338560521,COMPLETE,0:00:11.075304,0.0018020762423419233,89,1.399332752020394
75,0.4538921646925868,PRUNED,0:00:01.765550,0.016470621597633187,66,0.975751329387374
76,0.005565595393401392,COMPLETE,0:00:13.427115,0.004486630162801401,81,0.8891497237923393
77,0.004199864940979776,COMPLETE,0:00:16.911844,0.0072223337567474555,45,1.421919953814082
78,0.24463686233834375,PRUNED,0:00:05.732647,0.0072703535481822784,82,0.8894474686884235
79,0.2545050858305051,PRUNED,0:00:04.850772,0.007389404988356191,83,1.4233608028999793
80,0.27646720176001627,PRUNED,0:00:03.553393,0.007396877135930811,78,1.4286602607108907
81,0.4858941566525844,PRUNED,0:00:00.940378,0.00856361065143578,113,1.4165938375293228
82,0.0048516007200591705,COMPLETE,0:00:10.625017,0.007438039280907258,103,1.3073515980892463
83,0.006440792322682624,COMPLETE,0:00:10.740529,0.005403156183803664,107,1.3102098844476682
84,0.0059766127503113504,COMPLETE,0:00:16.304018,0.0012662735134162384,52,1.3077985139187394
85,0.307481461955655,PRUNED,0:00:02.025152,0.00224590940085772,105,1.314171047273882
86,0.005599169345367513,COMPLETE,0:00:18.199519,0.0022781296410150833,46,1.3134610646627922
87,1.5425658611150888,PRUNED,0:00:00.268356,0.0013164633132537395,99,1.4688290448551171
88,0.0042135733383403505,COMPLETE,0:00:30.879163,0.004487671009464868,22,1.3689018511098079
89,0.005458235385345729,COMPLETE,0:00:13.909842,0.00541208605021382,67,1.3707178122409478
90,1.1671605050841904,PRUNED,0:00:03.803899,0.013213250292226635,10,1.3700740749453122
91,0.005888575103699237,COMPLETE,0:00:29.864452,0.0025023474371081225,24,1.3708924794097141
92,0.004943292124997574,COMPLETE,0:00:17.408589,0.002135215617639322,45,1.2760600172805634
93,0.004793491737722834,COMPLETE,0:00:25.170474,0.002417833667226748,29,1.3668312414286823
94,0.3363277697669608,PRUNED,0:00:05.765393,0.015770949360684412,23,1.3655729364290234
95,0.4234477606838319,PRUNED,0:00:03.669875,0.009771604429348676,24,1.4423103475748968
96,1.0929367000406438,PRUNED,0:00:00.443950,0.015072794389312864,147,1.273056629078885
97,0.48334427177906036,PRUNED,0:00:00.879548,0.009293906830973867,92,1.400239736626558
98,0.31281802989542484,PRUNED,0:00:01.909413,0.003963253031653388,116,1.4730641551876273
99,0.005348403411146268,COMPLETE,0:00:09.873567,0.004340685934804095,116,1.4718372592223112
100,1.4286027958518581,PRUNED,0:00:00.262715,0.0025750498321652116,113,1.4811430178127878
101,0.3129395351365761,PRUNED,0:00:01.631952,0.006142748838581412,121,1.4698556363325823
102,0.004921347460109797,COMPLETE,0:00:10.624399,0.005672326129334748,103,1.3336298773524595
103,1.1606788975389108,PRUNED,0:00:01.289261,0.020386460429422472,35,1.4990745034926578
104,0.00596948124720311,COMPLETE,0:00:11.077709,0.004635103757922182,98,1.4260788434520275
105,0.004960796547246947,COMPLETE,0:00:10.421103,0.003967508460271573,97,1.3324198248416776
106,0.0041501014095691275,COMPLETE,0:00:19.312266,0.002823925197699163,37,1.3289246325709905
107,1.1619969606399536,PRUNED,0:00:00.741357,0.033592884559938495,60,1.3301545689735608
108,0.23190239734119839,PRUNED,0:00:04.413942,0.0028303810292691282,102,1.4328562042423094
109,0.45510759045964905,PRUNED,0:00:18.182045,0.006341726025372887,4,1.386118043594383
110,0.3266919637362682,PRUNED,0:00:08.085383,0.006326715363424676,14,1.4287710365070057
111,0.0042672606292654125,COMPLETE,0:00:21.737009,0.00618545441496515,34,1.3345741808536227
112,0.0054990337828038326,COMPLETE,0:00:20.230650,0.0064389524296847795,36,1.3358661363453195
113,0.004434468225324425,COMPLETE,0:00:42.242686,0.001050608394164422,15,1.391443803630732
114,0.004435032110145978,COMPLETE,0:00:19.872541,0.0017737811100299258,35,1.391525947166199
115,0.32366842534677137,PRUNED,0:00:08.234700,0.01063189137731377,14,1.391202015989254
116,0.33131505930146504,PRUNED,0:00:03.576989,0.00915715851860399,30,1.3946529650950164
117,0.2509865707122021,PRUNED,0:00:11.808630,0.01118627278515895,40,1.411907083199753
118,0.004060848914513675,COMPLETE,0:00:20.429415,0.006213610583674963,35,1.3468519351493453
119,0.007011666694740211,COMPLETE,0:00:20.387666,0.002814113421557272,37,1.3561509325440966
120,0.32461301280055077,PRUNED,0:00:02.627714,0.00112277239949009,41,1.357341381472083
121,0.0051620837289574,COMPLETE,0:00:22.366573,0.001874450817325726,32,1.2900498730804106
122,1.689335872387064,PRUNED,0:00:00.179057,0.0019559591046209735,229,1.4043567222291184
123,0.0053054487182208135,COMPLETE,0:00:32.446317,0.0018424403617823479,19,1.4103733622510697
124,0.0045306219350003405,COMPLETE,0:00:34.504168,0.0009516240282685947,18,1.2384347195400884
125,0.005838266059720132,COMPLETE,0:00:33.406728,0.0028448144281618764,20,1.4102709947873227
126,1.5207414089656266,PRUNED,0:00:00.457042,0.0006511540630483648,53,1.2887048527455984
127,0.005608659735068832,COMPLETE,0:00:35.728673,0.001501404065477312,18,1.2111905378042533
128,0.35502729116387627,PRUNED,0:00:02.560761,0.0009174324955506084,32,1.2367262106397776
129,0.339118836716164,PRUNED,0:00:02.714837,0.0014304789957818125,30,1.2430517234016614
130,0.005944521262542867,COMPLETE,0:00:16.259524,0.004079670579244749,49,1.3811457445803612
131,0.005545330736366595,COMPLETE,0:00:16.493717,0.0036580699636158355,48,1.3802732768969381
132,0.21529175248605753,PRUNED,0:00:24.350777,0.00400830645272556,21,1.3806646153444437
133,0.8888670041489957,PRUNED,0:00:02.497968,0.0004527036283827059,16,1.381536689908022
134,0.005921802146823658,COMPLETE,0:00:14.443745,0.0036618353617886602,60,1.4129375810896154
135,0.005335951686552692,COMPLETE,0:00:38.332761,0.0035978977896474755,17,1.2100301438047627
136,0.004772409749173939,COMPLETE,0:00:34.394534,0.0014932816462049124,19,1.446208367188274
137,0.3242282470067342,PRUNED,0:00:01.565116,0.003013083942787481,58,1.348583315223997
138,0.005478386913062201,COMPLETE,0:00:34.832309,0.001447477461166417,19,1.1958741028232955
139,0.2709946396206719,PRUNED,0:00:06.697193,0.0014243424540256726,21,1.444116948216531
140,0.3266436891520725,PRUNED,0:00:03.013934,0.0009479556314754597,27,1.4439841163733933
141,0.005776541613018571,COMPLETE,0:00:34.278133,0.0014182163224315408,19,1.2090921037803382
142,0.005584124956367654,COMPLETE,0:00:19.168950,0.005003480176569622,42,1.3308169878339609
143,1.7757920379991885,PRUNED,0:00:00.163397,0.0002728971601755797,242,1.2613580244935536
144,0.3051377622918649,PRUNED,0:00:01.622025,0.004828378068423495,73,1.3233224250423306
145,1.7813805528715545,PRUNED,0:00:00.556523,2.3300220398923883e-06,42,1.2966494042707133
146,1.4346258028659946,PRUNED,0:00:00.547094,0.000692230612485717,42,1.3463561646772377
147,0.00416121339857329,COMPLETE,0:02:25.010311,0.0007341323443344986,4,1.3425528656858787
148,0.3290780890687757,PRUNED,0:00:03.483905,0.0011496967340363707,26,1.3639957887007637
149,0.005469297249787415,COMPLETE,0:00:27.444673,0.0021686426118496353,27,1.3492939843403926
150,0.22554246571893857,PRUNED,0:00:31.948110,0.0023659158061180453,8,1.1309719720998161
151,0.005195301511834324,COMPLETE,0:00:25.011655,0.0023469216126053346,29,1.4244031112014035
152,0.24541947207330267,PRUNED,0:00:47.166092,0.002283249696028398,5,1.4573330485290652
153,0.23626817326833302,PRUNED,0:00:39.772990,0.0021900251789798634,5,1.4575636546022683
154,0.31020659313577675,PRUNED,0:00:02.895143,0.008167087481922193,35,1.4551476812817952
155,0.5086455205185851,PRUNED,0:00:09.348849,0.007951187053149534,6,1.457032890159562
156,0.23775921788424895,PRUNED,0:00:38.028815,0.002396939770100025,6,1.4214407387191035
157,0.21930111644843492,PRUNED,0:00:56.615032,0.0024207872170017835,6,1.42981344635059
158,0.23024180162161706,PRUNED,0:00:44.465745,0.0024993738731053303,5,1.4279119033312757
159,0.2981109025318231,PRUNED,0:00:03.335328,0.005390101381030016,32,1.432737402236983
160,1.3238187549160976,PRUNED,0:00:00.259488,0.005764529977922853,128,1.4002877528100086
161,0.0049526764590285925,COMPLETE,0:00:46.980293,0.0028904439295157156,13,1.366602038869623
162,0.004478983511349476,COMPLETE,0:00:54.038566,0.0008273650174615176,11,1.4838567924148005
163,0.004565365897479943,COMPLETE,0:00:54.188399,0.0008919161959557356,11,1.3662808280706422
164,0.23983864101178165,PRUNED,0:00:14.628234,0.0011049120774155093,12,1.3927293685719861
165,0.005777785952332377,COMPLETE,0:00:20.019103,0.0030547006835790307,36,1.3598567867106162
166,1.7745839610047962,PRUNED,0:00:00.630973,5.007626360071039e-05,35,1.3720287654186687
167,0.004467443622250736,COMPLETE,0:00:45.048727,0.0007722356793393822,14,1.3927128113563527
168,1.353207770814287,PRUNED,0:00:00.230896,0.006793940949269576,139,1.306347767906181
169,0.005352808686932799,COMPLETE,0:00:26.703212,0.003156400446200553,25,1.3228565884102221
170,1.296404775691359,PRUNED,0:00:00.315651,0.003179050618717859,89,1.3467402618000404
171,0.20250017799225897,PRUNED,0:00:21.513565,0.0046345306086339475,26,1.3666962749602658
172,0.46896349026999123,PRUNED,0:00:02.417036,0.012704418283754616,25,1.3274444522148676
173,1.4337089369373937,PRUNED,0:00:00.183112,0.007731120436809978,213,1.4889822309249048
174,0.004118048605516061,COMPLETE,0:00:19.775070,0.0045704230223216355,38,1.3939885646289838
175,0.004219468706181866,COMPLETE,0:00:17.141185,0.004461889823816854,46,1.4015236415549925
176,1.7658947706222534,PRUNED,0:00:00.210271,0.0003928492225836241,147,1.4787676755607528
177,1.2195399201183177,PRUNED,0:00:00.898439,0.0007868023831358694,24,1.3995106028118323
178,0.30532538251423125,PRUNED,0:00:11.256613,0.004461891010821237,12,1.3916244859805347
179,0.005309180507449632,COMPLETE,0:00:16.465431,0.004300459117845207,49,1.4993758314885532
180,1.6751999539487503,PRUNED,0:00:00.166188,0.0016615163303692767,194,1.0545402471848713
181,1.7601455052693684,PRUNED,0:00:00.210954,0.0005692361134172915,165,1.3977307667977863
182,1.4404894464438962,PRUNED,0:00:00.432248,0.0008707985046298362,52,1.495053523766074
183,1.7790967663940118,PRUNED,0:00:00.342846,2.7752679036668556e-05,66,1.4983615050068768
184,1.339677627686854,PRUNED,0:00:00.482668,0.0009913471402985142,45,1.4130985314732445
185,0.0049207183067124585,COMPLETE,0:00:16.569212,0.0037451120020960873,47,1.413963696969313
186,0.3667771788580077,PRUNED,0:00:01.342099,0.00177408203180389,46,1.4462653012639566
187,1.6527176891054427,PRUNED,0:00:00.201879,0.0018600063382521591,184,1.4401714620639665
188,0.3084242472634513,PRUNED,0:00:02.696353,0.006177655604203669,38,1.3787589978947614
189,0.19960519583267572,PRUNED,0:00:13.519569,0.005898999273393737,38,1.3813127229389843
190,0.20176135057752784,PRUNED,0:00:12.798128,0.005902101003604572,39,1.3803552519414244
191,0.005800094000801005,COMPLETE,0:00:23.397172,0.004037736676858052,30,1.4675114973018233
192,0.2227085102827121,PRUNED,0:00:19.650585,0.004371954184692986,15,1.4701134379201275
193,0.2341897999455323,PRUNED,0:00:16.519895,0.004053496727636394,15,1.4121699930508231
194,0.2505295036080616,PRUNED,0:00:15.539575,0.004186074001075357,14,1.416400001678357
195,1.1805879337277578,PRUNED,0:00:01.189099,0.0006938290158517305,16,1.41144056671725
196,1.74785992320703,PRUNED,0:00:00.232489,0.0005604842896489947,133,1.3411433798071675
197,0.1968534637047951,PRUNED,0:00:45.297027,0.0006782548635484624,12,1.4136207431357222
198,0.004784942296840613,COMPLETE,0:00:37.841739,0.0012205189072036079,18,1.4126172546964564
199,0.2603233462480241,PRUNED,0:00:12.222206,0.0010834109831779001,11,1.4729029124021207
200,0.217210914861489,PRUNED,0:00:23.269661,0.0010272169785845138,15,1.3570059614177525
201,0.00468630981951027,COMPLETE,0:00:46.403646,0.001283733060843639,15,0.6675285592522411
202,0.00618767709751554,COMPLETE,0:00:38.800795,0.0012594031258740374,19,1.3540278487038266
203,0.35333847907049204,PRUNED,0:00:02.866102,0.0009552745111646587,21,1.353291712532104
204,0.29508873059937396,PRUNED,0:00:05.041738,0.0012028751133698248,22,1.3571197450935273
205,0.4854353414132045,PRUNED,0:00:01.313252,0.0012645165588467929,33,1.4371532593767302
206,1.481574630125975,PRUNED,0:00:00.496013,0.0007874308537107253,55,1.3924450019157326
207,1.7114733172278118,PRUNED,0:00:00.491136,0.000315483657331034,55,1.3606029737692265
208,1.25584377080017,PRUNED,0:00:01.134672,0.0006162248833822549,20,1.3598802679858863
209,1.753558562352107,PRUNED,0:00:00.294118,0.00045960821280419025,125,0.6592521953202352
210,0.4546975556965152,PRUNED,0:00:03.852870,0.0005952078723459453,11,1.3326101322617232
211,1.2575527722050686,PRUNED,0:00:01.172760,0.0006035633328338727,20,1.3336965424356662
212,0.48999742568651244,PRUNED,0:00:03.332263,0.008599635244133269,12,1.333275969122137
213,0.00464692525854801,COMPLETE,0:01:02.508829,0.0008086674053302534,11,1.3878268903505604
214,0.3570397481623556,PRUNED,0:00:06.304245,0.008797875484971256,10,1.3954636363133883
215,1.2147464125655418,PRUNED,0:00:00.705358,0.0009418075768478166,30,1.3958877004295815
216,0.21006077634982573,PRUNED,0:00:12.984630,0.00549231247382747,33,1.383813783454344
217,0.44783601762206704,PRUNED,0:00:01.643432,0.0014415080323818773,29,1.3791149457925844
218,0.19814181602918185,PRUNED,0:00:18.172932,0.005165690760119095,33,1.3702465690965389
219,0.2088848724151435,PRUNED,0:00:20.916309,0.005318400672437849,35,1.4335158266754948
220,0.006017299982172267,COMPLETE,0:00:21.968178,0.0030867632120853772,39,1.309354047250958
221,1.4045893792893476,PRUNED,0:00:00.567571,0.0007516771089923638,41,1.4394038533591647
222,0.3050615641185237,PRUNED,0:00:21.613292,0.0017423524424542746,4,1.4299955376227267
223,0.0046273477062612695,COMPLETE,0:00:32.236582,0.001656766337031977,25,1.423502417601661
224,0.0047696928121567445,COMPLETE,0:00:32.570493,0.0018256292045709416,24,1.4301141693651853
225,0.0052141697518158356,COMPLETE,0:00:33.079393,0.0018375806387338556,24,1.4299856914817806
226,0.0047849377823341996,COMPLETE,0:00:29.605053,0.0017909102688834899,26,1.309177863963566
227,1.6428967463342767,PRUNED,0:00:00.218232,0.0017368228790802939,171,1.3168817704353282
228,0.0060167007884665905,COMPLETE,0:02:40.945183,0.0014760524884990017,4,0.783283026196811
229,0.004435672014970494,COMPLETE,0:01:31.712185,0.0008443831644295036,7,0.7111622243559378
230,1.1727842695232649,PRUNED,0:00:01.050260,0.000851464366430456,24,0.7599339102487029
231,0.19843792945035219,PRUNED,0:01:03.678080,0.0013233960564988665,8,1.4006400051489762
232,0.20492086460254855,PRUNED,0:01:04.389832,0.00332699410094443,8,0.5852886679475586
233,0.005192947029507629,COMPLETE,0:00:30.836600,0.002017322714344978,26,1.3983685162065618
234,1.2011933752667292,PRUNED,0:00:02.224218,0.00039937700991172907,10,1.3933446575244417
235,1.7715087945644672,PRUNED,0:00:00.210613,0.00040013956638513696,254,1.3969322796606163
236,0.23868069069392206,PRUNED,0:00:20.507587,0.003335398615599948,9,1.3804201982206399
237,0.34087995082891287,PRUNED,0:00:07.290165,0.0067967122399222885,9,1.3762036481871545
238,0.40284292334994853,PRUNED,0:00:08.223078,0.006925117084532892,10,1.3745069998004182
239,0.0043518230923132355,COMPLETE,0:00:43.421294,0.003390177112077535,17,1.4051957365960026
240,1.3753107594993879,PRUNED,0:00:00.259279,0.003187689702622592,123,0.5655870445470167
241,0.4365803193097091,PRUNED,0:00:02.707687,0.0008075438738504468,16,0.814440293241729
242,1.1242902152428107,PRUNED,0:00:00.979864,0.001056040688365554,27,0.9867264327109255
243,1.4583269190788268,PRUNED,0:00:00.304700,0.002678483869160057,130,1.4009271926852005
244,1.7416261390403465,PRUNED,0:00:00.202023,0.0012839396414891446,242,1.4553928517690906
245,0.2144547599872843,PRUNED,0:00:32.140891,0.003603518244765425,16,1.4114958219974054
246,1.434296425183614,PRUNED,0:00:00.243278,0.0036691008646159303,144,1.4128967209221746
247,1.526222615406431,PRUNED,0:00:00.184571,0.004719793875442593,226,1.3418944149052967
248,0.19074803340450797,PRUNED,0:00:39.099125,0.0014260255126265706,17,1.4622063851257352
249,0.004710399323374752,COMPLETE,0:00:44.062166,0.0014303849431784696,17,0.7140204670706592
250,0.0047411578547249126,COMPLETE,0:00:41.699538,0.0014500539089152464,18,0.8614151334777707
251,0.3380821552736307,PRUNED,0:00:03.326625,0.0014160993915999353,21,1.4528731738322698
252,0.2768555115467659,PRUNED,0:00:25.980701,0.0009642687192455636,4,0.8661443257523646
253,0.28155646023769226,PRUNED,0:00:06.961433,0.00522212956456521,17,1.0178985448904192
254,0.005530266181586488,COMPLETE,0:00:20.562219,0.0026466273211159354,44,1.3663021917600098
255,0.24590668676056868,PRUNED,0:00:44.176692,0.0009958129735129734,4,1.3684949103289257
256,1.7759589580343491,PRUNED,0:00:05.157449,6.829400492971672e-06,4,1.3702818542489783
257,0.004584979237403527,COMPLETE,0:00:20.460543,0.002663481624788988,43,1.4250541028664092
258,1.6813375045513284,PRUNED,0:00:00.350166,0.0008401294720391572,112,1.3482007807488199
259,1.7440292909741402,PRUNED,0:00:00.221550,0.0009750504111858825,202,0.7392364708011244
260,0.2749547231716183,PRUNED,0:00:08.419846,0.0007572979433722012,13,0.6322713333870413
261,1.6161432912550777,PRUNED,0:00:00.413324,0.0007267569461537843,78,0.6375289594330341
262,0.27514703272567,PRUNED,0:00:27.036624,0.00048820214058332056,4,0.641733713622454
263,0.20924474399250287,PRUNED,0:00:13.416774,0.00465078743487503,31,1.3769557179258964
264,1.5449128142774922,PRUNED,0:00:00.570603,0.0004818602950293067,44,1.3861501532052343
265,0.004157694139876128,COMPLETE,0:00:23.431940,0.0045439518178498,36,1.3675647145103635
266,1.3496452453659802,PRUNED,0:00:00.293487,0.006487266367898463,158,0.7107039896806479
267,0.006126584154436815,COMPLETE,0:00:29.755329,0.004824754448859912,31,0.6838146133971912
268,0.0060600161508637075,COMPLETE,0:00:28.065545,0.004500586518681818,32,0.6880647547218512
269,0.2761264159823909,PRUNED,0:00:03.014954,0.00505592548568177,39,0.6755633884522722
270,1.0913253152181233,PRUNED,0:00:00.570388,0.004125304678522361,51,1.4211804908152008
271,1.5679618139115592,PRUNED,0:00:00.498365,0.0005278978833604879,51,1.42214222219478
272,0.49956128631950053,PRUNED,0:00:01.334379,0.010872546050453326,34,1.4432792219470119
273,0.5007806981311125,PRUNED,0:00:00.952867,0.007933639495039696,63,0.6821693990208149
274,0.005842104990890662,COMPLETE,0:00:22.271980,0.002694884779403343,38,1.1812777137626567
275,0.004879559144724161,COMPLETE,0:00:22.552129,0.002705001786588745,40,1.4013549301646286
276,0.005763095089893786,COMPLETE,0:00:22.737979,0.005788646853990569,41,1.2888357702059292
277,0.31300162445314184,PRUNED,0:00:02.658518,0.006180303978849381,40,1.275759894491916
278,0.005559814810389067,COMPLETE,0:00:24.697912,0.002773635182135958,36,1.478002381021485
279,0.004972392609521652,COMPLETE,0:00:22.640172,0.002775235548292959,40,1.4757716969742514
280,0.23649463599378412,PRUNED,0:00:10.450019,0.0038228112931042255,39,1.3493823171954078
281,0.004485082823531743,COMPLETE,0:00:20.640190,0.002863057063813645,45,1.3483619295945704
282,1.7626560379745095,PRUNED,0:00:00.603788,0.00011405932751942625,41,1.1374425009199567
283,1.058224925377073,PRUNED,0:00:00.626850,0.003482023969955324,47,1.3446411496018358
284,0.0051884584480160634,COMPLETE,0:00:20.206490,0.00338973767428718,45,1.4766915521338033
285,1.1964404438223157,PRUNED,0:00:00.306120,0.006338505585050147,93,1.4827450593272669
286,0.005591721062071243,COMPLETE,0:00:23.632449,0.0034633254522366355,36,1.3891070497098699
287,0.33621143452499225,PRUNED,0:00:02.729198,0.008349445219051732,28,1.3887716817264404
288,1.3311125180938028,PRUNED,0:00:00.302070,0.005551438919080216,117,1.4092313901868985
289,1.299558734893799,PRUNED,0:00:00.492985,0.002184164777802691,72,1.4402800262727018
290,0.003973825936309378,COMPLETE,0:00:34.809778,0.003196621813298693,22,1.4690708007811253
291,1.4385644321640332,PRUNED,0:00:00.355167,0.0032531336855489684,136,1.4675482141480778
292,0.25156408103106365,PRUNED,0:00:11.743038,0.0037200054813106924,11,1.421252525328848
293,0.24815719170488326,PRUNED,0:00:11.883928,0.004253800728253984,13,1.389388171822757
294,1.2348550725473117,PRUNED,0:00:01.243899,0.0006682816070988514,22,1.324003433884829
295,0.26405794942777044,PRUNED,0:00:13.496677,0.0041825769687017745,11,1.389996271425879
296,1.0545242424331494,PRUNED,0:00:00.579342,0.004155897584686172,48,1.358587138599701
297,1.129314917585124,PRUNED,0:00:00.503567,0.003537633015405917,56,1.3237091380053951
298,0.29620751422463043,PRUNED,0:00:02.098790,0.007122485133147649,49,0.9593709471448504
299,0.2688029301229608,PRUNED,0:00:03.255494,0.0073948781039779,34,1.3464252334463183
300,0.4087192185385072,PRUNED,0:00:01.319701,0.002084195809759594,35,1.0715635322798374
301,0.34130956836235826,PRUNED,0:00:02.256467,0.002182145995162805,33,1.0806202975398556
302,0.2056559209485312,PRUNED,0:00:18.773735,0.00465454709387042,29,1.3612877474117946
303,0.5106134182733039,PRUNED,0:00:01.755596,0.01012035423968055,28,1.3483332094414924
304,0.252240321254945,PRUNED,0:00:05.514620,0.004608560251693861,29,1.341649831030768
305,0.005700460771899336,COMPLETE,0:00:19.812026,0.004665465485384455,44,1.37004930164112
306,1.181210043338629,PRUNED,0:00:00.388086,0.005078314822908251,83,1.3745037093089452
307,1.322910089961818,PRUNED,0:00:00.300382,0.0044496223746463325,107,1.3720168385359832
308,0.25186650755245293,PRUNED,0:00:07.428747,0.005270904477900791,24,1.3745493625656033
309,0.23410832307168417,PRUNED,0:00:07.775445,0.00481126655812512,23,1.4460746215839877
310,1.5863931745290756,PRUNED,0:00:01.007011,0.00020149537795909669,23,1.4280692327665248
311,1.0347642606660112,PRUNED,0:00:00.645049,0.0026537489551369483,44,1.408320828673251
312,0.21041171466526778,PRUNED,0:00:15.485438,0.00551117379450456,28,1.3021001694577405
313,0.31619705437194734,PRUNED,0:00:01.476108,0.005657351196640382,51,1.4493394569389884
314,0.302967400532471,PRUNED,0:00:04.102087,0.006074938839839498,22,1.2999524224622987
315,1.4903020469509825,PRUNED,0:00:00.278228,0.0024022020154067622,132,1.3664670586550534
316,1.1116790535213712,PRUNED,0:00:00.512318,0.0029455468902827163,58,1.299247125684872
317,0.2640508398515721,PRUNED,0:00:05.054830,0.0067188266034846475,22,1.3255837038711118
318,1.6624718390259088,PRUNED,0:00:00.272474,0.0010890167032360683,127,1.3275024749815305
319,0.3261350122365085,PRUNED,0:00:01.518833,0.0067379177893014475,45,1.4097276536472119
320,0.3203511716772432,PRUNED,0:00:01.597228,0.006631157085552105,44,1.4220238625280965
321,0.303419971040317,PRUNED,0:00:02.126165,0.007280067510226106,46,1.4130796316793042
322,0.23285192227111526,PRUNED,0:00:10.478115,0.0020938791636672485,16,1.4287086097666324
323,1.4439188326472667,PRUNED,0:00:01.426905,0.07972089539277892,16,1.3612978110482066
324,0.4762846149571307,PRUNED,0:00:01.514270,0.009455392307854861,29,1.3982160765690599
325,0.29078416445770777,PRUNED,0:00:03.203111,0.0020334728286919733,29,1.3977972622100256
326,0.4243902143310098,PRUNED,0:00:04.504860,0.0006233734552326088,9,1.2585680508436656
327,1.5347877818605173,PRUNED,0:00:00.277349,0.0021462726181192527,142,1.4371373017453828
328,1.7812858764864818,PRUNED,0:00:02.304410,1.360493467174138e-06,9,1.3595228373308288
329,1.151799223093844,PRUNED,0:00:01.452716,0.0007008894626907299,16,1.457992383369205
330,1.4111124553062298,PRUNED,0:00:00.272837,0.0030229619074441756,120,1.457817014162758
331,1.1328049587619888,PRUNED,0:00:01.457807,0.000696235048868294,15,1.256681066746611
332,1.5473375206124294,PRUNED,0:00:00.339366,0.00110189676136513,88,1.2548394169215673
333,0.287152487075045,PRUNED,0:00:09.485594,0.0035313248091965828,9,1.4314914583685188
334,0.2100153675545817,PRUNED,0:00:11.264478,0.00394009078567755,35,1.3400586028389578
335,0.20018329711138516,PRUNED,0:00:15.267184,0.0033519490264882507,37,1.3359207130825579
336,0.0062165112449755295,COMPLETE,0:00:22.557291,0.0033775973455572837,37,1.4225956916199212
337,0.005305917459832358,COMPLETE,0:00:23.173331,0.0036801337996570367,36,1.4285949245033025
338,1.0662348440715246,PRUNED,0:00:00.376902,0.012915478312842024,66,1.4297468373966162
339,0.00743052477275369,COMPLETE,0:00:24.059072,0.003419539071886744,36,1.431989052689497
340,0.22111960826717184,PRUNED,0:00:16.026812,0.0030420428132007286,19,1.4768979601153915
341,0.005336371512420744,COMPLETE,0:00:21.879001,0.0032755384442156163,37,1.4898525407245988
342,0.19671174292790825,PRUNED,0:00:15.907902,0.002781217328162252,36,1.4965574733476175
343,1.07547219504851,PRUNED,0:00:01.174640,0.0009003398402405297,20,1.4956212581943944
344,0.3263148582181451,PRUNED,0:00:02.000258,0.0027064288399149435,36,1.4683590425475967
345,0.0047820731378134685,COMPLETE,0:00:34.987760,0.0017958064784155904,20,1.453424326870834
346,0.26149271566369764,PRUNED,0:00:05.139216,0.001661981611806963,22,1.4530392550196096
347,1.2117513110560756,PRUNED,0:00:00.519698,0.0017690427541677627,52,1.4045780165411796
348,1.179864109689448,PRUNED,0:00:00.831640,0.000918969129593782,27,1.4554532346253446
349,0.22035289045645676,PRUNED,0:00:23.395373,0.0023555672425386023,12,1.4452367341659744
350,1.1830936503796443,PRUNED,0:00:01.735247,0.009322642662203756,13,1.3928001274826574
351,1.2439489884740988,PRUNED,0:00:00.557554,0.0011046960362069726,41,1.4169280807280513
352,0.2839845578320584,PRUNED,0:00:02.908018,0.0024611468587995376,32,0.9092075094447587
353,1.5114381424216337,PRUNED,0:00:00.229325,0.0027569525983171077,150,1.4973272360325025
354,0.319399345644127,PRUNED,0:00:03.491994,0.0022687224496795535,19,1.3856766163721117
355,0.006097175596368641,COMPLETE,0:00:25.489315,0.002639328522513224,32,1.3836695189477561
356,1.3880006693876707,PRUNED,0:00:01.172726,0.00033336957077760126,19,1.3827187820848836
357,1.1002824602841144,PRUNED,0:00:02.567275,0.0005023199382088884,8,1.3835419987451159
358,1.204650896572384,PRUNED,0:00:02.390052,0.0003136970452950228,8,1.3866886613685068
359,0.42273277890805583,PRUNED,0:00:05.973298,0.0005207298827190336,7,1.317806113205589
360,1.5700739291998056,PRUNED,0:00:00.305365,0.0011781401746371214,99,1.31998304135455
361,0.4179638817544408,PRUNED,0:00:03.313020,0.000827904397579848,13,1.4481945438498989
362,0.0061309325506876955,COMPLETE,0:01:33.339116,0.0016014019271686016,7,0.5535744457911292
363,1.1610234428472557,PRUNED,0:00:00.886086,0.0008697044481033766,25,1.3565769794636702
364,0.004635559970977153,COMPLETE,0:00:29.691210,0.0016006787953832136,25,1.3521134155282761
365,1.0691411317396564,PRUNED,0:00:00.521293,0.00538710196621554,54,1.4588344662311168
366,0.23820128143111716,PRUNED,0:00:14.119553,0.004155649812562172,12,1.406727403689794
367,1.2839232313412208,PRUNED,0:00:00.458056,0.0016878352198711414,60,1.4085047197920213
368,0.2880193206122877,PRUNED,0:00:03.513405,0.007493463843177319,25,1.3485375499115968
369,1.5051393157510615,PRUNED,0:00:00.496378,0.05497081831968763,48,1.3514819168580543
370,0.3453386392187976,PRUNED,0:00:02.640118,0.008486930152986814,26,1.4083975369333488
371,0.2525995680514504,PRUNED,0:00:09.036779,0.004297315962890826,14,1.368112251753238
372,0.004001789007618238,COMPLETE,0:00:25.353608,0.004523051043694147,31,0.5441994719027147
373,0.006184320363924574,COMPLETE,0:00:22.442528,0.005461741542074681,43,0.5427048655854407
374,0.3265099556588415,PRUNED,0:00:02.069991,0.005355370293201577,32,1.4429852329114474
375,1.336171730206563,PRUNED,0:00:00.312011,0.0055326226479674185,124,1.2849299688912454
376,1.1532819111362782,PRUNED,0:00:00.643618,0.0014534485150961836,42,1.1186796038353317
377,1.3579362609364964,PRUNED,0:00:00.857132,0.0006050998531836362,29,1.472308610664591
378,0.21276258656135755,PRUNED,0:01:13.642975,0.0012064478331191954,4,1.4703536014650924
379,0.41305824448986633,PRUNED,0:00:09.460037,0.0011887457244471196,4,0.5557316352956844
380,0.3279827392635726,PRUNED,0:00:14.999678,0.004052739264642327,4,1.3310792745113247
381,1.4723614967146585,PRUNED,0:00:00.417270,0.0012074892851196325,75,0.5573007136675707
382,1.3491607925348115,PRUNED,0:00:00.260892,0.004171319761007977,113,1.400585051739577
383,1.443097754116476,PRUNED,0:00:00.543114,0.0007520450302584096,47,1.3349955335632055
384,0.48724454553210783,PRUNED,0:00:08.110599,0.005941928587702154,5,1.365755809826555
385,0.5014983709731133,PRUNED,0:00:01.109126,0.011514713491693297,42,1.370536345103073
386,0.4039032739206884,PRUNED,0:00:02.190284,0.006646894779769534,19,1.4086515273222953
387,0.3205657407817756,PRUNED,0:00:03.454364,0.006606295384087108,19,1.4240993809949678
388,1.779024175447018,PRUNED,0:00:01.292776,1.176459773043209e-05,16,1.4200059307523225
389,0.21906796041406504,PRUNED,0:00:14.330979,0.004210664013202506,18,1.422545194667243
390,1.3977873483482672,PRUNED,0:00:00.237921,0.003934229123495381,132,1.334690166125167
391,1.1556578860167535,PRUNED,0:00:00.458942,0.0020681384426926184,52,1.3906081018447642
392,0.3199468527521406,PRUNED,0:00:02.930487,0.004578360301233506,23,1.432831502997104
393,0.27297740765646394,PRUNED,0:00:03.382315,0.004795934560143468,42,0.5251016776214147
394,0.27307726481771155,PRUNED,0:00:02.661269,0.004162623877197427,42,0.5951138019540714
395,0.005070728957005098,COMPLETE,0:00:20.068951,0.00469827490349271,41,0.5804882600547701
396,0.30810639964273345,PRUNED,0:00:02.792102,0.007870129029897024,31,1.3145137027969884
397,0.3963890125354131,PRUNED,0:00:01.411090,0.00908155250611865,32,1.3184191935170289
398,0.40822762540027274,PRUNED,0:00:01.491699,0.009471921975997728,32,1.0259388463491501
399,0.0047635994382558625,COMPLETE,0:00:25.913829,0.0032354146954475076,31,1.4739495973376644
400,0.3179101842404598,PRUNED,0:00:02.138468,0.003189825248760791,32,1.4791679182952127
401,0.2562563432269354,PRUNED,0:00:08.454820,0.003121835634567489,12,1.3745994487564028
402,1.446968842060008,PRUNED,0:00:00.252234,0.003201546618863648,137,1.3708871571820271
403,1.299840553166115,PRUNED,0:00:00.331797,0.003026953514938648,89,1.35400550236235
404,0.004099650666112588,COMPLETE,0:00:18.380545,0.0037180979708958018,49,0.6099954236870456
405,0.28647627183861696,PRUNED,0:00:06.720937,0.00536235794329436,12,1.3939583589757816
406,1.0002075762891058,PRUNED,0:00:00.526073,0.005700661926989775,48,1.3897716614428461
407,1.7793576604441592,PRUNED,0:00:00.447220,2.9055097017581765e-05,68,1.3767026537423928
408,0.22915020642470416,PRUNED,0:00:15.249654,0.0008347036057376512,11,1.4653263976363813
409,1.4381708691579214,PRUNED,0:00:00.634518,0.0006341325408053908,40,0.7951518439503042
410,1.447269623929804,PRUNED,0:00:00.579918,0.0005964853553635037,39,1.4642395496661638
411,1.4289887767879903,PRUNED,0:00:00.852898,0.0004196166055125367,27,1.4680166082799464
412,1.5055776426085719,PRUNED,0:00:00.481689,0.0008030170389843398,60,1.232936468966259
413,1.473143830018885,PRUNED,0:00:00.294424,0.0024369558677522,128,1.3435668832676444
414,0.19650330895385823,PRUNED,0:00:22.784562,0.0037733739445462364,27,1.4054402297832331
415,0.005310386755135333,COMPLETE,0:01:12.999485,0.0009777429794017582,9,0.5031438318940442
416,0.2552201046245773,PRUNED,0:00:10.825532,0.0009560939095782265,9,0.7624859224435582
417,0.005539897980646462,COMPLETE,0:00:18.676404,0.0037933316755025584,47,0.6186969727015411
418,0.9697425635088057,PRUNED,0:00:00.468447,0.0035735728775644925,51,0.5174948267619447
419,1.362343761172608,PRUNED,0:00:00.537930,0.0010136557201261512,47,0.5925381636909132
420,1.0597105284707735,PRUNED,0:00:00.497838,0.015602511956698449,57,0.6137999686404102
421,0.30677911291157245,PRUNED,0:00:02.129358,0.007256156719404804,47,0.736146322785469
422,0.2893706577927319,PRUNED,0:00:02.078756,0.00723926499436485,48,0.5452027563192031
423,1.1169445912878053,PRUNED,0:00:00.545384,0.002346365446386955,54,0.5426936981518342
424,0.3266618489085332,PRUNED,0:00:02.066021,0.002608913387858661,35,0.5715273761730078
425,0.26146683276727284,PRUNED,0:00:03.386007,0.0038672428666792287,37,0.6095464760776296
426,0.26034341589815313,PRUNED,0:00:03.199462,0.003970792665172585,37,0.5071695943025387
427,0.00419160790114022,COMPLETE,0:00:32.619371,0.004025849399498713,23,0.5081308100400318
428,0.3168306217516122,PRUNED,0:00:03.059595,0.005010727676326302,22,1.3530166842743765
429,0.32620832982332737,PRUNED,0:00:02.899517,0.005560648919596379,22,1.2954898682247409
430,0.2915143390020279,PRUNED,0:00:04.020221,0.005081203511029765,22,1.3587261499951973
431,0.26393842169597,PRUNED,0:00:07.502275,0.006116681333371552,14,1.282337979482094
432,0.004061739268799844,COMPLETE,0:00:42.037809,0.0019799058996078393,16,1.36306166828341
433,0.2755811192371227,PRUNED,0:00:13.401919,0.002720803961521762,14,1.3828325129532983
434,0.2883143911258179,PRUNED,0:00:04.832758,0.0020839631301056392,18,1.399458673442771
435,1.0941929166039375,PRUNED,0:00:00.616254,0.0020205628028591664,44,1.3915705003405157
436,0.2794432779626241,PRUNED,0:00:05.083713,0.0026638216676302855,17,0.8255748436060061
437,1.5476992710216626,PRUNED,0:00:00.235874,0.002817071586092493,176,1.3722321737993268
438,0.44147831292481976,PRUNED,0:00:05.156151,0.011396086783576013,8,0.5018315364909448
439,0.5160158847181467,PRUNED,0:00:10.386256,0.008593855019963063,4,1.3201833383920047
440,1.0913282090479188,PRUNED,0:00:00.817100,0.0012685697431137697,29,1.343127974028666
441,1.3863387446431719,PRUNED,0:00:00.616274,0.0007294497010228231,38,1.3362876782997661
442,1.2227118529525458,PRUNED,0:00:01.506053,0.0004975533587426737,14,1.3783092284647074
443,0.4976519884665807,PRUNED,0:00:01.091193,0.008027652712443222,43,1.4079473095607473
444,1.3612398174610214,PRUNED,0:00:00.844863,0.0005293518412630379,26,1.3121219018948371
445,0.005933879545267477,COMPLETE,0:00:24.621411,0.004754660071488749,34,0.6491517622064064
446,1.054642037684176,PRUNED,0:00:00.559116,0.004571865980548881,54,1.3592747798325135
447,1.2016483512189653,PRUNED,0:00:00.729979,0.001071449413500948,34,1.4303337875816773
448,0.24438381628700034,PRUNED,0:00:04.157950,0.006628067160932509,34,1.1719053572364204
449,0.33110618085572213,PRUNED,0:00:01.923032,0.0060868990910952474,39,1.1671455483819473
450,0.3237311806642648,PRUNED,0:00:01.967634,0.00640637502699364,39,1.4107573517659056
451,0.2257717411155286,PRUNED,0:00:07.524699,0.003763962676754171,28,1.3981596963063352
452,0.25927899985209757,PRUNED,0:00:04.088541,0.003443739327163197,28,1.3333046202625514
453,1.5687247070706325,PRUNED,0:00:00.847362,0.0002460176083429623,26,1.3294500231170878
454,0.006367302269394828,COMPLETE,0:00:32.032037,0.0033430788145897513,26,1.4400171954126892
455,1.4898451841794527,PRUNED,0:00:00.220409,0.0035233171245829093,167,1.442303279150639
456,0.2044251151382923,PRUNED,0:00:19.807257,0.004621067381628637,21,1.368257026898885
457,1.1628938209010948,PRUNED,0:00:01.149132,0.0007085426667878876,20,1.3666348658574246
458,0.006864024561854077,COMPLETE,0:00:47.865190,0.004397880451852201,16,0.6585668386960009
459,0.2945717735521829,PRUNED,0:00:05.701063,0.005170818198603111,16,1.3598737434110963
460,0.006088467754717747,COMPLETE,0:00:43.147103,0.00475468714549881,17,0.5089880909469304
461,0.2835644277661436,PRUNED,0:00:08.879934,0.004720816742585743,10,0.530534306276452
462,1.0717455162331948,PRUNED,0:00:01.063557,0.0009215786572919694,21,0.505927342534374
463,0.004964832359694239,COMPLETE,0:00:33.747061,0.00199871084218119,22,0.5261618067339117
464,0.24239080945310526,PRUNED,0:00:06.644352,0.0022042006815644675,22,0.5745842336613459
465,0.22951997172619615,PRUNED,0:00:08.233417,0.001839548416838599,23,0.5210399467031176
466,0.005866990276273577,COMPLETE,0:00:32.603470,0.002013122386737816,24,0.5240416081365517
467,0.004940337541801217,COMPLETE,0:00:31.845006,0.0018966761395544883,25,1.3867099385484527
468,0.28336558640003207,PRUNED,0:00:03.365005,0.0029937928979052553,30,0.5406911038758816
469,0.00604484987828668,COMPLETE,0:00:43.270027,0.0027040484120125327,17,0.5176669503339991
470,0.3913337637192358,PRUNED,0:00:03.126133,0.010141663846038911,17,1.0546184048758078
471,1.7320430836274257,PRUNED,0:00:01.493632,7.021802555150144e-05,16,1.0036616781578251
472,0.3793133503910321,PRUNED,0:00:01.527014,0.007707076433672351,32,1.3461450559214192
473,0.0049222758377579934,COMPLETE,0:00:50.718573,0.0038550561613788954,14,0.5189603315531642
474,0.23239829115100674,PRUNED,0:00:10.632991,0.004141603410770106,15,1.2986941308875009
475,0.005582199488159608,COMPLETE,0:00:32.327620,0.0024914526509923034,25,0.708868692254904
476,1.526869085431099,PRUNED,0:00:00.289214,0.0027801383852617593,161,1.388268826550334
477,0.004546332973664077,COMPLETE,0:00:29.686554,0.0021780869948261,25,0.5314002905722057
478,0.3104755860953196,PRUNED,0:00:02.718525,0.006175000234609362,26,1.3780504204768278
479,0.2584224424692763,PRUNED,0:00:04.050077,0.006303812986949453,27,0.9131667740161143
480,1.286536079865915,PRUNED,0:00:00.313336,0.006272559547532846,120,0.8884674131797753
481,0.3150151421164357,PRUNED,0:00:02.468479,0.0031966134082432414,30,1.380151365318917
482,0.25855743006729226,PRUNED,0:00:10.691975,0.001400097150038344,10,1.348720689425209
483,0.22369371232914145,PRUNED,0:00:22.620774,0.002461027978944877,10,1.3443149329536066
484,0.2773941785138862,PRUNED,0:00:08.813416,0.00143402015540687,9,1.1963379666039844
485,0.2798492140345164,PRUNED,0:00:07.378333,0.0014888915366106717,12,1.3476302446071098
486,0.37660407478915914,PRUNED,0:00:01.357105,0.002434226571914239,36,1.4136421790557694
487,1.1166359939316446,PRUNED,0:00:00.559064,0.0037670156061863124,50,1.4136131929289013
488,1.5803277923001184,PRUNED,0:00:00.251490,0.002402737192072969,182,0.7116196316458873
489,1.0709515947198112,PRUNED,0:00:00.510290,0.0031973243449199664,51,1.406273210749262
490,1.3443001161019008,PRUNED,0:00:00.306329,0.003025555539234862,108,0.5656100279199401
491,0.006491035761911808,COMPLETE,0:00:19.001199,0.0032382122012009837,43,1.2708563042912797
492,0.9777967136376983,PRUNED,0:00:00.683392,0.008035676772724808,41,1.39758274514146
493,0.3207437759637833,PRUNED,0:00:01.714549,0.005375110047889271,43,1.3244717753180648
494,0.2284051470267467,PRUNED,0:00:05.788790,0.005241527551071872,33,1.322845517470597
495,0.005448185469602309,COMPLETE,0:00:24.624343,0.004091769513944679,31,1.3644321290895676
496,0.28877979235269535,PRUNED,0:00:02.936078,0.004272651800761987,32,1.2705877303270636
497,0.3545482315791128,PRUNED,0:00:14.027380,0.004089189471208773,4,1.4426065516553872
498,1.1867890357971191,PRUNED,0:00:00.424811,0.003964835798142026,64,1.3643518073920957
499,0.4931216477995088,PRUNED,0:00:01.187077,0.013796417439856743,38,1.1390030179720645
500,0.5846058430607114,PRUNED,0:00:08.926067,0.010021245080530778,4,1.4982338048821713
501,1.3330775240193242,PRUNED,0:00:00.265496,0.009652299016891673,142,1.4479567209508175
502,1.7629211182687796,PRUNED,0:00:00.267760,0.0003872533401337429,126,1.3480654731294048
503,0.32358508219810234,PRUNED,0:00:14.734402,0.003458971390959836,4,1.3083138833699552
504,0.28594558880865056,PRUNED,0:00:09.377252,0.003874587458463222,8,0.6270744088743593
505,1.5257858914487503,PRUNED,0:00:00.198339,0.0035824810907561506,193,1.3079896026631832
506,0.28380831247716215,PRUNED,0:00:04.027432,0.007387987758236234,20,0.6203760054141192
507,0.3439451033159033,PRUNED,0:00:15.380143,0.004911885155360236,4,1.3882877785938135
508,0.9584402723329051,PRUNED,0:00:00.549835,0.005847395399024866,45,1.3913181714103535
509,1.0857295098605457,PRUNED,0:00:00.427357,0.005495253469659703,58,1.3932439081796366
510,1.364174474030733,PRUNED,0:00:00.256487,0.005201651148287202,134,1.3862473473310275
511,0.2794508604460923,PRUNED,0:00:02.887227,0.00492652581851997,34,1.371629203840387
512,1.744913915793101,PRUNED,0:00:00.229959,0.0006262545756873555,135,1.4272979522853904
513,1.407658779754319,PRUNED,0:00:00.629061,0.0006377517694161346,36,1.430871266605904
514,1.1400618879840925,PRUNED,0:00:00.707735,0.0011435741504185947,31,1.358846770498317
515,0.0042297520863591835,COMPLETE,0:00:26.982509,0.004388917185208069,31,1.104802880439879
516,0.23803984407895531,PRUNED,0:00:07.228959,0.004415541407384405,21,1.3700225996938686
517,0.20892067172605058,PRUNED,0:00:21.229343,0.001627187346873928,20,1.3759385331663547
518,0.00672913066641745,COMPLETE,0:00:42.298361,0.0017879431179449394,18,1.2212320070775862
519,1.4270102786712158,PRUNED,0:00:00.372088,0.0015732648631114402,83,1.415790893376131
520,1.1252489301309088,PRUNED,0:00:01.159033,0.0007835823139579011,21,0.9528667313638316
521,0.4933623639859169,PRUNED,0:00:03.918013,0.007958183001450778,13,1.3695050577034784
522,1.7819575919127613,PRUNED,0:00:01.540919,3.545791223152771e-06,20,1.3672623002605502
523,0.3785620509669152,PRUNED,0:00:03.298637,0.008192705820383787,14,1.4816968818523253
524,0.37470725565044966,PRUNED,0:00:03.257130,0.00784727699845655,14,1.484472636738852
525,1.7751082352229528,PRUNED,0:00:00.265387,0.0001400793222103752,115,1.0969682978812336
526,1.1320302752049074,PRUNED,0:00:00.440864,0.006656306440579748,70,1.402777499182498
527,0.31738259512366673,PRUNED,0:00:01.910276,0.006522207572468335,39,1.4038814424986443
528,0.38904519866813314,PRUNED,0:00:01.288973,0.0028263257762194717,39,1.2281287470598432
529,1.1907792195786524,PRUNED,0:00:00.542564,0.0016587960673603607,47,1.4808878830049668
530,1.351633679955753,PRUNED,0:00:00.601049,0.0010706863854147801,48,1.3315178682622137
531,1.6056827306747437,PRUNED,0:00:00.302449,0.0010417834375514388,101,1.3384822932018785
532,1.7133280870526335,PRUNED,0:00:00.234324,0.0009888274137393154,152,1.3354456352985316
533,1.0073130731699897,PRUNED,0:00:00.506145,0.0031023975508410193,53,0.5940018504259662
534,0.3030366536464777,PRUNED,0:00:02.680057,0.003045944981619311,29,1.4523029041002513
535,0.3162042139574539,PRUNED,0:00:02.482633,0.002980959073171709,30,1.4505116681115027
536,0.3081041718791197,PRUNED,0:00:02.561567,0.0027411367416884888,29,1.4406405198824566
537,0.3183947602236593,PRUNED,0:00:02.496313,0.004959471700542529,29,1.4503791974319458
538,0.9882049858570099,PRUNED,0:00:00.955255,0.0019859273384428048,29,1.4539211860799266
539,0.19205434745600244,PRUNED,0:00:39.580122,0.0020010027736727058,18,1.418320406509567
540,0.31519525868476495,PRUNED,0:00:03.575724,0.00208242612336684,19,1.4184075835193612
541,1.7591374535714426,PRUNED,0:00:00.219131,0.0007538059817081851,208,1.4201522312209724
542,1.0916573792251187,PRUNED,0:00:01.546743,0.0007843942605961912,16,1.294459033505423
543,1.3035439859480547,PRUNED,0:00:01.321639,0.0004642797133377597,19,0.5556550434409749
544,0.9410655119505917,PRUNED,0:00:01.268775,0.001257933599174298,18,1.296360700044329
545,1.2409539473127331,PRUNED,0:00:00.657081,0.026323870448565198,38,1.3988868819108777
546,1.1989461751211257,PRUNED,0:00:00.357749,0.006169559497465225,77,1.4029409682988798
547,1.1310794819666687,PRUNED,0:00:00.747946,0.021050407500069077,36,1.385226161572418
548,0.19081521810159174,PRUNED,0:00:18.933235,0.003873582906374021,38,1.381997000705655
549,0.24254237902181155,PRUNED,0:00:28.931140,0.0021990832539041856,9,1.3544407365078264
550,1.0222417693454902,PRUNED,0:00:00.614797,0.003826741500078928,45,1.3587072666646867
551,0.3027110313344892,PRUNED,0:00:06.723725,0.0022182597007047696,10,1.4193418857966045
552,0.2831980979206217,PRUNED,0:00:09.232782,0.004716188576363251,10,0.5008178625846494
553,0.30850006042890354,PRUNED,0:00:06.453658,0.0051604812147443314,11,1.352745373462983
554,0.27698563914818525,PRUNED,0:00:04.062612,0.004664523842790974,25,1.34762407432883
555,0.48758043533836315,PRUNED,0:00:01.285310,0.011658636704212213,42,1.338749758320613
556,0.24351504739302737,PRUNED,0:00:03.844979,0.005614332704048409,41,1.343959165712933
557,0.3261372277549669,PRUNED,0:00:01.854672,0.0061543742702541765,42,0.9655960555261333
558,0.006305805289523737,COMPLETE,0:00:26.279908,0.005763929346082474,34,0.688798735766126
559,0.2712294729831426,PRUNED,0:00:02.908581,0.0063981783800307135,35,0.9292586020921852
560,0.3067780162291552,PRUNED,0:00:02.215310,0.003187094527056171,34,1.381785416262461
561,0.004014791920112757,COMPLETE,0:00:24.101666,0.0034543881296533216,35,0.9871304631044879
562,1.1246996458906393,PRUNED,0:00:00.505210,0.0037728647187850075,62,1.0537006339256199
563,1.3647284204105161,PRUNED,0:00:00.345935,0.0036481987781583304,122,0.8492259759826284
564,1.007535016252881,PRUNED,0:00:00.572100,0.0033493015473093535,51,0.7804107776547895
565,1.1269288596899614,PRUNED,0:00:00.485847,0.004225862769131439,56,1.4308616173376316
566,1.3783155345916749,PRUNED,0:00:00.380252,0.004422566100362011,130,1.4309677827311962
567,0.9350837322734517,PRUNED,0:00:00.654135,0.0025823522184439565,38,1.4017428186660053
568,0.38140336499012334,PRUNED,0:00:01.480187,0.0024336264211134327,34,1.4981177454433168
569,0.3207974193277062,PRUNED,0:00:02.975767,0.0082816185147514,25,0.5492415365980009
570,1.102478803080671,PRUNED,0:00:00.323943,0.007016898774626054,95,0.5508336089693924
571,0.31178181325647153,PRUNED,0:00:02.846418,0.007424478493431449,25,0.5354747757345003
572,0.006388887238640235,COMPLETE,0:00:28.685942,0.005334152602065206,28,0.6889623317684638
573,0.9620143791188055,PRUNED,0:00:00.582360,0.005496077329493452,48,0.9801176336597712
574,0.19526626929234903,PRUNED,0:00:27.894239,0.0031686489453397926,25,1.3155605739691294
575,0.3052006062024679,PRUNED,0:00:02.338650,0.00318725687254119,33,0.5815526641324528
576,0.2368341144677755,PRUNED,0:00:06.075606,0.004606320019251357,29,1.3097872588184316
577,1.0054583240832602,PRUNED,0:00:00.599092,0.010199595702830086,46,1.3155337493446349
578,0.3111844914008493,PRUNED,0:00:01.851186,0.004934750123895957,44,1.325988197945906
579,0.00512633449041866,COMPLETE,0:00:30.326614,0.0046145087911969125,25,0.748532387600381
580,0.2869993239196379,PRUNED,0:00:03.810846,0.005425345389985733,24,0.8145991976026694
581,0.22395467485732107,PRUNED,0:00:08.177049,0.0036568738300424503,24,1.4089009156852788
582,0.2382419051071785,PRUNED,0:00:14.721777,0.003645475250116568,36,1.4078149392042878
583,0.006498315559348095,COMPLETE,0:00:25.868642,0.002893260146005281,34,1.3756891430667177
584,0.3827944671565836,PRUNED,0:00:01.230259,0.0028030986408070714,39,1.1435416267612388
585,0.39023456167091025,PRUNED,0:00:01.259697,0.002774853181375491,39,1.3755957533324317
586,0.2069700238316558,PRUNED,0:00:19.059147,0.003979418943162397,30,1.3853625261284308
587,0.0040294064950891365,COMPLETE,0:00:25.198624,0.004002412424784657,31,1.1107635941330978
588,0.2081654034381689,PRUNED,0:00:10.881941,0.004023565554788972,30,1.4650360257284925
589,0.3049788902796323,PRUNED,0:00:02.062175,0.004172055390586653,32,0.7573721543364932
590,0.006820820666671742,COMPLETE,0:00:29.333962,0.004246673187995428,30,0.732334187816765
591,0.0041748196466116945,COMPLETE,0:00:27.380727,0.004198526111325235,31,1.4350227653041496
592,0.31554472711510384,PRUNED,0:00:02.218138,0.006452679698671266,31,0.7349862215271387
593,0.26449983123584314,PRUNED,0:00:08.166142,0.007061013990750509,13,0.6461153714905497
594,0.495260400222797,PRUNED,0:00:03.204663,0.009351953341007453,14,1.0950776720934474
595,0.35547170178646464,PRUNED,0:00:06.998496,0.007336581330655594,9,1.3911521687745376
596,1.5341753278459822,PRUNED,0:00:00.229201,0.00478870824254626,234,1.4638469667801246
597,0.42284717253997345,PRUNED,0:00:05.487838,0.007322613156093934,8,1.0306351625096397
598,0.20034683421716926,PRUNED,0:00:21.151823,0.002544990724473189,20,1.0158343095193552
599,1.1750467149520492,PRUNED,0:00:02.981199,0.00032125387894284946,7,1.023567022690158
600,0.32014976109823456,PRUNED,0:00:02.130715,0.002604111839150774,35,1.1135846421763917
601,0.0048768992057153385,COMPLETE,0:00:34.876839,0.0025329482497748242,22,1.1831614704747748
602,1.2890262738482592,PRUNED,0:00:01.075405,0.0005616445485434433,22,1.1827609844145297
603,0.9600938868288901,PRUNED,0:00:01.340490,0.001361790859091644,21,0.8989272225395786
604,0.96356687680179,PRUNED,0:00:01.249129,0.0013669949698601163,21,1.4258154121336624
605,1.2109835421716846,PRUNED,0:00:00.500932,0.005673826049177276,87,0.8781587641113143
606,0.2677545832551044,PRUNED,0:00:02.519071,0.00364623155763824,40,1.046502720128448
607,0.005480469013676354,COMPLETE,0:00:30.131147,0.0034107590991710175,28,0.8965870140402854
608,0.005605672338012865,COMPLETE,0:00:30.181730,0.003136060488606608,28,0.9327345475777942
609,0.3015082549672943,PRUNED,0:00:02.757685,0.0030796201565296373,29,1.056699771652041
610,0.006181696265372535,COMPLETE,0:00:29.647519,0.0033350592938257585,28,1.0060166902985732
611,0.9238419521438039,PRUNED,0:00:00.807523,0.002257145291008188,35,1.1470688668892264
612,0.004155633769614137,COMPLETE,0:00:32.896477,0.0034253867923774235,25,0.5011443167989321
613,0.3054706197198447,PRUNED,0:00:02.574631,0.003604199210843054,29,0.9883265193939401
614,0.9379467749671572,PRUNED,0:00:00.675044,0.0034475783555574955,41,1.4416588026405055
615,0.23441586931231162,PRUNED,0:00:04.976410,0.004555960803668053,34,1.0703135188694626
616,0.26248767697278347,PRUNED,0:00:04.935420,0.00465328378502291,36,0.5730076880066225
617,0.26048346681763296,PRUNED,0:00:06.254141,0.004598003794700576,35,1.1159506550060958
618,0.310244790460231,PRUNED,0:00:02.144790,0.004970372605849084,38,1.0728571235695759
619,0.20565128354182155,PRUNED,0:00:19.178292,0.003367417317272187,40,1.1281532756135548
620,0.26652858587874084,PRUNED,0:00:03.794425,0.003450696018591954,27,1.1042615446967001
621,0.004075815605163364,COMPLETE,0:00:30.392890,0.003338875430054296,25,1.4339806974637133
622,0.005006720426561077,COMPLETE,0:00:31.361040,0.0030623730869620966,26,0.60469043370803
623,1.01516244272391,PRUNED,0:00:00.605119,0.0024310881602278766,43,1.4358961091014855
624,1.067521547312503,PRUNED,0:00:00.609466,0.0023617884633020426,45,1.205516678485612
625,1.779359761873881,PRUNED,0:00:00.231833,6.523104815497303e-06,218,1.2071163787298862
626,0.0040790262568417765,COMPLETE,0:00:20.298172,0.005451367829640467,43,0.8012203511384122
627,0.00676907754079485,COMPLETE,0:00:28.107329,0.005908960866792818,32,0.6044167228069159
628,0.9748248482361818,PRUNED,0:00:00.811197,0.0018675591015598933,33,0.5941389823972969
629,0.2286229404883507,PRUNED,0:00:05.127217,0.005825908958079826,33,1.4282443681807675
630,0.3375559716676333,PRUNED,0:00:01.916667,0.006026175535193292,40,1.1536507830594942
631,0.2359585744787508,PRUNED,0:00:07.116976,0.0055115882067445,24,1.413064130956415
632,0.30141218532970293,PRUNED,0:00:02.690521,0.003937289094877994,32,0.5183605930764948
633,0.004641561058368718,COMPLETE,0:00:29.804496,0.0041109741168239055,26,0.5625591183543018
634,0.005532666815410739,COMPLETE,0:00:31.911737,0.0038550272915849884,25,0.5090602961543982
635,0.005631538537201438,COMPLETE,0:00:31.759334,0.004205322126094021,25,0.5298383689722362
636,0.007740237389058525,COMPLETE,0:00:33.197654,0.004130276463508302,25,0.5346310463172403
637,0.0064936923381012125,COMPLETE,0:00:20.720909,0.00400312949416943,45,0.5040370873066021
638,1.0929869742147507,PRUNED,0:00:00.542733,0.002798633587614074,51,0.5120512713385024
639,0.005913821627090633,COMPLETE,0:00:19.543515,0.004081794394558474,45,0.5345229319480668
640,0.00504383099989174,COMPLETE,0:00:20.542873,0.004297906007417722,45,0.5315438243494532
641,0.00509263404104713,COMPLETE,0:00:20.024934,0.004206338492112646,46,0.5052715404306558
642,0.005589387010628436,COMPLETE,0:00:23.029643,0.004205650653934749,38,0.8374780797531143
643,0.3057142789964076,PRUNED,0:00:01.608124,0.008691877212182196,45,0.5034541350607356
644,0.3094138119604204,PRUNED,0:00:01.597146,0.008490381609373638,45,0.511517364854199
645,0.9301132916033953,PRUNED,0:00:00.725586,0.002223767743898857,37,0.5035933118111975
646,0.9943097425494224,PRUNED,0:00:00.636143,0.0021670370135903286,41,0.5393212732818189
647,0.9882753547923319,PRUNED,0:00:00.652793,0.002079426311127075,37,0.5004596985373647
648,0.9029867056644324,PRUNED,0:00:00.738365,0.00278764127952129,39,0.8679645270732896
649,0.30360400460285847,PRUNED,0:00:01.903354,0.012875099108744952,36,0.818494097320053
650,0.32243567483069807,PRUNED,0:00:02.038339,0.0028871258907350234,31,1.2407333005049352
651,0.3281679467513011,PRUNED,0:00:02.140253,0.005141507427409748,33,1.4552155672488978
652,1.7803975423177083,PRUNED,0:00:00.812336,1.3319175066600558e-06,33,0.9397979593376333
653,0.3097549792952262,PRUNED,0:00:02.318925,0.00501806941225772,31,1.4502587974950605
654,0.2982953413974407,PRUNED,0:00:02.338803,0.005146536873173079,30,0.7950305135029645
655,0.3279173284769058,PRUNED,0:00:02.157671,0.0052646841345002976,30,1.4578802415409406
656,1.0094648893132354,PRUNED,0:00:00.524550,0.0052924717890368445,49,1.4539120873199627
657,1.4819899338942308,PRUNED,0:00:00.235746,0.006524691415617426,249,0.787482101219255
658,0.9894310197595394,PRUNED,0:00:00.569065,0.005314991229108863,49,1.443348726938751
659,1.0949752294498942,PRUNED,0:00:00.525261,0.0028146413721220434,56,1.2830666975764577
660,0.3081152912329983,PRUNED,0:00:02.513972,0.0031845437626824005,29,1.283476286962123
661,0.0054195605548856135,COMPLETE,0:00:25.913756,0.003512164553162243,29,0.5243571724387628
662,0.0049387973713195185,COMPLETE,0:00:27.661719,0.003200686460838216,28,0.8569059347927546
663,0.26999394919561304,PRUNED,0:00:03.415199,0.0031562224320395857,28,0.850030736584612
664,0.22877548134898487,PRUNED,0:00:07.085745,0.003328494565344059,22,1.469524783160436
665,1.7265022231276923,PRUNED,0:00:00.675879,0.0001873657267156346,38,0.8532708286133937
666,0.005527189539669537,COMPLETE,0:00:29.252760,0.003423357389491139,24,0.9567274916435948
667,0.32326530670262366,PRUNED,0:00:03.352625,0.006891249626099348,22,0.9522928778511146
668,0.3186784148828624,PRUNED,0:00:03.141360,0.0065795304935185525,22,1.4122469891676868
669,0.3116083137691021,PRUNED,0:00:03.159065,0.007905482478935036,23,0.9965320896138332
670,0.3045963982298766,PRUNED,0:00:03.150542,0.0017223706315820416,22,1.4340519989314235
671,1.009194671728049,PRUNED,0:00:00.674052,0.002504376236825021,41,1.4257658993083622
672,1.0867661259929586,PRUNED,0:00:00.622759,0.0017468782307912482,40,1.43265329202512
673,1.076362950646359,PRUNED,0:00:00.660405,0.0018005570330161945,40,1.436920681820815
674,0.0049475469832307205,COMPLETE,0:00:22.493050,0.0034921406817474674,35,0.9728536417561117
675,1.5480821493900183,PRUNED,0:00:00.233011,0.003395484206091651,198,1.4070947768660926
676,0.36375578914685225,PRUNED,0:00:01.398191,0.010944571107778543,34,0.972263403889352
677,0.3692883311406426,PRUNED,0:00:01.546777,0.002474719280643918,35,1.0821910162031059
678,0.004530746277175964,COMPLETE,0:00:21.832108,0.00368720026800752,36,1.3625456866502204
679,0.0061296843775272315,COMPLETE,0:00:21.158298,0.003693507975613844,36,1.364204705076502
680,1.4931785038539342,PRUNED,0:00:00.274195,0.003573859882173397,185,0.5568468741239427
681,0.3021317707056425,PRUNED,0:00:03.695702,0.0066470170644523565,18,1.359890090316574
682,0.21716147504684305,PRUNED,0:00:11.288690,0.004369018924533226,27,1.3344542692044141
683,0.9903530492897956,PRUNED,0:00:00.473549,0.004606181509259285,52,0.6677703319893964
684,0.004039515423914103,COMPLETE,0:00:27.685394,0.0026575516652195983,26,1.3321417788270635
685,0.3714602568974862,PRUNED,0:00:01.306988,0.00281418908737257,33,1.3941739217759297
686,0.2085097404738898,PRUNED,0:00:14.716938,0.0026662573677890813,17,1.3925324962019672
687,0.3685829308834153,PRUNED,0:00:01.621204,0.006149167149632312,26,1.3633812080193515
688,0.37649686445319464,PRUNED,0:00:02.230470,0.009515320045730103,17,1.3982339100201462
689,0.19553538706122325,PRUNED,0:00:32.975738,0.0023546016161043242,18,1.3958656185310372
690,0.9246276260754249,PRUNED,0:00:00.623184,0.002253608934141023,36,1.375425198459581
691,1.0220339136575562,PRUNED,0:00:00.533058,0.0022130797262004923,42,1.3750292418086145
692,0.9792017295102405,PRUNED,0:00:00.537429,0.0024881356051637826,41,0.9102141649451831
693,0.8962819663582334,PRUNED,0:00:00.585870,0.005394159091908663,41,1.4127816669515023
694,1.0102495455839595,PRUNED,0:00:00.475842,0.005455862524870374,53,1.474686971680808
695,1.0042046660282573,PRUNED,0:00:00.483593,0.005050510872204505,53,1.3302475811331569
696,1.004395951013096,PRUNED,0:00:00.437395,0.005391693365149379,53,1.4074500391575209
697,1.0493063964540996,PRUNED,0:00:00.459877,0.00531312321869146,51,1.4710343982746457
698,0.31932894566758946,PRUNED,0:00:03.771378,0.00815949403590819,16,1.4118708550154586
699,0.31922739472876743,PRUNED,0:00:03.461905,0.0072881551972326,18,1.4173989114328576
700,0.5009224405642652,PRUNED,0:00:02.288399,0.008548965700756448,18,1.3955400065812085
701,0.32152028681611167,PRUNED,0:00:03.123869,0.007551887793233787,19,1.1649846291970603
702,0.3084577083671126,PRUNED,0:00:03.228930,0.007301867114101251,18,1.1616810601701688
703,0.324471508614395,PRUNED,0:00:02.339826,0.007303791311360747,28,1.2524869267312566
704,0.00532636493203377,COMPLETE,0:00:29.465420,0.002727330454691494,28,0.5402094141628844
705,0.36391987859343106,PRUNED,0:00:01.401513,0.0026906197799376782,31,1.425295734710217
706,0.3614353799046232,PRUNED,0:00:01.457287,0.0028108086308672336,31,1.3461336441610636
707,0.3611093553471136,PRUNED,0:00:01.555579,0.0027954828693553457,29,1.3418758184614412
708,0.3599485077966864,PRUNED,0:00:01.839585,0.0025937314365772094,31,1.3456098253534734
709,0.004141380128041897,COMPLETE,0:00:32.254253,0.004254451473112419,24,0.5497654898502347
710,0.49665502801428746,PRUNED,0:00:01.490836,0.016641311067023875,47,0.5414559890335862
711,0.005155864045730839,COMPLETE,0:00:34.536618,0.00437939400922767,24,0.5494463590011196
712,1.774674089966117,PRUNED,0:00:01.204578,3.7382697644978444e-05,25,1.3866720022395544
713,0.30821205447636435,PRUNED,0:00:03.322841,0.00423337890387476,24,1.3901159834902432
714,0.3052938680039413,PRUNED,0:00:03.272993,0.004313969174819515,24,1.315252945556919
715,0.2377256631319012,PRUNED,0:00:05.998101,0.0041835259197575735,23,1.4499465648293455
716,1.0707936338583628,PRUNED,0:00:00.667087,0.001987000340297653,43,1.3044634315293486
717,0.26258739837627304,PRUNED,0:00:02.542861,0.004407147571057184,37,0.5590144681279254
718,0.36921957674725303,PRUNED,0:00:01.350766,0.004169782156400199,37,1.4386074754835723
719,0.3010759693506646,PRUNED,0:00:03.159357,0.0042416224260311015,22,1.3330765419189825
720,0.24837228022515773,PRUNED,0:00:05.073634,0.004507189938712457,23,1.317988109496384
721,0.004878728744337521,COMPLETE,0:00:36.379937,0.003350814309826321,22,1.2865874562104098
722,1.7580532713295662,PRUNED,0:00:01.106710,6.951399086267577e-05,22,1.3190101738219406
723,0.190673660142582,PRUNED,0:00:26.161464,0.0033738975371390644,27,1.3007630149471738
724,0.22411251762853468,PRUNED,0:00:14.661427,0.0033270570840668564,14,1.3129383594307755
725,0.004866087014297926,COMPLETE,0:00:49.982962,0.0033976996464812775,15,0.7702267761974655
726,0.23616328654081925,PRUNED,0:00:05.436053,0.003251696576974674,28,1.311580329443993
727,0.20875677136847606,PRUNED,0:00:11.836875,0.005812896324559575,31,1.033368993427116
728,0.004120496907650678,COMPLETE,0:00:24.191721,0.0059922681313755045,33,0.5219628768578288
729,0.29694443893811057,PRUNED,0:00:02.169032,0.005920085916257839,34,1.2735995431280926
730,1.3543747569385327,PRUNED,0:00:00.264209,0.006436996536955518,170,0.5291267581073813
731,0.009798188451831995,COMPLETE,0:00:28.584354,0.005956562690386459,32,0.5760279522256015
732,0.2969939092795054,PRUNED,0:00:01.993039,0.006030317187194967,33,0.5644827096617451
733,0.30759310625975406,PRUNED,0:00:02.328275,0.010659297825674699,32,0.5547727688449162
734,0.3048519443220167,PRUNED,0:00:02.301171,0.0035614060431229527,32,0.5220963845740135
735,0.3180134947909865,PRUNED,0:00:02.341749,0.01041774507790009,30,0.5310262093711448
736,0.23414741437029996,PRUNED,0:00:03.532823,0.005311009141920458,42,0.58877155491565
737,0.8988162427191522,PRUNED,0:00:00.651931,0.005275951150450426,41,1.479426024054456
738,0.00590945672765609,COMPLETE,0:00:21.064677,0.005011914875678611,43,0.5814153337939955
739,1.7811344321127291,PRUNED,0:00:00.430696,1.6910880867381097e-05,60,0.5207093894094811
740,0.006540458540991202,COMPLETE,0:00:31.131150,0.004735215154705687,27,0.562516358593052
741,0.22887239578040505,PRUNED,0:00:10.687351,0.004709459707789401,26,0.5941985858531854
742,0.9499600468760859,PRUNED,0:00:00.563480,0.003691601820252128,47,0.5667394652289605
743,0.2517406953779679,PRUNED,0:00:03.461716,0.0046949803934231045,36,0.528116936428392
744,0.2905964076894672,PRUNED,0:00:02.502155,0.0064887595740513665,27,0.5704037001825745
745,0.2484679335485334,PRUNED,0:00:04.158760,0.006078177426541698,28,0.6153476265797816
746,0.2667144962362737,PRUNED,0:00:02.672073,0.003888677305312947,36,0.5816203699903209
747,0.29348841694922284,PRUNED,0:00:02.098815,0.003773488625367868,37,0.5784851760584641
748,0.22613561739524204,PRUNED,0:00:03.875933,0.004968130208024346,43,0.54808695982473
749,0.3029389431387741,PRUNED,0:00:01.892148,0.003047240146200049,40,0.5187908743715415
750,0.9581233240775208,PRUNED,0:00:00.561814,0.013247347455834137,48,1.3331175195374783
751,0.3038005855698023,PRUNED,0:00:03.689074,0.0030128815507673777,20,1.1277314045987041
752,0.2302602578222362,PRUNED,0:00:07.501764,0.004690782868779413,21,1.0936726049105396
753,0.005561123082436684,COMPLETE,0:00:23.921517,0.006090666071906301,33,0.501817349153419
754,0.30517400738108097,PRUNED,0:00:02.010625,0.008558656383433106,34,0.5385849150118429
755,0.3057102175859305,PRUNED,0:00:02.247246,0.008622054747024942,33,0.5370046434632665
756,0.30745403639119656,PRUNED,0:00:02.194963,0.009014279174505944,32,0.5035315723048318
757,0.3051819289140856,PRUNED,0:00:02.676933,0.007224207625791106,26,0.5184762047444146
758,0.24701512179204396,PRUNED,0:00:04.959258,0.006743803805270867,27,0.5003159076912491
759,0.2911131764471772,PRUNED,0:00:02.819535,0.0069707856823174735,26,0.5082565262634459
760,0.2981876938783822,PRUNED,0:00:02.588989,0.006880682918971615,27,0.5209443723426281
761,0.2933338466127949,PRUNED,0:00:02.051144,0.006503609333624333,38,0.555038561356742
762,1.7799912348560902,PRUNED,0:00:00.772757,1.0353700799845954e-06,37,0.7666793540513925
763,0.2924836347500483,PRUNED,0:00:02.008397,0.006133233447693453,39,0.5389868521874571
764,0.005853041349764414,COMPLETE,0:00:21.986190,0.006399020154654834,39,0.5013623963869214
765,0.30231681312575487,PRUNED,0:00:02.133141,0.0058209440402935365,39,0.5478652954119256
766,0.006105241349438765,COMPLETE,0:00:37.527478,0.004027782072998443,19,0.5407764111726567
767,1.7660561248437683,PRUNED,0:00:00.560194,0.00011169485072740008,48,0.5516559786232518
768,0.2905123078304788,PRUNED,0:00:03.221358,0.004697698831649294,20,0.5328920491412126
769,0.49849117024344686,PRUNED,0:00:02.363035,0.011328763650117271,20,0.5399967747653497
770,0.2461076577991442,PRUNED,0:00:05.201377,0.004507868644607738,21,0.5262400580368978
771,0.429302893725096,PRUNED,0:00:02.198053,0.011158991363520181,21,0.5216717199559631
772,0.2988454428923071,PRUNED,0:00:02.175493,0.004272591099627077,32,1.3501840759101904
773,0.21436854365926522,PRUNED,0:00:06.953568,0.004006157094713968,31,1.3536967357356775
774,1.5301114783358218,PRUNED,0:00:00.691429,0.06233436084278426,32,1.3494995246334498
775,0.2318866145438873,PRUNED,0:00:04.164917,0.004006043524327555,31,1.3567806378009473
776,0.3551409899980038,PRUNED,0:00:01.161864,0.003835723091409167,45,0.8091739753943186
777,1.0341504110048896,PRUNED,0:00:00.549696,0.003812543208182193,44,1.3294478017851101
778,0.006151969789321998,COMPLETE,0:00:28.997670,0.0030242952385998285,28,0.6485383242603571
779,0.22812110010696493,PRUNED,0:00:05.393942,0.008669723430503214,28,0.5047552252704063
780,0.3646360254440552,PRUNED,0:00:01.394331,0.002901321994085148,33,1.3596163561598373
781,0.2092641044793458,PRUNED,0:00:07.458854,0.005493776330908023,37,0.502106563218729
782,0.366177463153405,PRUNED,0:00:03.815235,0.008941195655045682,16,1.3001446208316165
783,0.36240609178485955,PRUNED,0:00:02.867818,0.009020709724523143,14,1.1866481387860817
784,0.2647829420160298,PRUNED,0:00:11.271095,0.0052650408031742575,16,0.8853864271090077
785,0.9121164045799738,PRUNED,0:00:00.652701,0.0024077826126471503,37,0.6307667260405673
786,0.23380003763890977,PRUNED,0:00:05.171468,0.0055615288756178235,24,0.9978478902089857
787,0.2635467949428447,PRUNED,0:00:03.351724,0.005193626615421994,25,1.21898627282837
788,0.8976618864151261,PRUNED,0:00:00.597639,0.003099543188472247,40,1.2620475106365734
789,0.006240652267743334,COMPLETE,0:00:30.237106,0.005372481696177632,24,0.7219745283146388
790,0.2587929200913225,PRUNED,0:00:03.687804,0.0030557387046725704,23,0.9266119289629235
791,1.725144694100565,PRUNED,0:00:00.500078,0.0002423308768479668,48,1.3312243815674474
792,0.005179961269584537,COMPLETE,0:00:28.424951,0.003084960538520155,24,0.7209279097216423
793,1.0809934004493382,PRUNED,0:00:00.439942,0.0029938647266394636,56,1.3724329102481394
794,0.3049825842863594,PRUNED,0:00:04.269587,0.0020998049872605028,14,1.060296474335577
795,0.004645447785948553,COMPLETE,0:00:19.662592,0.0037204656314983797,42,0.7231699755549401
796,1.7805625661182019,PRUNED,0:00:01.584409,2.1011407370809848e-06,13,1.044669387669691
797,1.0474573828776677,PRUNED,0:00:00.558318,0.0021286560530152793,43,1.3196929272132916
798,0.2372064937715945,PRUNED,0:00:04.710708,0.0037114317212712748,28,1.2921460280228387
799,0.9602368214767273,PRUNED,0:00:00.556736,0.0036768932876812674,44,1.2890845106528663
800,0.007049680425179976,COMPLETE,0:00:28.755926,0.003669959019406325,27,0.7221067155069283
801,0.2910109150248605,PRUNED,0:00:02.267953,0.0037444353098814247,29,0.7244223869510635
802,0.2897361251254561,PRUNED,0:00:01.995267,0.007532361937322397,34,0.6954998572340686
803,0.36504636356688064,PRUNED,0:00:01.304650,0.002641500104066246,35,0.8336504706461701
804,1.0364984220774598,PRUNED,0:00:00.537684,0.004733458967805137,50,1.3321125103516032
805,0.23230841602772884,PRUNED,0:00:05.720256,0.0028679081562009343,22,1.3757327907772918
806,0.2705352498415094,PRUNED,0:00:04.082702,0.004639951934234477,20,1.3711757553989705
807,0.0051171168210306815,COMPLETE,0:00:27.058691,0.0029856973941389535,26,0.648045080978768
808,0.2060065338244805,PRUNED,0:00:22.969347,0.007450931856294076,26,0.5442726228626424
809,0.30012783435258,PRUNED,0:00:01.767063,0.006865201955842309,39,0.5402969183862891
810,0.35307192396560994,PRUNED,0:00:01.729278,0.004559476043920768,25,1.3436449037614595
811,0.005502817521268226,COMPLETE,0:00:28.925553,0.0024440945424537655,25,1.3576470092498192
812,0.8951984357250773,PRUNED,0:00:00.680200,0.0023397289203658197,35,0.5700156636914794
813,0.3743236090140368,PRUNED,0:00:01.369628,0.0024854873187905406,34,0.5703785242692961
814,0.24937671284342922,PRUNED,0:00:03.749545,0.005463107522140041,30,0.5231354038650903
815,1.2049175353200585,PRUNED,0:00:00.798998,0.037616266482264425,29,0.5228456453306354
816,0.25890749420470266,PRUNED,0:00:03.610948,0.0055870563176592175,24,1.3659547533574612
817,0.9602448023966889,PRUNED,0:00:00.529003,0.007304396866186331,48,1.0898433758642112
818,0.29677893054574284,PRUNED,0:00:02.799144,0.004678475980287908,24,1.112556498562582
819,0.2301347243486258,PRUNED,0:00:08.248424,0.0034277347792681942,17,1.35686778289047
820,0.9388285410252346,PRUNED,0:00:00.612862,0.003285748629127084,41,1.3398491598871953
821,0.21869661787120753,PRUNED,0:00:10.423164,0.003587473530510814,17,1.3449841055273868
822,0.26283079224131095,PRUNED,0:00:04.826545,0.004327123765559652,17,1.4254089044237666
823,0.21309594246519714,PRUNED,0:00:11.666019,0.0038555729719941347,18,1.0124435779391432
824,0.4073783852930727,PRUNED,0:00:01.291794,0.01355557298783835,37,1.3617339022787547
825,0.4840771072065299,PRUNED,0:00:03.208499,0.007872522883377952,13,1.3854842693661487
826,0.31873219267197467,PRUNED,0:00:04.722666,0.00785101403096186,13,0.6011412267785623
827,0.2962944801173993,PRUNED,0:00:02.049852,0.0077972960957009094,32,1.3853409670930874
828,1.144954002180765,PRUNED,0:00:00.465130,0.0022228588970454777,50,0.6045252522538446
829,1.2052491775944703,PRUNED,0:00:00.478414,0.001897128421320346,55,1.442862314665254
830,1.0703535302825595,PRUNED,0:00:00.457857,0.006036334245977988,56,1.3256733080840641
831,0.9576996820021982,PRUNED,0:00:00.595979,0.006180090160157138,44,1.4082559167180604
832,0.3550564606470623,PRUNED,0:00:01.247822,0.009869980887175679,37,0.6688686698631974
833,0.005709133770547709,COMPLETE,0:00:18.075398,0.004683457783961978,42,1.2408239225303848
834,0.36165561989919676,PRUNED,0:00:01.190239,0.009819966888944957,38,0.5508490997688488
835,0.36198836701134074,PRUNED,0:00:01.417954,0.0027575310511539983,31,1.0107203046064048
836,3.0731915353009334,PRUNED,0:00:00.750466,0.09564409585224465,31,1.307232812865259
837,0.36742345272348476,PRUNED,0:00:01.384478,0.0026504321461058985,31,1.0215147529168704
838,0.3640070319939882,PRUNED,0:00:01.346299,0.0026377319410919556,33,1.2369407192194783
839,0.23578828130012902,PRUNED,0:00:04.720847,0.004636300192706655,33,1.4190894663543576
840,0.9205922102616504,PRUNED,0:00:00.540654,0.0048240570943529635,42,1.4564409703657235
841,0.2755110079751295,PRUNED,0:00:02.100591,0.004874707126929878,42,0.5001121880730761
842,0.23046601879531922,PRUNED,0:00:03.641854,0.004496405650284028,35,1.4230871611469766
843,0.9984401178943527,PRUNED,0:00:00.544225,0.004615192601000047,45,1.4177125788197225
844,0.2260705865189141,PRUNED,0:00:07.014555,0.004659429240227668,21,0.9194361653485035
845,0.25089996312957963,PRUNED,0:00:04.824378,0.00469492911012466,21,1.3733052671239172
846,1.0026451307146445,PRUNED,0:00:00.639383,0.0018446596838276772,35,1.3775661338341327
847,0.21561251936200398,PRUNED,0:00:13.240996,0.004223764043720159,21,1.396445799441257
848,0.3019429876104645,PRUNED,0:00:02.983216,0.00632751549882039,20,0.9193067997633357
849,0.29749789491573475,PRUNED,0:00:03.153231,0.005999971924970906,20,0.521548005573108
850,0.26637464951764367,PRUNED,0:00:07.519647,0.0035669480578650525,10,0.9173964223600705
851,0.23254919663224727,PRUNED,0:00:10.280458,0.003311968307413019,11,1.4999413479705732
852,0.29267690194076335,PRUNED,0:00:01.756695,0.0036313255478032888,38,0.5238219576412836
853,0.2946598060417509,PRUNED,0:00:05.929720,0.0034811666258139774,10,1.4977590956370623
854,1.0921523216547389,PRUNED,0:00:00.488948,0.00360122227261093,49,1.399291061127429
855,0.23664354968037624,PRUNED,0:00:13.268555,0.003325194778647009,12,1.1504139253853212
856,0.22940294645402742,PRUNED,0:00:06.724652,0.003224157698313402,28,1.3276833113328543
857,0.9852404345636783,PRUNED,0:00:00.776795,0.0020607087940693004,28,1.4449103090888504
858,0.24743758370210459,PRUNED,0:00:03.594304,0.005970626517713127,29,1.2715487191319015
859,0.8821831479217067,PRUNED,0:00:00.591109,0.006196647568714137,39,1.3186344510785495
860,1.6911425611247186,PRUNED,0:00:00.792910,0.0001668693782550115,28,1.2707688453569357
861,0.35516436102690996,PRUNED,0:00:01.442351,0.0030752422180541777,29,1.1422292973404373
862,1.0534134485425741,PRUNED,0:00:00.528495,0.0029782898280897854,47,1.3340217486775585
863,1.0246203599231585,PRUNED,0:00:00.529581,0.0026598539789283618,46,1.400888667291032
864,0.350875194305959,PRUNED,0:00:01.317017,0.005801660614285127,35,1.4695431459021573
865,0.23456232079669184,PRUNED,0:00:03.645153,0.005522272699741628,35,0.9457397381299365
866,0.31769271365002444,PRUNED,0:00:01.915886,0.005657402209532657,35,1.4708146118265104
867,0.21764702742269054,PRUNED,0:00:05.493740,0.006166685186550398,38,0.5624190182052601
868,0.2516835412091535,PRUNED,0:00:03.015103,0.006479929904317027,35,0.5580837436844037
869,0.5025988836651263,PRUNED,0:00:01.244926,0.011598961833734163,35,1.466287115960446
870,1.130606504047618,PRUNED,0:00:00.413908,0.007797510777668971,63,1.3513909464089238
871,0.2887521578229113,PRUNED,0:00:04.074421,0.0017124857161192318,15,1.2987642659347611
872,0.22235837017199886,PRUNED,0:00:10.304955,0.0022300808307058376,16,1.1933263481511074
873,0.006854285170136332,COMPLETE,0:00:40.911745,0.0022594682129513863,16,0.5672151164485218
874,1.642607481248917,PRUNED,0:00:00.193585,0.0021334864997745026,212,0.551947305915224
875,0.2365908630370834,PRUNED,0:00:08.438564,0.003963661176068154,14,1.303197090219541
876,0.3096757260943527,PRUNED,0:00:02.552790,0.004235474854269959,24,1.43614194527245
877,0.0044038421194776,COMPLETE,0:00:39.234986,0.0041128161925717945,17,0.5008619893543742
878,0.3064931271863835,PRUNED,0:00:02.797638,0.00422097236335019,23,1.4328742161005386
879,0.004051438432478635,COMPLETE,0:00:17.924395,0.004073361481109219,42,1.2032076225708475
880,1.0018977423508961,PRUNED,0:00:00.539596,0.0023959747442222103,42,1.1965629146614023
881,0.0039469441631435585,COMPLETE,0:00:27.079686,0.004204813405972317,25,0.500989969537634
882,0.9895097756570623,PRUNED,0:00:00.489439,0.009373492281233032,50,1.3735806627997027
883,0.006302873938991144,COMPLETE,0:00:45.325942,0.003910272661641065,17,0.5212971398073181
884,0.25114884346974076,PRUNED,0:00:23.205776,0.0026156583437146417,4,0.5222566329721621
885,0.29144492634507113,PRUNED,0:00:02.190938,0.003974439266586359,30,0.8752879215611338
886,1.5099454953752716,PRUNED,0:00:00.186494,0.004896034010370879,225,0.9826526444698268
887,0.9174696899903049,PRUNED,0:00:00.576744,0.0028069405744870083,41,0.6268781587173717
888,0.3626062950039652,PRUNED,0:00:01.751536,0.007902621199996593,25,0.5221712297465226
889,0.2436353041564826,PRUNED,0:00:05.354809,0.003559644593871754,20,1.3855160643349018
890,1.0360425635546195,PRUNED,0:00:00.422996,0.007300349245613973,54,1.1115605394082213
891,0.9660871946072394,PRUNED,0:00:00.457626,0.005144297347840689,50,1.2079485284747753
892,1.779762984116872,PRUNED,0:00:00.512429,1.0813214225070842e-05,43,1.1305545143692737
893,0.9383994236366072,PRUNED,0:00:00.468150,0.005367113749482076,48,1.16193462165305
894,1.7793915480166882,PRUNED,0:00:00.499555,2.1824099117800508e-05,45,1.3187993542357022
895,0.0063429553011658335,COMPLETE,0:00:17.718490,0.004125667617684474,42,1.050450856587626
896,0.8726534502072768,PRUNED,0:00:00.559370,0.0029117211663105204,39,0.5096611603110469
897,1.7801402707432592,PRUNED,0:00:00.707230,7.54827449642094e-06,30,0.5344947627168986
898,1.1179685788076432,PRUNED,0:00:00.449816,0.004081499055144764,53,1.0647819119849813
899,1.0372392845968914,PRUNED,0:00:00.431915,0.0037480743888418443,55,0.5185499047961198
900,0.26487809475164237,PRUNED,0:00:02.152406,0.004049821564573999,40,0.500436314536051
901,0.26405745059807106,PRUNED,0:00:02.285777,0.004024678390493872,40,1.1724821067925335
902,0.008637851197680457,COMPLETE,0:00:28.371296,0.0047974286988675995,31,0.5240232511023348
903,0.21089783135371712,PRUNED,0:00:10.713149,0.004990141257731455,31,1.0750228442676502
904,1.081018343977972,PRUNED,0:00:00.427955,0.004971284996370699,59,1.0808923267595747
905,0.26718595221235947,PRUNED,0:00:04.362778,0.0031619027012701768,29,0.5272616504969726
906,0.35876556385808916,PRUNED,0:00:01.303094,0.0030393222763773833,32,0.5453769055927803
907,0.3595610692237432,PRUNED,0:00:01.423340,0.0029848852271873137,31,1.103064006497661
908,0.9529543387503759,PRUNED,0:00:00.788215,0.0017395181024480405,26,0.5253107478788299
909,0.875508488616127,PRUNED,0:00:00.893997,0.0018721478583477896,25,0.5020408575366345
910,0.993063029581613,PRUNED,0:00:00.482098,0.004881369988333357,47,1.2201253896195687
911,0.2442957981168723,PRUNED,0:00:03.964395,0.0033096315555894546,27,0.5003631150869523
912,0.35964350483339763,PRUNED,0:00:01.402429,0.0032134255746241085,35,0.521911577315321
913,0.00619233582513787,COMPLETE,0:00:19.649709,0.005225778156109411,45,0.5211648693609688
914,0.005075638612374447,COMPLETE,0:00:18.682018,0.005278363134131885,46,0.5841233121813016
915,0.006050969633851817,COMPLETE,0:00:21.331120,0.0062710359380608646,38,0.5488923102166352
916,0.8856818340458237,PRUNED,0:00:00.553671,0.017297976701264622,45,0.5001298087892498
917,0.35306044504839995,PRUNED,0:00:01.237979,0.006712788450933045,38,1.031521175306163
918,1.464306816458702,PRUNED,0:00:01.028798,0.0002942827444749094,22,0.5408909906964583
919,0.871758236967284,PRUNED,0:00:00.657634,0.0026190273921084433,37,0.5822973805379318
920,0.006642406106557944,COMPLETE,0:00:24.590374,0.005337584477588182,31,0.5394438476854004
921,0.976691291682304,PRUNED,0:00:00.444422,0.006017642359037473,51,1.1271120983279024
922,0.005706061472348449,COMPLETE,0:00:29.220012,0.002534461950325766,23,0.5697749757295197
923,0.35429038873740604,PRUNED,0:00:01.857964,0.002410529403392391,23,1.1508992129283906
924,0.004164262909431472,COMPLETE,0:00:28.750886,0.0037397681325648095,24,0.5324054040613713
925,0.21248672279731307,PRUNED,0:00:06.595318,0.007006144458032279,34,0.5620555497103411
926,0.35514439802903397,PRUNED,0:00:01.328804,0.003751943273662524,33,1.171301659161929
927,0.3014034426011959,PRUNED,0:00:02.395555,0.008617018883300716,27,0.5391662973427749
928,0.3580373016299394,PRUNED,0:00:01.300021,0.0033820152403397463,34,0.5493486257841612
929,0.25695422266239987,PRUNED,0:00:03.768135,0.0021507741706964043,22,0.5603591597012911
930,0.288275461745997,PRUNED,0:00:02.960834,0.0024718158746787912,22,1.1027199204072933
931,0.2348753908035918,PRUNED,0:00:03.436877,0.004322240658487242,40,1.2509141812676916
932,0.0066821716614477765,COMPLETE,0:00:27.862105,0.0043242650028775045,28,0.5384725667628455
933,0.005274217103697063,COMPLETE,0:00:26.382683,0.0038265738005123433,29,0.5157854612188187
934,0.006311097804606727,COMPLETE,0:00:25.226014,0.004043457845715875,28,0.5148185892625801
935,0.25888677232939267,PRUNED,0:00:04.066110,0.0030513817222743173,20,0.5251041338793527
936,0.9941075485244937,PRUNED,0:00:00.823329,0.0015289869146942272,26,0.541021242969247
937,0.26163548337561743,PRUNED,0:00:04.478138,0.003605508081026236,20,0.5355094271810309
938,1.3108091801404953,PRUNED,0:00:00.380156,0.0019573481499130354,70,0.503697901686241
939,0.2867287840141135,PRUNED,0:00:06.249130,0.0028576731496105746,9,0.5114993281117443
940,0.23562059626632728,PRUNED,0:00:13.739486,0.002913801502656079,8,0.5971615691239792
941,0.28822198499734997,PRUNED,0:00:08.659703,0.0028347191118621496,9,0.5824814524221812
942,0.004028105210090786,COMPLETE,0:00:37.157874,0.0030934857749487232,17,0.5926105498039025
943,0.007499145933220019,COMPLETE,0:00:41.140781,0.0035045550019850496,16,0.5971253200413742
944,0.37145266787716624,PRUNED,0:00:02.144841,0.006931016617329166,19,0.5652090692444578
945,0.23120228597927375,PRUNED,0:00:09.360883,0.005100902690285208,19,0.544506849409442
946,1.21681838959187,PRUNED,0:00:00.445506,0.02821644011286788,58,0.5505207398151534
947,0.9663649731212192,PRUNED,0:00:00.470265,0.005216384790358435,51,0.5251871862636676
948,0.005413360186199225,COMPLETE,0:00:27.445957,0.0034782743454874806,24,0.5034094567891729
949,0.24909867423205723,PRUNED,0:00:06.727594,0.0016302233785146238,13,0.5769087810822146
950,0.2435817928449345,PRUNED,0:00:06.634107,0.0019145470516627094,13,0.6026738464608576
951,0.00642837260547763,COMPLETE,0:00:40.275613,0.002114891175862961,13,0.6142902877411185
952,0.2895477274377671,PRUNED,0:00:02.568481,0.0025928866594654956,19,0.6298503857667079
953,0.005044422309982394,COMPLETE,0:00:39.623327,0.002229621988633565,15,0.5666371109212527
954,0.26304795412037535,PRUNED,0:00:05.055166,0.0021570892344535126,13,0.6203399543435713
955,0.3480372907327754,PRUNED,0:00:01.588582,0.0025657428375194745,23,0.5877433684089425
956,0.2272662714916785,PRUNED,0:00:06.658977,0.0022859997094911515,18,0.5739120196200705
957,0.24302752163367877,PRUNED,0:00:26.780309,0.002939507365872152,4,0.5650946503771567
958,0.319386038682804,PRUNED,0:00:10.188984,0.003197659745855245,5,0.559840121941747
959,0.29761033340224197,PRUNED,0:00:02.513902,0.003164454911499356,23,0.5447860445750818
960,0.25785347816080856,PRUNED,0:00:22.865522,0.0033188891199624586,4,0.5548197047007488
961,0.2571255991816038,PRUNED,0:00:02.819478,0.0037609910463540373,26,0.5533997171315959
962,0.00413892953991134,COMPLETE,0:00:24.480323,0.004320303304255315,25,0.5000740390579901
963,0.004062812911940727,COMPLETE,0:00:26.076168,0.0044270225430701245,24,0.5340610314487279
964,0.29697664745664787,PRUNED,0:00:02.384579,0.010154635454844015,26,0.500314222819363
965,1.4942154545410007,PRUNED,0:00:01.137790,0.00021170349118376452,18,0.5295154400806603
966,0.2295365552284888,PRUNED,0:00:04.986037,0.0041732600633145895,23,0.5305320927813382
967,1.007285013275953,PRUNED,0:00:00.601190,0.0015753515983767691,32,0.5187244477485772
968,0.28637903452188046,PRUNED,0:00:01.904417,0.004771523023128544,29,0.5112650414817663
969,0.3498085626626607,PRUNED,0:00:01.677272,0.0025799739299686925,20,0.5187573242487564
970,0.004035819259145955,COMPLETE,0:00:27.061865,0.0029134547422210977,20,0.5324229982719341
971,0.28311624008567393,PRUNED,0:00:02.629269,0.003957784536507871,18,0.5349175185001838
972,0.29291500301908424,PRUNED,0:00:01.958505,0.002988681098595289,25,0.50280590729094
973,0.006659210229634642,COMPLETE,0:00:23.429069,0.0037734184680532656,25,0.5330612546390955
974,0.29101932036287304,PRUNED,0:00:04.264652,0.002079968468246238,12,0.5423947455189674
975,0.29210955393848137,PRUNED,0:00:04.151727,0.002018876908887021,12,0.5565567777146964
976,0.35239579202375604,PRUNED,0:00:02.273616,0.0016272281024798788,16,0.5901414480787563
977,0.23636668818022208,PRUNED,0:00:06.147819,0.002498843383872041,17,0.5496216347464913
978,0.004127527037806399,COMPLETE,0:00:30.235170,0.0025175261265805247,20,0.5790259075819287
979,0.24185166208475245,PRUNED,0:00:04.178077,0.0025797627318617593,21,0.5724419334034486
980,0.2831485238563907,PRUNED,0:00:01.909837,0.0032733882767027795,29,0.5874448274674079
981,0.3584023407924964,PRUNED,0:00:01.458821,0.0027362466295866553,25,0.5306345819080803
982,0.26232283126742434,PRUNED,0:00:06.679467,0.003228467411722319,10,0.5704003153548571
983,0.005779233280490056,COMPLETE,0:00:21.522318,0.004536736447500721,29,0.5006992577712875
984,0.36595329892271744,PRUNED,0:00:02.614246,0.0015972465103571663,14,0.5914361181181955
985,0.8573279614455601,PRUNED,0:00:01.022066,0.0017442265786822523,19,0.6003611906136957
986,0.35939467848228984,PRUNED,0:00:01.976704,0.001983210698657441,19,0.623228093133716
987,0.34233117727588874,PRUNED,0:00:03.832090,0.0014768225822941348,9,0.5757031900682191
988,0.289977603897392,PRUNED,0:00:04.040810,0.002339679963321176,13,0.613743190051543
989,0.24818894362099742,PRUNED,0:00:06.478000,0.0021845214076156006,13,0.6087421317339332
990,0.22667949202453128,PRUNED,0:00:06.446645,0.0020441377425628017,20,0.5493857520503619
991,0.2610340683325513,PRUNED,0:00:03.251103,0.002591676807721925,22,0.5791983589561118
992,0.2865137042962525,PRUNED,0:00:02.546441,0.002534824106216175,22,0.5646699405697667
993,0.23032439887931902,PRUNED,0:00:12.403420,0.002746414173704742,8,0.5648676628224499
994,0.8860329328039985,PRUNED,0:00:01.138286,0.001370736412299909,16,0.558887841707153
995,0.004565428901209413,COMPLETE,0:00:23.162441,0.0029646008849710855,26,0.5387478550554972
996,0.8874717339206097,PRUNED,0:00:00.777090,0.0017886001934446004,24,0.5375423711679146
997,0.007037910078085398,COMPLETE,0:00:33.253094,0.0034358294808774707,17,0.5968718886846042
998,0.005586474065922329,COMPLETE,0:00:22.532337,0.003119402233689905,26,0.5857753095094006
999,0.004758912021287029,COMPLETE,0:00:54.768306,0.0021317053418623334,9,0.5230261479441479
