trial_number,value,state,duration,lr,batch_size,layer1_size,layer2_size,layer3_size,lambda1_metaweight
0,0.00390773409313295,COMPLETE,0:01:25.246386,0.005601076301918448,6,46,38,45,0.5296538395021666
1,0.023231551528435326,COMPLETE,0:00:07.885425,7.1999873755072086e-06,212,29,28,34,1.494645554073442
2,0.01014898309768886,COMPLETE,0:00:09.200421,5.738733968162517e-05,176,45,20,32,0.673467113339009
3,0.02282662095031474,COMPLETE,0:00:12.461332,5.563555671104421e-06,80,49,55,27,1.362022051510435
4,0.013602941406265145,COMPLETE,0:00:09.854759,7.376678859940493e-05,215,32,44,32,0.9000720998963475
5,0.00907430229539463,COMPLETE,0:00:11.079688,5.186695656391064e-05,96,46,35,56,0.9773308271177162
6,0.004994391319839614,COMPLETE,0:01:27.201660,0.002266513701952785,6,39,28,28,0.9700107627206942
7,0.0052697572368977106,COMPLETE,0:00:09.169550,0.001206464799934472,129,25,39,45,1.2388480381519358
8,0.007436437894248424,COMPLETE,0:00:09.688781,0.00014374107522104854,163,39,59,46,1.1018529578480774
9,0.005569213910950536,COMPLETE,0:00:10.280381,0.0009928617203827064,95,60,50,30,1.4033955427404654
10,0.005002051361913266,COMPLETE,0:00:38.752554,0.0004221246301740269,14,26,47,53,1.2477773355775825
11,0.005147765288529553,COMPLETE,0:00:13.376819,0.0004994318634354227,63,31,28,21,0.8942003819978986
12,0.005103392271932243,COMPLETE,0:00:08.195665,0.007391871765075972,148,56,34,41,1.0957501482630074
13,0.005943893520897183,COMPLETE,0:00:11.917458,0.0002646435764500232,77,47,24,33,1.2112276764290228
14,1.7888835430145265,PRUNED,0:00:00.195368,1.700676759844688e-06,164,50,32,47,1.3330928718736101
15,1.7853327920471413,PRUNED,0:00:00.261376,1.3667335132464692e-05,94,55,44,50,0.5664816926753456
16,1.781532918965375,PRUNED,0:00:00.155744,8.06873061856298e-05,242,24,57,35,1.4899475575999137
17,0.0037272499691371405,COMPLETE,0:01:58.300710,0.0034234759801000793,4,22,49,21,1.1508686637787182
18,0.004575340232479343,COMPLETE,0:01:09.854891,0.005577159182545119,7,58,38,20,1.1542770261839335
19,1.1569480137712151,PRUNED,0:00:08.067446,0.0339085607339657,19,20,38,20,1.1575932242846814
20,0.007578506113910914,COMPLETE,0:00:25.442040,0.041440694063109164,24,37,24,20,0.778313917768288
21,3.9008975540789987,PRUNED,0:00:27.373755,0.022959915981610676,4,36,30,22,0.8220958575622433
22,1.1514530746560347,PRUNED,0:00:10.251806,0.016305946788239007,26,37,29,40,0.818854618988163
23,0.004680066190523029,COMPLETE,0:00:14.969994,0.004256310721139851,47,33,25,21,0.8053636058842385
24,0.004607895315499284,COMPLETE,0:00:09.030432,0.0030437523053194024,127,60,49,58,1.0619294000852606
25,0.005108513674422546,COMPLETE,0:00:08.242004,0.004855633209736597,139,60,48,58,1.0643712836071133
26,0.004876566957505507,COMPLETE,0:00:08.427616,0.0043897934849998245,134,55,47,60,1.0790006363792373
27,0.00436487226447564,COMPLETE,0:00:13.709916,0.0037273014461385473,49,27,49,59,1.0112889015706512
28,0.004629711159191812,COMPLETE,0:00:13.650976,0.0035513194290425413,53,26,34,53,0.9890994110476363
29,0.004899143194014735,COMPLETE,0:00:15.092953,0.0032974567213082903,49,42,52,53,0.9864510437171603
30,0.004776050026205948,COMPLETE,0:00:09.645144,0.0028527400323427087,119,54,53,60,1.0215624294781436
31,0.00426091577494481,COMPLETE,0:00:14.183038,0.0025612262433067795,50,43,53,54,0.9771172446619008
32,91.66080996661044,PRUNED,0:00:00.411287,0.08055937704430963,48,42,52,54,0.9618951886254822
33,0.005096969529911505,COMPLETE,0:00:15.784622,0.0018598798639858697,48,33,42,50,0.5997320185672712
34,0.004948060014671497,COMPLETE,0:00:15.543490,0.001590056229431405,49,20,43,52,0.9133132041306385
35,1.5267537505395952,PRUNED,0:00:00.262087,0.0011939206730777676,104,20,43,50,0.9063625600843317
36,0.6404466208289651,PRUNED,0:00:00.498083,0.01180468188317401,194,30,42,56,0.6954544693497587
37,0.004472228051201883,COMPLETE,0:00:11.722245,0.0016937015613528112,70,28,37,50,1.156366674667007
38,0.004702210583720275,COMPLETE,0:00:12.578707,0.0018010684680095758,64,27,60,50,1.1636049840812088
39,0.005204725759720766,COMPLETE,0:00:13.188660,0.002052196577585536,68,29,55,50,1.1731399774667703
40,0.00458005978521973,COMPLETE,0:00:19.977698,0.0014824737148083338,33,43,36,43,0.5599642613520178
41,0.3174976990442371,PRUNED,0:00:04.748746,0.009510699321679599,32,43,37,43,0.6832900958037748
42,1.5661255595358936,PRUNED,0:00:00.323926,0.0006605390397582592,73,42,38,44,0.5012275889212897
43,0.004911778714027035,COMPLETE,0:00:19.030006,0.009784348498015905,34,51,55,48,1.166811335797837
44,0.005155307544231459,COMPLETE,0:00:22.179197,0.011186459718208142,28,28,55,48,1.1623353449580316
45,0.4787536163569829,PRUNED,0:00:01.612878,0.010147067297025684,36,51,56,48,1.2925512156548782
46,1.7539785382698994,PRUNED,0:00:00.342580,0.00019527153094023287,66,44,36,37,1.1431349732418843
47,1.7506328051288922,PRUNED,0:00:00.370496,0.00021530529986372028,67,45,40,36,1.1834099851216207
48,0.0047370128654461285,COMPLETE,0:00:54.123588,0.0008703991727731668,9,28,40,24,1.163836145557142
49,0.005085418508249128,COMPLETE,0:00:44.122029,0.0009000672638096812,12,28,59,24,1.2801766855185708
50,0.0050833069513992,COMPLETE,0:01:02.579025,0.0006469916124673741,8,48,46,25,0.7386520415103105
51,0.0046821594650992265,COMPLETE,0:00:40.829765,0.006325124216571699,13,39,46,56,1.2507680950777138
52,0.004905102935473646,COMPLETE,0:00:42.600542,0.0007656117709660024,13,23,45,56,1.252432579615641
53,0.3645373278422587,PRUNED,0:00:05.510486,0.0007351499830470051,12,47,33,25,1.249922451657459
54,0.3776157520303171,PRUNED,0:00:06.239949,0.0007110864497384556,11,23,45,26,1.2905630026013166
55,0.005142919779673811,COMPLETE,0:00:10.380787,0.006055473319215651,81,23,45,56,1.0318346110884697
56,0.004783040103729645,COMPLETE,0:00:10.822084,0.00544713290750539,86,58,41,56,1.4116072817006697
57,0.5122594797611236,PRUNED,0:00:00.800854,0.018751226917130288,86,40,40,39,0.7391883810834581
58,0.004251885060293994,COMPLETE,0:00:17.454803,0.0013606420005846565,36,40,36,42,0.6181223891452506
59,1.5036529651760349,PRUNED,0:00:00.558879,0.0003859632882928856,38,48,31,42,0.5875839248415063
60,0.004110875582677643,COMPLETE,0:02:06.392775,0.0009991862544616228,4,35,36,45,0.5011782532529427
61,0.004680289819618064,COMPLETE,0:00:24.834482,0.0012279234560907584,25,35,37,45,0.5223949759648199
62,1.22571561586996,PRUNED,0:00:03.208294,0.03466775231411673,5,23,51,46,1.1262653055812089
63,1.1617929144622454,PRUNED,0:00:01.697787,0.029702604372807268,21,22,50,29,1.1072673685819925
64,0.004273679111769615,COMPLETE,0:00:31.575153,0.0023714622759824504,18,35,39,29,1.213792847750004
65,0.004989466302175907,COMPLETE,0:00:13.802825,0.002261028237228976,59,32,34,31,0.6301106435342754
66,1.5572159569542687,PRUNED,0:00:00.380250,0.0005181426643609951,58,36,34,32,0.502853239760996
67,1.2537290686267917,PRUNED,0:00:00.258297,0.0026487423425335214,109,25,49,38,0.8642030809000529
68,0.2225199366474281,PRUNED,0:00:15.458577,0.0011036371255209079,20,34,38,22,1.2110829867697093
69,1.239506585582806,PRUNED,0:00:00.478259,0.001164712187398864,41,34,37,41,0.6440980716719868
70,0.004489288983116535,COMPLETE,0:00:26.747136,0.002417533020598178,22,53,39,22,1.2208270843552775
71,0.004406499761433779,COMPLETE,0:00:27.017832,0.003945387114572049,22,31,38,22,1.2048240137079396
72,1.7816179052217682,PRUNED,0:00:00.808948,1.1912689189102704e-05,24,50,38,58,1.2159580632319829
73,0.00488847574783305,COMPLETE,0:00:16.428394,0.0035192888259539647,42,35,36,22,0.9415515198311772
74,0.004746779848586591,COMPLETE,0:00:28.188998,0.004083256638114688,20,53,53,52,0.9403242434294343
75,0.4598969302925409,PRUNED,0:00:01.445488,0.01555926192819517,42,52,53,45,0.947680499959749
76,1.5243334812777383,PRUNED,0:00:00.176624,0.003918311460690219,235,57,32,54,1.0388844159151243
77,0.26735849913444604,PRUNED,0:00:05.218177,0.0072689344250552014,29,21,36,52,0.5453173004278136
78,0.30329269612276993,PRUNED,0:00:05.078305,0.0074573731329357395,34,45,35,43,0.5579611179187234
79,1.261836504234987,PRUNED,0:00:00.425529,0.0014932126038811491,54,53,35,42,0.5618628616705762
80,0.0044688007450447076,COMPLETE,0:00:31.536404,0.002915971505060512,18,41,39,43,1.3478093262620572
81,0.004472323626562637,COMPLETE,0:00:29.317104,0.003299228924878508,19,38,39,40,0.8636554139417214
82,1.666580251285008,PRUNED,0:00:00.991091,9.566593472599833e-05,18,41,39,46,0.6040693029613613
83,0.004273668798386336,COMPLETE,0:00:30.477974,0.00230840913602511,18,41,42,28,1.3494586907304238
84,0.004613077191523266,COMPLETE,0:01:58.616525,0.00221742506021487,4,38,20,20,1.1200360822219937
85,1.4716431955958522,PRUNED,0:00:00.223094,0.002420974517092704,150,31,42,34,1.1994325913587411
86,0.004339800534613025,COMPLETE,0:01:54.928657,0.004519161203475554,4,37,53,27,1.3467468727916514
87,0.0040336098879717045,COMPLETE,0:01:39.611993,0.0032191315531369673,5,30,48,59,1.3529128850711005
88,0.004335212588464406,COMPLETE,0:01:57.503784,0.0027069189825806514,4,30,39,27,1.3205907751124655
89,0.005220228685630094,COMPLETE,0:01:35.864627,0.0018280646308188073,5,38,41,29,1.330921670007085
90,0.2574337643009048,PRUNED,0:00:05.034788,0.004679235587039392,29,25,43,27,1.3724420622045368
91,1.1840115177047836,PRUNED,0:00:00.462931,0.0018522472041574726,45,29,41,59,1.3285659021903728
92,0.46317985700269415,PRUNED,0:00:19.607826,0.008115558207617517,4,31,41,49,1.4652825423728988
93,1.795954803192749,PRUNED,0:00:03.793123,2.6527558470355418e-06,4,40,48,23,1.3354580760536334
94,0.004102747290296853,COMPLETE,0:00:34.576805,0.0029740195006448954,15,38,41,29,1.462785830810457
95,0.5384705876977882,PRUNED,0:00:03.224130,0.013175168247939746,16,46,20,29,1.397452533506319
96,1.7784198923271244,PRUNED,0:00:00.396733,3.661350309955719e-05,54,38,50,27,1.321432295796873
97,1.5399407498976763,PRUNED,0:00:00.182917,0.0025566972957103344,194,43,58,35,1.0852157967318559
98,0.4773086415625167,PRUNED,0:00:01.031834,0.00154176733706786,37,41,33,20,1.4381982958309467
99,0.0051016723263701755,COMPLETE,0:00:21.801585,0.005454292132570234,27,26,37,39,1.3083242792683742
100,0.25105201945356703,PRUNED,0:00:05.666916,0.005145154547046116,28,38,44,30,1.3664985508755305
101,0.004589055372805079,COMPLETE,0:00:36.555198,0.002917038429984301,14,44,39,28,1.4730012144035232
102,0.004628816496283906,COMPLETE,0:00:35.500195,0.003151208938368059,15,41,42,33,1.4745600941765664
103,1.0512467675594668,PRUNED,0:00:01.734076,0.0002962463744214868,10,37,54,26,1.4909278363609657
104,1.106556681888317,PRUNED,0:00:01.470493,0.0004734539792947539,12,39,35,33,1.1165435682592846
105,0.0048440396510502325,COMPLETE,0:00:20.534585,0.001852126886854407,33,33,47,21,1.2693862744748141
106,0.004421596662671819,COMPLETE,0:01:02.374580,0.001000009828935901,8,44,49,59,1.449176604804842
107,0.004563273706819405,COMPLETE,0:02:04.334820,0.0013028794418075054,4,44,48,59,0.5290624051889676
108,0.004824158267522308,COMPLETE,0:00:59.389829,0.003889964955886017,8,36,44,57,1.4304201024925796
109,0.004828267146299302,COMPLETE,0:01:01.303974,0.001399567458022103,8,36,48,60,1.4241199027935205
110,0.004039490135891435,COMPLETE,0:01:55.616774,0.0012475641629654712,4,36,51,60,1.3841454828505766
111,0.0043213849271392145,COMPLETE,0:01:00.920746,0.0013733456070630407,8,36,52,59,1.4181237151770474
112,0.3330413487111153,PRUNED,0:00:05.313187,0.0013073492125142275,9,36,51,57,1.4177063557909908
113,0.9456337835306323,PRUNED,0:00:00.752131,0.0009575627219764403,25,35,56,60,0.5212157789250129
114,0.4280324435945767,PRUNED,0:00:02.124777,0.00862860067013276,16,40,46,59,1.3726274591696905
115,0.24705118409433618,PRUNED,0:00:14.087776,0.0062013374096737345,9,37,49,28,1.3918358351314915
116,0.004667921709760287,COMPLETE,0:00:54.366885,0.006090798960065467,9,37,52,31,1.3902865910090303
117,0.0038612908553830594,COMPLETE,0:00:54.870926,0.0041416831693488155,9,42,52,31,1.4388206788437707
118,0.004938749351070922,COMPLETE,0:00:36.475326,0.004531979796449773,15,27,52,30,1.0145962434870213
119,0.004162905523569134,COMPLETE,0:00:34.949325,0.0048097676972115805,15,30,48,30,1.3032009996732155
120,0.24202646040797826,PRUNED,0:00:08.569375,0.004749787023833213,16,27,54,30,1.2992096353199718
121,0.004371896377196146,COMPLETE,0:00:33.872497,0.0021396650426150805,16,34,51,31,1.3947243193269523
122,1.1537619429091885,PRUNED,0:00:00.824897,0.0005856880006444261,22,34,52,26,1.4000799072414543
123,0.8410764657534086,PRUNED,0:00:00.639109,0.0023111483355417496,31,32,52,31,1.346711607801175
124,0.39738402569945525,PRUNED,0:00:02.627679,0.0008539309275246598,13,39,40,25,1.3831075493863105
125,0.004313909686353234,COMPLETE,0:00:37.116540,0.0020408845949803724,14,39,40,25,1.2738200148613843
126,0.21119412140392546,PRUNED,0:00:11.368399,0.0020052796746124393,24,42,51,54,0.5326969663526877
127,0.20740863558437142,PRUNED,0:00:11.640070,0.0020150104259934005,23,42,51,55,0.5851203864950472
128,0.0037869765007153503,COMPLETE,0:02:01.222215,0.003123475913422512,4,42,54,28,1.3483780278912452
129,0.25927309413321065,PRUNED,0:00:24.191985,0.0031202027388325935,4,40,53,28,1.4589609399921393
130,0.29395750601439785,PRUNED,0:00:03.682762,0.003163121070864029,19,30,50,29,1.265449748098718
131,0.257415954555784,PRUNED,0:00:05.746698,0.003153429024363873,18,40,48,32,1.2707186783202702
132,1.0466206207419886,PRUNED,0:00:00.520429,0.0014234890201160028,39,46,54,28,0.6473610609322824
133,0.39221105274072915,PRUNED,0:00:01.238762,0.002745993855294382,30,43,48,24,1.4580826108252736
134,0.003968423055927788,COMPLETE,0:00:38.908421,0.0076507944300246164,13,33,36,41,1.3145377515294374
135,0.004670513854685454,COMPLETE,0:01:58.977332,0.0011777034242834254,4,33,36,44,1.2357558795162675
136,0.0042271513445864125,COMPLETE,0:01:57.951010,0.003778201471496315,4,32,36,42,0.5083748735204446
137,1.141235666710939,PRUNED,0:00:01.377616,0.0003726887091576538,12,39,43,44,1.2279802136278835
138,0.004547413788579709,COMPLETE,0:01:34.900109,0.0011706998683067224,5,32,40,28,1.3152260620356964
139,0.9143966034597714,PRUNED,0:00:00.729851,0.0011173741574428168,26,30,40,47,1.3010913343810775
140,0.004901413722584138,COMPLETE,0:00:47.777231,0.006723571082726086,11,44,38,25,1.3586432689021486
141,0.004658563741105651,COMPLETE,0:00:43.078847,0.0015822116278807559,13,32,38,25,1.3154792711715804
142,0.3770415159124954,PRUNED,0:00:01.621038,0.0017283208285974335,21,32,50,58,1.356012593455854
143,0.2974919956623859,PRUNED,0:00:04.613821,0.003764459022083868,14,35,37,51,1.4949858006445442
144,0.2903697164856816,PRUNED,0:00:05.800206,0.007115526298747171,11,39,47,57,1.184924820614589
145,1.1247771776730742,PRUNED,0:00:00.585081,0.0007248256625191235,32,42,38,42,0.7094439314923582
146,0.8720134769142027,PRUNED,0:00:00.909437,0.0010993139799815187,19,41,41,45,1.240440151599831
147,0.2555720944161693,PRUNED,0:00:08.622085,0.0024234565763172245,11,36,36,26,0.5005906167141558
148,0.29444893077595236,PRUNED,0:00:06.346695,0.011546791594645485,10,33,35,41,1.4157213366356032
149,0.4741692177172917,PRUNED,0:00:01.452239,0.009082492454232432,24,33,34,41,1.3103793312876753
150,0.7951284382982748,PRUNED,0:00:01.759669,0.012025075537001396,9,35,36,39,1.4174264598542436
151,0.004239452590614834,COMPLETE,0:00:31.071663,0.005490084827752682,17,34,36,38,1.2816716009735458
152,0.24381167765091113,PRUNED,0:00:09.193057,0.0053455649186223446,18,38,37,40,1.2832296293452992
153,0.9289717214263004,PRUNED,0:00:00.553078,0.0016554584028684247,35,34,33,37,0.7931749297390063
154,1.1422563073811707,PRUNED,0:00:00.229224,0.003922651384360549,121,43,55,30,1.3512566209410497
155,0.37205676689911005,PRUNED,0:00:07.532230,0.0073214143094045316,4,37,38,58,1.443885415198091
156,1.1855824907929982,PRUNED,0:00:03.418361,0.018056007909322408,5,35,50,44,1.3712378753508587
157,0.8652068572005762,PRUNED,0:00:00.745485,0.020379776965741798,26,37,49,44,1.436098162406747
158,0.00620472384661573,COMPLETE,0:01:34.606510,0.0025588896896537243,5,29,39,44,1.3269750004433454
159,0.005020683590575916,COMPLETE,0:02:01.780036,0.002442012273692287,4,29,40,27,1.329758385096898
160,0.004677781870845036,COMPLETE,0:00:35.611480,0.0026281458671879383,16,30,40,27,1.3228947396614665
161,0.25409313788016635,PRUNED,0:00:05.928782,0.004701095937401212,17,47,36,37,1.252276159287189
162,0.0037902856144634896,COMPLETE,0:00:32.980074,0.0035773118642685228,16,36,35,60,1.2940617602805786
163,0.0051249479419958185,COMPLETE,0:00:27.502105,0.003574588672181573,22,36,35,29,1.2896815798310681
164,0.00418293367610446,COMPLETE,0:00:25.902665,0.0038297801061177718,23,41,54,34,1.3441200836881024
165,0.00427158863166565,COMPLETE,0:00:26.054552,0.003981018147472445,22,45,54,29,1.2756339512584574
166,1.4629084849968934,PRUNED,0:00:00.216215,0.0038077815600939717,167,34,34,60,1.286593565739495
167,0.004200321954319975,COMPLETE,0:00:25.462536,0.004844143211919956,22,48,32,33,0.6148648128883722
168,0.0038746316968140413,COMPLETE,0:00:55.646742,0.005356714716612907,9,33,36,42,0.537733063349176
169,0.004353796649393319,COMPLETE,0:00:27.192915,0.0057678899705969145,22,49,35,40,0.5837868183301477
170,1.4633421622789824,PRUNED,0:00:00.184939,0.0057975643455717395,256,45,56,42,0.5072238452915846
171,0.003715051153070744,COMPLETE,0:00:57.246895,0.0044286651008713755,9,31,37,40,0.5739703862596657
172,0.005679540987124171,COMPLETE,0:00:51.446444,0.004842479340129746,10,41,32,35,0.5404270046880728
173,0.004369654363478834,COMPLETE,0:00:21.148626,0.0053310625968187005,29,43,54,34,0.5477824807892895
174,0.2517775054853242,PRUNED,0:00:03.793888,0.005361958528344888,29,42,27,34,0.5373552795561554
175,0.2460657039031326,PRUNED,0:00:08.724897,0.008353828723085767,13,50,31,32,0.626673255821921
176,0.26392140685051096,PRUNED,0:00:10.588236,0.008624836539515712,9,41,30,35,0.603617538615339
177,0.004043596049164692,COMPLETE,0:00:53.868986,0.004242925848088261,9,29,33,35,0.5458514568776138
178,0.004984893054223758,COMPLETE,0:00:54.150364,0.004201501255910098,9,46,55,35,0.848582553816992
179,0.005940711598802749,COMPLETE,0:00:53.237562,0.004340911851269786,9,45,55,35,0.61344608142991
180,0.7163913807058646,PRUNED,0:00:00.870636,0.004657415771460249,21,46,57,38,0.6682015766236244
181,0.7747338785864841,PRUNED,0:00:00.531152,0.0033891347460800877,37,48,33,33,0.5723275955647827
182,0.3048589095172022,PRUNED,0:00:04.861315,0.004282174766537413,10,45,54,31,0.5243186962374126
183,0.5245852439484119,PRUNED,0:00:05.535660,0.006846758772224611,15,31,55,47,1.3809709874943077
184,0.3509092141850656,PRUNED,0:00:01.367207,0.0033003909458618865,27,47,53,42,0.8512652370370077
185,0.004197714740997476,COMPLETE,0:00:55.517767,0.004321770792811991,9,44,32,32,1.3405388011564168
186,0.004420423320957967,COMPLETE,0:00:55.941599,0.007065924333567152,9,33,32,43,0.5612674336682946
187,0.24588202088050645,PRUNED,0:00:23.579084,0.002965293892309444,4,33,35,43,0.5637871560736246
188,0.004313853728544243,COMPLETE,0:00:38.483936,0.004241826487108234,14,34,37,43,0.5704066202364156
189,0.38553155754126756,PRUNED,0:00:02.463670,0.010508434579319784,14,33,37,41,0.5506394170257706
190,0.2505192970799034,PRUNED,0:00:12.339130,0.00647981751568265,8,31,35,38,0.5785521230283782
191,0.1907680378192001,PRUNED,0:00:19.135964,0.0040721042062688,17,34,37,39,0.5157776905237463
192,0.936095270706492,PRUNED,0:00:03.574423,0.01501928432758598,9,32,34,36,0.6087692152338862
193,0.34914294511794003,PRUNED,0:00:02.434873,0.014277658202476845,14,30,34,32,0.5175486243668348
194,0.2765132504165488,PRUNED,0:00:04.026875,0.0076761725414319715,17,32,34,39,0.5053242150540287
195,0.004184702660656642,COMPLETE,0:00:32.994726,0.007380528182230701,17,31,31,39,0.6181304651941449
196,0.004024683541170208,COMPLETE,0:00:30.730436,0.006713900824869038,18,28,31,40,0.5152231839287357
197,0.005290677562334096,COMPLETE,0:00:29.922955,0.006831570740165537,18,34,31,33,0.5498831815243717
198,1.1922483645952664,PRUNED,0:00:00.270820,0.0033344931871225458,100,31,36,41,1.0509914538859748
199,0.004201294256668857,COMPLETE,0:00:33.982081,0.005786830414850419,16,28,37,33,0.5652557407730805
200,0.21401634213386797,PRUNED,0:00:13.111175,0.005976870506742252,14,29,32,40,0.5518103682436853
201,0.252614805370495,PRUNED,0:00:21.010727,0.005799975269674297,4,24,33,40,0.5558117977079943
202,0.005488627671550131,COMPLETE,0:01:01.144663,0.0058447195813423145,8,21,31,33,1.342310129487468
203,0.2966798872618494,PRUNED,0:00:11.945947,0.005837423693693706,4,29,30,33,1.3398823345699755
204,0.004388157476353134,COMPLETE,0:00:29.934743,0.005441169739659138,19,35,31,33,1.349795210530968
205,0.3256638996618548,PRUNED,0:00:07.773915,0.009890063002827547,4,31,30,33,0.5333867537586824
206,0.4755727536280455,PRUNED,0:00:07.554677,0.009392458911370789,4,31,29,32,0.5320526251749035
207,0.33437834967711794,PRUNED,0:00:04.047397,0.00955023628712023,8,28,30,32,0.5304268807706862
208,0.6831849545055295,PRUNED,0:00:00.894199,0.0095946749573421,20,31,30,38,0.5239792253632993
209,0.004912746871621606,COMPLETE,0:00:45.580421,0.005017975995310217,11,28,33,40,0.53803360110705
210,0.004317861888896171,COMPLETE,0:00:43.435812,0.009742228374331722,12,28,31,36,0.5361806211507841
211,0.27493351353193396,PRUNED,0:00:05.354708,0.009963246140099895,12,28,32,32,0.595582281391695
212,0.2516201360345776,PRUNED,0:00:06.889929,0.0031502895000944946,12,27,29,31,0.5031179211613372
213,0.0051067136284751995,COMPLETE,0:00:48.161785,0.0034615556822583863,10,26,32,36,0.5873329452142366
214,0.004644630686093458,COMPLETE,0:00:45.195574,0.0032785623187215366,11,27,32,31,0.5834186331967424
215,0.7577204444046531,PRUNED,0:00:00.792999,0.003411670824445285,23,21,31,34,0.5005200530026633
216,1.3333773450417952,PRUNED,0:00:00.189613,0.004873735151923347,197,27,33,31,1.3622853403744197
217,0.004383550625025865,COMPLETE,0:00:45.575981,0.003029410085552235,11,30,31,36,0.5805388179802519
218,0.30166272923392073,PRUNED,0:00:02.907647,0.0048974672845629496,18,28,36,41,0.5867622568731058
219,0.2972654348878718,PRUNED,0:00:04.145440,0.00772082116883607,12,30,32,36,1.305849890108482
220,0.6556015386736604,PRUNED,0:00:00.922872,0.005149637967648218,19,29,37,39,1.350754073873728
221,0.004822036900120189,COMPLETE,0:00:46.379062,0.003736167034129545,11,32,36,37,1.3409335887402214
222,0.004688618209207596,COMPLETE,0:00:57.847265,0.0037249164221573685,9,32,35,30,0.5706398429383023
223,0.2563840214678696,PRUNED,0:00:08.338650,0.003775003269194183,10,26,36,30,1.4735825182932987
224,0.6860472995947308,PRUNED,0:00:00.740300,0.003753445408250081,25,30,36,60,1.3788226535210475
225,1.354726359896038,PRUNED,0:00:00.218210,0.0028983008973264258,140,32,35,30,0.6510163170192643
226,0.2672500757090666,PRUNED,0:00:04.701722,0.004197280371068877,14,32,36,40,1.2963505426278246
227,0.003955050929042664,COMPLETE,0:00:35.564932,0.0073097660542147756,15,26,37,34,0.5787282995879867
228,0.004452876691934127,COMPLETE,0:00:33.636659,0.004057707297284925,16,26,36,42,0.6019959774680483
229,12.99006004163197,PRUNED,0:00:00.785490,0.084402526232557,23,40,38,42,1.4760459299592745
230,0.19328907172045998,PRUNED,0:00:34.538440,0.006958057825472852,8,26,36,42,0.6274089316957154
231,0.6687446876808449,PRUNED,0:00:01.006675,0.007266515822160256,17,30,36,42,0.6359540758351295
232,0.2963204744552809,PRUNED,0:00:03.149981,0.007174131812148977,17,42,37,42,0.6281633132964098
233,0.004482862714778695,COMPLETE,0:00:33.012678,0.0024499185087660433,16,35,37,41,0.6261071508625997
234,0.3828274718906781,PRUNED,0:00:07.899109,0.006417578100928874,4,42,46,41,1.1408215753401474
235,0.004024986439196385,COMPLETE,0:02:02.699098,0.002516553299450931,4,48,35,37,1.3250924971136966
236,0.7721559834387516,PRUNED,0:00:00.748906,0.0023005631813753946,25,35,35,37,0.6153634448911106
237,0.26708473640947533,PRUNED,0:00:08.202351,0.004636985179568687,8,48,34,34,1.331752267320921
238,0.8115430881197636,PRUNED,0:00:00.652173,0.00259432263879656,31,49,51,59,0.760511631202786
239,0.004712837565084082,COMPLETE,0:00:33.833688,0.00453787817946114,16,44,52,34,0.670159212800241
240,0.6496403744787126,PRUNED,0:00:01.129431,0.002124651783200296,16,44,53,49,0.5631602856783391
241,0.6335680275623288,PRUNED,0:00:00.817056,0.004649234284578448,23,40,52,60,0.5192485791142474
242,0.004218683230123406,COMPLETE,0:01:57.980780,0.0027363028649537574,4,43,53,39,1.3083309919075317
243,0.004825577924633579,COMPLETE,0:02:05.040454,0.002727045112007102,4,43,53,39,0.9201389009302267
244,0.003960421762496779,COMPLETE,0:00:33.492826,0.0063330178409989725,16,29,38,34,0.6178271189360823
245,0.2975792042781195,PRUNED,0:00:06.838739,0.006282218270941107,7,29,37,34,1.305872427980193
246,0.1876181269813779,PRUNED,0:01:17.855695,0.005595116482129296,4,29,37,34,0.659216645190023
247,0.2924847301412252,PRUNED,0:00:02.421486,0.006086409108938746,21,29,38,38,1.3147452687712955
248,1.303852484483796,PRUNED,0:00:03.907355,0.054369004884777666,4,43,53,34,0.6629238101980185
249,0.0050683318267588364,COMPLETE,0:00:37.681227,0.004968332795492408,14,41,53,46,0.5457959042142662
250,0.0038738525583575985,COMPLETE,0:00:32.553445,0.004835250068506003,16,43,47,39,0.5563428108749309
251,0.004810670689885402,COMPLETE,0:02:00.504464,0.0028128265798745182,4,24,47,58,0.5495860195694365
252,0.3294982467749104,PRUNED,0:00:01.792161,0.005295084873892192,20,30,38,35,0.5502358230987453
253,0.0042075523254083425,COMPLETE,0:00:36.507351,0.007390760267620335,14,33,47,33,0.5981248380588287
254,0.3619334636041022,PRUNED,0:00:02.309715,0.007924712376978432,14,24,48,39,0.5700945137411915
255,0.0037920416491216725,COMPLETE,0:01:54.264135,0.005614407673527753,4,33,47,39,0.5200693493561137
256,0.3180189767103192,PRUNED,0:00:07.677724,0.008411267156854238,4,33,47,40,0.5187857557638766
257,0.29653484312119255,PRUNED,0:00:05.878270,0.005380047792327411,8,31,49,33,0.5016513616003045
258,0.29509269469273014,PRUNED,0:00:02.592757,0.01216441184102553,20,43,38,39,1.3682886839600066
259,1.3223068179630557,PRUNED,0:00:01.282213,0.00024034244377578657,13,28,47,38,0.6035724301360922
260,0.3199715478455319,PRUNED,0:00:01.345441,0.006359676212515503,27,29,49,32,0.5565015350992933
261,0.26177717785201365,PRUNED,0:00:15.136460,0.004318720060865295,4,31,50,33,0.5255213285872139
262,0.0037781103271505227,COMPLETE,0:01:01.155997,0.004279765368175095,8,31,48,33,0.5946531312492148
263,0.2844950024466388,PRUNED,0:00:05.204383,0.008048103726461036,9,33,46,32,0.5824262876990453
264,1.326921216830486,PRUNED,0:00:01.813743,0.00016601000915449936,9,33,47,31,0.597767051476578
265,0.31876800794471133,PRUNED,0:00:02.572970,0.008076200724144509,13,30,47,32,1.4027977546017147
266,0.00421231510725468,COMPLETE,0:00:36.491733,0.003003105633513522,14,42,48,33,0.5410094332343833
267,0.6647305708695082,PRUNED,0:00:00.851514,0.0029226777556261864,21,47,45,33,0.5579751100052731
268,0.2114597228827023,PRUNED,0:00:11.337845,0.0037957757984223273,13,36,48,35,0.5362284258665493
269,0.9631860728227495,PRUNED,0:00:01.284256,0.011906560909513442,14,49,48,35,1.3254114024219468
270,0.294010648561292,PRUNED,0:00:05.467259,0.0028751689966546624,9,36,33,35,1.3986652915488007
271,0.28314385339524945,PRUNED,0:00:05.926441,0.00295798399954146,8,47,33,34,1.3625365326185106
272,0.6415673110072744,PRUNED,0:00:00.841987,0.006389822139216918,22,22,50,34,1.365009818182236
273,0.7483587956150218,PRUNED,0:00:00.747918,0.006435812033848941,25,48,49,60,1.4488909071094611
274,0.7028756910095028,PRUNED,0:00:01.027784,0.0046654001904506215,18,48,49,23,1.4365220073687714
275,0.20941749096862852,PRUNED,0:00:09.137306,0.004542089368330446,17,25,39,37,0.6086164894144872
276,0.6354276189552154,PRUNED,0:00:01.269186,0.0035421270659927433,14,42,38,59,0.6084935069041965
277,0.3348099679905332,PRUNED,0:00:04.153357,0.004777010614824061,8,50,34,30,1.332094496440118
278,0.6946263127133292,PRUNED,0:00:01.007743,0.0019626884224185496,18,28,34,29,0.5755874517204601
279,1.7859964549541474,PRUNED,0:00:00.269368,2.3549154768417033e-05,108,50,39,33,1.3327970750580769
280,0.31615339323855113,PRUNED,0:00:03.256664,0.004398598736178154,10,46,45,32,1.3818292234454903
281,0.19262752057569713,PRUNED,0:00:19.536634,0.004051257997291744,13,29,35,37,1.3802156786271547
282,0.20610842266178858,PRUNED,0:00:11.731570,0.009292331956666428,14,25,35,40,0.548487857499931
283,0.6343423003087874,PRUNED,0:00:00.674414,0.00828499194017528,28,44,51,40,0.893144232130955
284,0.005002992671279747,COMPLETE,0:00:41.983783,0.0035252043048735466,12,37,35,31,1.4975113560814666
285,1.7874645675931657,PRUNED,0:00:00.291379,1.2038220475852136e-06,92,38,35,31,0.5639344087904324
286,0.2843331958540538,PRUNED,0:00:03.976597,0.006783421619283714,13,29,37,37,0.589390964201185
287,0.6167684352281047,PRUNED,0:00:00.858933,0.006964443365548523,21,30,37,36,1.352160766660245
288,1.7793910003279987,PRUNED,0:00:01.538794,3.0881150160036697e-06,11,29,32,58,0.5811824545969811
289,0.34515861622237626,PRUNED,0:00:04.155030,0.011680540299970562,8,37,28,35,1.2868264265275169
290,0.3628566529355934,PRUNED,0:00:03.910029,0.01104910029515891,8,20,29,34,0.5515778535379607
291,0.600444475223559,PRUNED,0:00:00.890258,0.003598164717930476,20,37,38,32,1.2902195825127358
292,0.0038668690188085695,COMPLETE,0:01:00.151855,0.005730525311058581,8,27,35,35,0.6964520124734627
293,0.6131076879736757,PRUNED,0:00:00.720005,0.0054934136246628205,27,27,56,60,0.713152012123102
294,0.5995432484590589,PRUNED,0:00:00.805813,0.005591095770393101,25,31,56,60,0.5255812309631587
295,0.6809369357360178,PRUNED,0:00:00.992258,0.0037560768665020373,18,31,46,45,0.6357729298306535
296,0.2845640851562822,PRUNED,0:00:12.045374,0.004124756066183551,4,41,31,48,1.4960037357479297
297,0.0051776689915320594,COMPLETE,0:01:56.159037,0.002068551348770039,4,41,31,38,1.4950173185084508
298,0.28078379072852033,PRUNED,0:00:11.902942,0.0019221433307580972,4,41,39,48,1.3148891880618436
299,0.20857842943036609,PRUNED,0:00:20.403733,0.0032661000997197915,7,30,32,21,1.0850139837332677
300,0.004015004940541902,COMPLETE,0:01:01.718340,0.0023342671036729245,8,28,50,31,1.3425902821210036
301,0.6480619088858783,PRUNED,0:00:01.864702,0.002200633867136003,9,31,50,29,1.3322626916366471
302,0.9488390829674033,PRUNED,0:00:00.326778,0.005228643484014053,75,30,51,29,1.4148163718762907
303,0.6129535844012135,PRUNED,0:00:01.843464,0.0024271415684962447,9,28,33,38,1.258130468217341
304,0.31982729727981474,PRUNED,0:00:03.786980,0.0033487259976240926,9,46,54,38,1.264782242922766
305,0.2579344118223388,PRUNED,0:00:03.705268,0.0034121460460148933,19,47,37,31,1.4600114131417552
306,0.7010529081221499,PRUNED,0:00:00.908380,0.004766530499855999,21,45,37,31,0.5725046303344491
307,0.7183271081990035,PRUNED,0:00:01.087442,0.0035934752029630427,17,49,49,34,1.3558936436088092
308,1.3513153585894355,PRUNED,0:00:00.195396,0.005433731250534141,225,30,49,21,1.348740889820712
309,0.005594986959709921,COMPLETE,0:00:36.432920,0.004087804183086991,15,27,32,41,0.5182118141666328
310,1.7443596834228152,PRUNED,0:00:00.225178,0.0005964598782056781,153,28,32,41,1.0050882111515544
311,0.7364626921079902,PRUNED,0:00:01.361128,0.0016923463497741057,13,22,34,51,0.5259182382247788
312,0.004390027821535272,COMPLETE,0:01:03.445315,0.006443599583579571,8,32,30,32,0.9755180417040522
313,0.7185050424857017,PRUNED,0:00:00.584544,0.005949931970679076,33,38,35,35,0.9804468950863383
314,1.182476387651109,PRUNED,0:00:01.781502,0.0004244714630237413,12,32,30,40,0.6195253571983488
315,1.4342868736812047,PRUNED,0:00:00.188705,0.004433545229079131,185,35,38,33,1.3007311361942024
316,0.3159210305617477,PRUNED,0:00:01.414295,0.008419879865595977,25,43,33,32,0.562992421532726
317,0.29569414586051185,PRUNED,0:00:02.261029,0.008394710380134625,24,27,36,46,0.5692627548343555
318,0.2797831339972699,PRUNED,0:00:11.633507,0.006136142161798608,4,27,36,36,0.5189342907764184
319,0.3570539411505311,PRUNED,0:00:11.620701,0.006393625191779355,4,31,31,36,1.3917435234642197
320,0.2619873784287632,PRUNED,0:00:15.025981,0.004533850691964583,4,34,48,41,0.5125891676332425
321,0.0043048699759958816,COMPLETE,0:01:57.091397,0.0025677698846452244,4,34,46,39,0.5155552820422147
322,0.25606541887593537,PRUNED,0:00:07.089430,0.004466572263162142,9,34,46,39,0.5025091783658974
323,0.3171392400600329,PRUNED,0:00:03.523050,0.00271109590919519,9,32,48,39,0.5370151095158521
324,0.6068220874007676,PRUNED,0:00:01.828849,0.0022736910740900384,9,32,48,39,0.5367594245434755
325,0.682430299532997,PRUNED,0:00:01.112374,0.002257960792824748,15,36,47,38,1.4266466671642815
326,0.2785588965501661,PRUNED,0:00:03.607863,0.00499417084721004,14,35,50,40,1.319146051305129
327,0.6883768171623901,PRUNED,0:00:01.024523,0.004085287829281726,17,44,44,59,1.3208287159888599
328,0.2909097639405416,PRUNED,0:00:05.742680,0.007332755499982877,8,42,50,40,1.3406250417132608
329,0.20029130547422253,PRUNED,0:00:23.490428,0.007595999253348876,8,42,55,30,0.5014313590793075
330,0.32945568847515216,PRUNED,0:00:16.115082,0.00732867426903686,8,42,46,55,1.3698111920453333
331,0.2659582001520124,PRUNED,0:00:07.766423,0.007503444764657923,8,42,34,30,1.3701682180047867
332,1.2624090446221874,PRUNED,0:00:03.806131,0.00011111411738158496,4,40,34,36,1.364749869478717
333,0.595121923468861,PRUNED,0:00:01.743418,0.0030913487602250715,9,31,52,37,0.6809550628578775
334,0.3152380392516721,PRUNED,0:00:02.884087,0.007407487312193916,11,39,22,30,0.5399533400990576
335,0.29254085629027926,PRUNED,0:00:11.488901,0.00981816901281183,4,39,57,35,0.5899666313137105
336,0.7911877603784426,PRUNED,0:00:01.338839,0.0007949116211806814,12,33,55,38,0.5046939337225623
337,0.3327591531303425,PRUNED,0:00:07.482162,0.009582952845678441,4,29,35,35,1.1963947972162994
338,0.004698050416920986,COMPLETE,0:01:59.429979,0.0017516629063449008,4,29,49,35,1.1868526096604923
339,0.3203809974183923,PRUNED,0:00:08.125892,0.0015235060507202056,4,29,50,28,0.5879315951490126
340,0.7088699797037936,PRUNED,0:00:00.947665,0.003254280285083007,18,28,51,43,0.5266509227719066
341,1.4929550300944936,PRUNED,0:00:00.236683,0.001454094887460932,118,29,49,45,0.5948034704571272
342,0.22041761383474598,PRUNED,0:00:08.631982,0.002545505638854929,13,30,49,28,1.4078908549277667
343,0.5955722698798547,PRUNED,0:00:01.282857,0.0021225183799521217,13,25,51,28,1.4546641616781546
344,0.7770371974552449,PRUNED,0:00:01.085957,0.002029008415213187,16,26,50,41,1.4076345475106105
345,1.0163936789571886,PRUNED,0:00:00.940509,0.01458835379304866,19,29,49,59,1.4041434416847662
346,0.20698679882976226,PRUNED,0:00:10.622560,0.002819499306986477,14,30,48,23,1.3064319646416664
347,0.004201577729470683,COMPLETE,0:01:57.216101,0.0017367240984133851,4,28,50,39,1.062509643101727
348,0.6138594790026244,PRUNED,0:00:01.337262,0.00535309513501231,13,30,48,37,1.2974987637014888
349,0.6426754788635602,PRUNED,0:00:00.886221,0.002752169322114101,21,36,36,39,0.5507884123872099
350,0.2076625442966374,PRUNED,0:00:12.474288,0.002775660573085934,12,23,52,40,1.340654473276502
351,0.659707324767885,PRUNED,0:00:01.397935,0.0016862083709998697,13,28,52,40,0.6520953270896644
352,0.31724684756426585,PRUNED,0:00:01.952548,0.0037207185369771433,17,26,37,40,0.6410243350305166
353,0.004688967916467528,COMPLETE,0:02:03.039973,0.0034805284141502537,4,34,36,34,1.0667834692521136
354,0.9840205058831126,PRUNED,0:00:01.771820,0.00032141441396987445,9,33,39,36,1.3215554224411634
355,0.26396354137552186,PRUNED,0:00:14.916117,0.003074986577049393,4,35,36,47,0.7309794640144835
356,0.7215905826385707,PRUNED,0:00:00.818807,0.005326461909900355,22,27,27,34,1.0647065655062349
357,0.7856024345046705,PRUNED,0:00:01.982188,0.0009947935613909182,8,34,47,60,0.5511878581828539
358,1.7601726245597975,PRUNED,0:00:00.942307,4.913972628383442e-05,19,35,36,39,1.4759193710886345
359,0.005224172816622674,COMPLETE,0:01:56.207620,0.0035177434819481062,4,23,54,29,0.7120531114870522
360,0.004524930187082127,COMPLETE,0:02:01.087626,0.0038478227345494923,4,31,54,34,0.7573416943858319
361,1.4053870551288128,PRUNED,0:00:00.182612,0.003868197903003178,203,31,35,20,0.8043137597282786
362,0.6399029511958361,PRUNED,0:00:00.616544,0.005633737336529314,31,28,54,34,0.5275401779187249
363,0.27909107575399494,PRUNED,0:00:11.162192,0.004518239309599954,4,40,38,57,1.2821011084427718
364,0.004321971327266952,COMPLETE,0:00:52.556219,0.0036848073358085563,9,52,51,38,0.556949960750619
365,0.6709551292457687,PRUNED,0:00:00.769584,0.0035624340868590913,24,32,34,35,1.141096654773174
366,0.004776981192147856,COMPLETE,0:00:48.343033,0.005669038021565181,10,31,41,29,1.387576641713578
367,0.22837636517743543,PRUNED,0:00:08.729427,0.005867327841397369,11,27,51,29,1.4404092156548112
368,0.31332194304497785,PRUNED,0:00:01.995369,0.012068300385188037,17,30,37,36,1.3839019089857214
369,0.19341308697687454,PRUNED,0:00:14.766379,0.004273878708909919,16,51,37,41,0.5573140917997517
370,0.004231227955398885,COMPLETE,0:00:33.190245,0.0036945962851660332,16,36,49,37,0.5654516932995556
371,0.22850100462343179,PRUNED,0:00:05.598206,0.004713691464760692,18,36,39,41,1.349731828811978
372,0.9195277752741328,PRUNED,0:00:00.376750,0.00966177004759295,61,28,35,53,0.5709177507727157
373,0.8018548176819537,PRUNED,0:00:00.698296,0.0017151629530378386,27,22,43,26,0.7660575109288565
374,0.004710093376322142,COMPLETE,0:00:39.190431,0.004312710037784169,13,37,49,44,0.5368572620147593
375,0.29519091100334677,PRUNED,0:00:04.070990,0.006228041579734102,12,29,47,24,0.6910004916470335
376,0.004371748674284798,COMPLETE,0:01:00.679481,0.0032799586279805685,8,38,38,31,0.6093745259313971
377,0.6345102876322727,PRUNED,0:00:00.872526,0.0036185481186899494,22,38,54,30,0.535897120397761
378,0.3285765055493981,PRUNED,0:00:03.681902,0.005042058019240807,9,32,50,59,1.327705484065765
379,0.2826902085355112,PRUNED,0:00:03.465462,0.008818468547080056,15,33,48,37,0.6174367414725717
380,0.005390030767419403,COMPLETE,0:00:35.203791,0.006691144901029976,15,37,38,37,0.6242622897566108
381,0.2584113749135442,PRUNED,0:00:07.360029,0.003137651988807025,9,31,38,34,1.1041572040468242
382,0.2939859560641254,PRUNED,0:00:05.360643,0.006850024835004958,9,30,38,43,0.5203635654410979
383,0.3087799200558499,PRUNED,0:00:01.651874,0.006397348064941202,22,55,36,43,0.5018786111568122
384,0.7267872983161707,PRUNED,0:00:00.921481,0.0024359691170619175,20,37,36,44,1.3568782868766145
385,0.6788906620943594,PRUNED,0:00:01.345037,0.0024085100898487925,13,34,35,44,1.3016288927806334
386,1.2198506208914746,PRUNED,0:00:00.313737,0.00473933641180853,82,27,35,60,1.24176906583272
387,0.3166854155027432,PRUNED,0:00:02.600087,0.004496136085501697,13,31,37,33,0.5882003157434218
388,0.6184084418675174,PRUNED,0:00:00.690277,0.004646773099426077,28,31,47,31,0.5912211817265751
389,0.004974713231706368,COMPLETE,0:01:02.667393,0.003048181590652225,8,41,45,33,0.5383085977803381
390,0.3091902598571866,PRUNED,0:00:02.880800,0.00788469816713288,12,41,37,42,0.5402150537223653
391,0.2732656764895169,PRUNED,0:00:04.104168,0.008598910994043266,12,41,34,27,0.5361636650919298
392,0.8084608159688007,PRUNED,0:00:03.625242,0.008042913377543641,9,40,34,49,1.0304550112400348
393,0.310396027915618,PRUNED,0:00:02.053857,0.010778067740559545,18,33,45,35,1.2726265982141876
394,0.7910358734737487,PRUNED,0:00:00.945473,0.001325927834012441,19,59,45,30,1.273945418631284
395,0.8473826782042239,PRUNED,0:00:01.008630,0.0013382688380121162,18,25,40,30,1.270553692303996
396,0.8375093195564258,PRUNED,0:00:00.897178,0.0013249216229530801,20,30,45,38,1.334714015212229
397,0.6992630775072681,PRUNED,0:00:00.825723,0.006036644067097084,24,30,57,36,1.3398781348267705
398,1.7839170071591182,PRUNED,0:00:01.815954,8.789581854897636e-06,9,25,48,38,1.3129628712226757
399,0.3178892654562798,PRUNED,0:00:03.929227,0.006240806667768177,8,30,48,58,1.337368580926973
400,0.5912463998289809,PRUNED,0:00:02.012245,0.0029142008272779974,8,29,48,40,1.3151441453531751
401,0.3158069614733884,PRUNED,0:00:04.215042,0.0030805530042961647,8,29,52,46,1.466843602886417
402,1.4581804611744025,PRUNED,0:00:00.216312,0.00295879792880506,167,38,48,40,1.3140760534880644
403,0.27373714902778046,PRUNED,0:00:06.206135,0.005522651223841133,8,29,52,39,0.5727323877455988
404,0.003740794488541211,COMPLETE,0:01:00.263385,0.005596395182089345,8,26,29,58,0.5737332064936694
405,0.9024571346375214,PRUNED,0:00:01.142926,0.024099445355221353,15,32,29,51,1.3681141791018618
406,0.2808460776008675,PRUNED,0:00:05.841977,0.005763944404829994,8,28,53,58,1.4310680085186331
407,0.7262286452359932,PRUNED,0:00:00.639208,0.005277237875683735,30,26,50,41,1.4296592653716216
408,0.7179903962590672,PRUNED,0:00:00.685963,0.0053210914415381255,29,26,53,31,1.4285487447975045
409,1.4347770543808633,PRUNED,0:00:00.243011,0.0022377958785895456,137,28,53,32,0.6315752786166581
410,0.6609674681038845,PRUNED,0:00:01.162576,0.005600002522910899,15,39,33,31,0.574405151200956
411,1.179986178355539,PRUNED,0:00:01.288329,0.015170375526560049,14,35,51,60,0.6144252702544801
412,0.6131452530585368,PRUNED,0:00:03.920253,0.0009310719464442613,4,33,38,59,0.5148589736621746
413,0.45530602284434574,PRUNED,0:00:08.145655,0.006627982197196889,4,27,35,35,0.8266667596528287
414,0.17731609776532592,PRUNED,0:01:55.282633,0.004221468151396183,4,20,39,59,0.500126907506412
415,0.6910148056718065,PRUNED,0:00:03.800256,0.000561663602813584,4,43,36,35,0.8295239840395852
416,1.187305283801565,PRUNED,0:00:00.766157,0.0005745114646447895,25,20,35,35,0.6055798723019363
417,0.5951629431516516,PRUNED,0:00:00.854838,0.0038450993303189847,21,43,36,42,0.5524855490989433
418,0.625895393050574,PRUNED,0:00:01.218836,0.0020250116634184354,14,32,37,35,1.357855439125846
419,0.31922638280825183,PRUNED,0:00:07.952102,0.00723367616193155,4,27,39,33,1.2185871369041992
420,0.3261125287015552,PRUNED,0:00:02.860466,0.007082480100740312,11,27,39,33,1.1682348600297046
421,0.7062495597151678,PRUNED,0:00:01.445222,0.012127703730362649,12,35,38,37,0.5005332201410142
422,0.22819369534651437,PRUNED,0:00:05.793936,0.004175799281541149,17,34,47,39,1.3860817908018483
423,1.0780393233958712,PRUNED,0:00:00.370906,0.004270392740609691,69,32,49,41,1.224130469478815
424,1.6120158571463366,PRUNED,0:00:00.192169,0.002655688655167619,251,36,46,39,1.3844294635789722
425,0.7387615310308201,PRUNED,0:00:00.898288,0.0026973047839507374,21,36,46,39,0.5498067184430173
426,0.68057839919443,PRUNED,0:00:00.875619,0.009433839916141247,22,41,33,22,0.5278039887402582
427,0.598479066260908,PRUNED,0:00:01.065561,0.0033398090151766113,17,46,33,33,1.2915005514313467
428,0.2734310751055636,PRUNED,0:00:05.675640,0.00429913071103027,9,30,50,32,1.295862522532911
429,0.3190188773004234,PRUNED,0:00:03.992784,0.004411582758721608,8,21,37,32,0.5778272433495725
430,0.31436403882520203,PRUNED,0:00:03.534415,0.003914763693718279,9,30,47,29,0.5727600821293195
431,0.004294108170129601,COMPLETE,0:00:48.090145,0.004724463567041966,10,30,34,29,0.9517556985832399
432,0.27642842235034953,PRUNED,0:00:04.860827,0.004980717033815786,10,24,34,47,0.5189168827982786
433,0.5915888805609586,PRUNED,0:00:01.437691,0.0021476377759862917,12,28,34,34,0.5970158152691601
434,0.6556150318304105,PRUNED,0:00:01.397218,0.0023493197383163142,12,31,51,28,0.5150790485879795
435,0.6033600212799178,PRUNED,0:00:01.076421,0.0030888760681920375,17,31,41,36,0.5240946816114169
436,0.6320598464347978,PRUNED,0:00:01.451872,0.005143400807657946,12,42,43,40,1.3523688294492842
437,0.6358939847013829,PRUNED,0:00:00.761073,0.005153217311955013,25,29,55,40,1.3532152707519627
438,0.6516767294834489,PRUNED,0:00:00.569402,0.009015622105379602,35,33,28,55,0.5461263280839845
439,0.31755782123289855,PRUNED,0:00:03.537011,0.003292151500776104,9,42,36,41,1.329229229808431
440,1.3913651257753372,PRUNED,0:00:00.213825,0.0034356715337324146,180,38,35,27,1.470927182403373
441,0.19424044230238063,PRUNED,0:00:12.265006,0.007644102807941007,18,39,35,27,1.3252027664538075
442,0.4035367721165177,PRUNED,0:00:08.187502,0.00746221729604835,4,40,49,45,0.5585258092019194
443,0.3296041674123309,PRUNED,0:00:11.664101,0.0076977526496742575,4,45,60,60,0.6507516509692038
444,0.6444515840277164,PRUNED,0:00:00.970223,0.007814769783664896,19,39,49,36,1.446628139012854
445,1.2053991675376892,PRUNED,0:00:00.202925,0.010278666209889934,219,48,60,38,0.6548012127049849
446,0.004250729396666604,COMPLETE,0:01:56.598754,0.0017772548827289163,4,40,37,52,0.5677059834957807
447,0.3649613109451753,PRUNED,0:00:03.194761,0.006343825962573184,17,45,58,34,1.399093206767311
448,0.7715159605688123,PRUNED,0:00:00.836646,0.0018049605039815685,24,35,37,30,0.5358197918798271
449,0.27329377605026567,PRUNED,0:00:12.123165,0.0045125492944158435,4,33,50,60,0.9547212828680915
450,0.9533173143863678,PRUNED,0:00:00.475342,0.0025718242785078707,44,33,50,60,0.5905791916189133
451,1.1287937015295029,PRUNED,0:00:00.241394,0.0047095055687739395,125,29,37,42,1.3719449689230663
452,0.6414366525502506,PRUNED,0:00:01.224459,0.0037316230360414054,14,28,36,38,0.501748293827679
453,0.2088242359134655,PRUNED,0:00:15.581147,0.005576995555668645,8,32,51,57,0.949559603325316
454,0.18439189959804564,PRUNED,0:00:54.662747,0.005654402393436523,8,34,40,23,0.8747581856276967
455,0.6882687722019821,PRUNED,0:00:01.346948,0.0025515534896482974,13,32,56,23,0.5487695313410885
456,0.0050352217257252935,COMPLETE,0:00:56.890361,0.00572868495290027,9,30,48,34,0.5668196627225355
457,0.6319849589099623,PRUNED,0:00:00.832604,0.006117487163426531,22,34,52,40,0.5657971304300144
458,0.985808688402176,PRUNED,0:00:00.292068,0.012948678429610457,93,47,48,24,1.2517227744176058
459,0.3073677490432779,PRUNED,0:00:02.404351,0.004148901473540418,15,49,48,50,1.3490998058663943
460,0.9857985276581246,PRUNED,0:00:01.259052,0.0007744777614939903,15,30,40,36,1.3022017169250346
461,0.8147124692149784,PRUNED,0:00:00.687743,0.0037416181254464457,28,31,35,34,1.362259347335565
462,0.8696823806237819,PRUNED,0:00:01.363609,0.0010364542507079774,12,26,34,30,1.340864742876636
463,0.004142789281737117,COMPLETE,0:01:01.591646,0.0019375328696335313,8,29,34,32,0.5750841203708855
464,0.3133856512346348,PRUNED,0:00:07.733059,0.001896142475937906,4,29,36,37,0.5765371159734792
465,0.31402565302283203,PRUNED,0:00:07.605090,0.005379980484926301,4,25,28,59,0.5670990467850767
466,0.31578590451817434,PRUNED,0:00:03.920659,0.005029378809154066,8,27,29,59,0.5620358950053964
467,1.7811103588392754,PRUNED,0:00:01.797240,3.7674862830725867e-06,9,26,24,58,0.5262832119252615
468,0.5720839061740399,PRUNED,0:00:01.731410,0.0026947292246897524,9,26,29,59,0.5190818703170395
469,0.1885206570308354,PRUNED,0:00:37.065640,0.003288471243871223,8,24,38,56,0.5397788025950234
470,0.25861714398523195,PRUNED,0:00:14.822455,0.0032155447065951,4,27,42,59,1.4111123485557608
471,0.2745449614118446,PRUNED,0:00:11.466657,0.003465124271605097,4,28,27,57,0.5401384312779905
472,0.22437185107492932,PRUNED,0:00:07.096294,0.0039632117428465815,14,28,47,56,0.5005688749894848
473,0.6185186400647588,PRUNED,0:00:01.286092,0.0021893852673937056,13,24,37,49,0.5920328126294631
474,0.5943485722386626,PRUNED,0:00:00.920391,0.004109826155653924,19,28,47,32,1.3124260664953011
475,0.30783986013669234,PRUNED,0:00:02.504560,0.005961586389625448,13,36,38,33,0.5512005233301158
476,1.327207917258853,PRUNED,0:00:00.223445,0.0055671777605961125,156,26,39,58,1.1268150284354304
477,0.6428041736117932,PRUNED,0:00:01.816238,0.001565835319559743,9,51,26,58,1.4618974796085518
478,0.0037705451361519445,COMPLETE,0:01:00.466311,0.002999328740629003,8,40,36,53,1.371255900638925
479,0.6348722425161624,PRUNED,0:00:00.831912,0.009992015494050568,21,44,49,34,1.3793823544621602
480,0.004465535471457816,COMPLETE,0:00:58.891833,0.003019999947759395,8,43,55,60,1.3251719174325736
481,0.6233160588056293,PRUNED,0:00:01.102924,0.0028103896260274954,16,43,54,60,1.324962788949796
482,0.3195300629200722,PRUNED,0:00:03.531152,0.006789728811987286,9,37,36,43,0.53414927036045
483,0.27911174773316305,PRUNED,0:00:11.678554,0.004316858068755983,4,25,35,26,1.2834239527187694
484,0.6097501250782184,PRUNED,0:00:00.780131,0.004421288077062898,23,25,51,31,0.5833664138907889
485,1.4158383422427707,PRUNED,0:00:00.224643,0.002655951072666094,144,40,35,28,1.4842922625640071
486,0.6749395837887329,PRUNED,0:00:01.002038,0.0040616641941247774,18,42,36,41,0.9164920725398815
487,0.6213188344445179,PRUNED,0:00:01.087388,0.004194699555927161,17,41,36,41,1.2941928701325245
488,0.0038707006439340323,COMPLETE,0:01:56.072378,0.002159150501727499,4,22,55,53,1.2920095943193708
489,0.003913005703600149,COMPLETE,0:02:02.162370,0.0019436721616718422,4,27,37,47,0.518170107218967
490,0.6685732976205436,PRUNED,0:00:01.310521,0.002114705533155969,13,35,55,35,0.5223078853387508
491,0.30843217766021436,PRUNED,0:00:07.744241,0.008644735555524622,4,27,37,31,1.3385160198667099
492,0.34930201436150565,PRUNED,0:00:07.847495,0.0014788265708854653,4,29,34,31,0.5661889323972795
493,0.7023996266244508,PRUNED,0:00:01.391443,0.0013338305410140335,12,29,33,32,0.5994977735370459
494,0.7021944878984299,PRUNED,0:00:01.393887,0.0013301738235184698,12,29,33,32,0.5994951074287704
495,0.744362433632351,PRUNED,0:00:01.486879,0.0011380830355711598,11,29,33,52,0.6019331166224443
496,0.5678419174062805,PRUNED,0:00:02.075139,0.0017924405857067843,8,46,34,31,0.5779588111358376
497,0.31946345365340656,PRUNED,0:00:07.752783,0.0016060042761439127,4,28,34,30,0.5763287523971488
498,0.3060801720726831,PRUNED,0:00:07.933566,0.0017016420345693467,4,27,35,42,0.5520557026982411
499,0.6448608597258588,PRUNED,0:00:01.178002,0.00193784971954866,15,28,35,30,0.5517369554162501
500,1.7640892424589374,PRUNED,0:00:02.046914,1.9264832170412414e-05,8,27,35,45,0.558297852816387
501,0.7735635048034144,PRUNED,0:00:01.005406,0.002431853855361456,18,30,50,30,0.5242821763097741
502,0.6383805637683521,PRUNED,0:00:01.011571,0.002344501458607288,18,30,49,42,0.5196398927416943
503,0.6282255788925688,PRUNED,0:00:01.341450,0.0020352666568119442,13,34,30,32,1.4547329071785793
504,0.2103540790197787,PRUNED,0:00:10.735509,0.003067581204481037,12,35,37,32,1.4537579953048536
505,0.5834814692889132,PRUNED,0:00:01.395605,0.0029993091604063726,12,37,30,33,0.5823666929350908
506,0.005167957261674282,COMPLETE,0:00:50.460142,0.003099006581086835,10,23,37,46,0.6317874850623347
507,0.7026667583013783,PRUNED,0:00:01.856362,0.0009682142722118907,9,33,46,60,0.5322126196156848
508,0.3146179524502006,PRUNED,0:00:04.037362,0.007255513605043815,8,22,36,48,0.6195686660549388
509,0.9091727995974386,PRUNED,0:00:00.410126,0.010915384431316184,55,32,47,31,0.5457224594865113
510,0.7049683173779051,PRUNED,0:00:00.756120,0.0029624283355968077,26,31,37,33,0.5754142368136796
511,0.27795175086090335,PRUNED,0:00:11.429593,0.0063501641475603,15,35,37,54,0.5529317057615396
512,0.6076195515643538,PRUNED,0:00:00.853140,0.006580408285812689,21,26,36,29,0.5496851688398028
513,0.3195025901763867,PRUNED,0:00:02.249863,0.00905005406493884,15,28,49,40,0.6332252114933631
514,0.5706954213743044,PRUNED,0:00:01.989283,0.004862613791883344,8,36,34,60,1.4123801249249048
515,0.3189794425578678,PRUNED,0:00:03.517651,0.005475136567789041,9,29,44,21,0.5003331557329674
516,0.6985163391424866,PRUNED,0:00:01.055497,0.0068364193756206065,17,23,51,58,0.5191628502922184
517,0.6268779984375342,PRUNED,0:00:01.828191,0.0023415731103189254,9,29,44,38,0.5012368988698778
518,0.1891936709900864,PRUNED,0:00:29.902656,0.002333588320220124,9,39,44,54,1.3945355083049158
519,0.2098749183665771,PRUNED,0:00:30.488010,0.002259735724538956,4,44,36,55,1.3925366652740734
520,0.004416328630240662,COMPLETE,0:01:53.005995,0.002401826908768715,4,39,35,59,1.3743480808377946
521,0.004473610092074376,COMPLETE,0:01:56.032967,0.0023123326419259506,4,39,35,54,1.3763624267949706
522,0.003819657030021183,COMPLETE,0:01:59.880776,0.00220359105572037,4,39,35,47,1.3872487775546407
523,0.004056515058558944,COMPLETE,0:01:56.114077,0.003546222549527631,4,37,35,36,1.428061533998557
524,0.0036647730913050057,COMPLETE,0:01:55.514156,0.00334159145590041,4,48,36,46,1.3655517165490703
525,0.8886153355301151,PRUNED,0:00:01.318934,0.0011340752683832599,13,49,35,57,1.3771769545411034
526,0.005538933375414887,COMPLETE,0:01:58.727008,0.0036188358703932388,4,38,35,58,0.5982283346339843
527,0.27214397500926724,PRUNED,0:00:11.369257,0.0035985253333074645,4,21,56,47,1.367965028150708
528,0.28047583357965666,PRUNED,0:00:11.949956,0.0034991433798486626,4,22,39,55,1.367548622257823
529,0.004723421562771012,COMPLETE,0:01:56.143595,0.002571892551923746,4,24,38,54,1.3527722132155535
530,0.689193115513093,PRUNED,0:00:01.356229,0.0025945208487698013,13,22,38,51,1.3453798919449405
531,1.344776062332854,PRUNED,0:00:00.255216,0.0027691911358434886,132,21,38,57,1.4131411795857647
532,1.671271390385098,PRUNED,0:00:00.188016,0.0021779945834254064,240,24,57,50,1.4221282098826038
533,0.6966086934256998,PRUNED,0:00:00.939473,0.0036754014705064086,20,27,38,59,1.2335613330823743
534,1.4919060779872302,PRUNED,0:00:04.015256,0.04719859162527121,4,21,53,25,1.2632671702301788
535,1.1476586691120214,PRUNED,0:00:00.274453,0.004799107400850136,113,26,39,59,1.4340082821948168
536,0.5887648062969026,PRUNED,0:00:01.361848,0.003486571383597705,13,23,36,49,1.284214651088744
537,0.6055631517988294,PRUNED,0:00:01.882077,0.002662459461569326,9,25,52,36,1.304064923984607
538,0.6925272319972868,PRUNED,0:00:00.971993,0.012847977440166525,19,47,27,51,1.361580657789622
539,0.32130133220056073,PRUNED,0:00:08.028643,0.008370838993668151,4,26,28,40,1.3815447791156197
540,1.1150053528638986,PRUNED,0:00:00.281494,0.004744998825607554,99,40,37,52,1.0426032793709514
541,0.6259460611216123,PRUNED,0:00:01.247804,0.0020447123053211063,14,38,38,56,1.4788816984727393
542,0.6750694220816648,PRUNED,0:00:01.231838,0.0019178571347221913,14,27,26,54,1.3293329156521534
543,0.6746719082969636,PRUNED,0:00:00.791769,0.003525927061246872,25,57,56,52,1.3185850801250256
544,0.004155676978443256,COMPLETE,0:00:47.460824,0.005494919548166273,11,27,36,43,0.5355160106511485
545,0.31534777903089334,PRUNED,0:00:03.403562,0.0054195208786720584,9,27,36,58,0.5299853985928785
546,0.004567566654677597,COMPLETE,0:00:49.546145,0.005339457611633688,10,20,50,44,0.5337575967345576
547,0.774697894072221,PRUNED,0:00:00.829080,0.0039223266756358765,21,23,37,41,0.69385728247238
548,1.400090238615258,PRUNED,0:00:01.461658,0.00013942357221066252,11,20,50,43,0.5343020592516674
549,0.6528274359839472,PRUNED,0:00:01.036333,0.016053461999428118,16,25,55,37,0.7901015767516798
550,0.6315691009873435,PRUNED,0:00:03.420073,0.008639442793397217,9,46,52,44,0.5946954489816083
551,0.5661042808261636,PRUNED,0:00:02.063357,0.008827980283105566,8,40,35,47,1.3489900382861462
552,0.7379580081946001,PRUNED,0:00:01.655024,0.001696526959918665,10,41,36,49,1.3596367249610601
553,0.5968202684181342,PRUNED,0:00:03.779076,0.0014031078198505512,4,41,36,50,1.3990831958925958
554,0.3196252185948759,PRUNED,0:00:07.872790,0.0015566432169956904,4,24,37,46,1.383328626163201
555,0.31099494231185165,PRUNED,0:00:07.403671,0.006379737216567579,4,27,32,46,1.3965677826049254
556,0.30396350170550895,PRUNED,0:00:03.630896,0.006868616536053609,9,28,54,48,0.7291875454401143
557,0.6656453668125974,PRUNED,0:00:01.344877,0.0028532923431051926,12,45,34,48,1.3572580639448473
558,0.6637752664233991,PRUNED,0:00:01.347899,0.0029908781326390675,13,42,38,48,1.3425274735667274
559,0.2233653840474525,PRUNED,0:00:06.102997,0.004660990310280223,16,44,38,20,1.015188471879105
560,0.27666242597891416,PRUNED,0:00:06.170840,0.0047175308260982525,8,26,51,47,0.542084768122066
561,0.004039874996245936,COMPLETE,0:00:59.060362,0.005164460813665,8,48,31,44,0.5422804474049878
562,0.5709224043420955,PRUNED,0:00:02.057659,0.011235918389239164,8,48,31,36,1.3082739605427849
563,1.4681031627039756,PRUNED,0:00:00.195824,0.0060643433981417295,209,48,36,45,1.2523208065019436
564,0.662026983474483,PRUNED,0:00:00.998305,0.0025479048582368845,18,43,33,35,0.5589557951510505
565,0.5891433385563817,PRUNED,0:00:02.003572,0.0018573183578441481,8,48,58,47,1.3967273827998397
566,0.560860124241519,PRUNED,0:00:02.046347,0.001828804589358116,8,49,37,47,1.3873735273109529
567,0.3144464433833419,PRUNED,0:00:07.682733,0.0018303427516353475,4,50,37,47,1.358110166341367
568,0.3085118015232968,PRUNED,0:00:07.540904,0.0026924735016307915,4,50,23,46,1.340596179501443
569,0.004341258583098835,COMPLETE,0:02:01.138762,0.002825790642355841,4,49,40,53,1.3607244149316504
570,1.6432272037908213,PRUNED,0:00:01.405488,7.148288617822115e-05,12,50,36,44,1.3529021536091304
571,0.7103727013846628,PRUNED,0:00:01.255941,0.0028316287056233138,14,22,21,46,1.344946269291574
572,0.5999594996815268,PRUNED,0:00:01.342354,0.00278103744575489,13,47,40,46,1.3301686202157195
573,0.31438196497733023,PRUNED,0:00:02.798341,0.004942981032384021,12,47,36,53,1.4062089194977356
574,0.3139759308773361,PRUNED,0:00:03.002193,0.005041462164380575,11,47,39,39,1.3726870067095747
575,0.6094416242023433,PRUNED,0:00:00.909960,0.005162663706595286,20,47,25,53,1.3733431969948358
576,0.3105472988065551,PRUNED,0:00:03.583855,0.003743440349349034,9,46,36,39,1.4055165842891406
577,0.004305289407737899,COMPLETE,0:00:55.829126,0.003838455674693856,9,32,38,48,1.0884061450059284
578,0.6849478828528571,PRUNED,0:00:01.024989,0.0037912994081433613,17,40,37,42,1.3223726531712254
579,0.30236685827170334,PRUNED,0:00:03.952954,0.006415063653880043,8,45,38,45,1.0924648720714734
580,0.8606639501324403,PRUNED,0:00:03.911604,0.007947854664441664,4,48,50,45,1.3269797360953293
581,0.7609817385673523,PRUNED,0:00:00.654572,0.007245953331874489,31,48,50,45,0.9941048705118752
582,0.3204908377141837,PRUNED,0:00:08.057417,0.0022116747475018315,4,32,38,45,1.2875309516423783
583,0.7211982657852238,PRUNED,0:00:00.836912,0.002254989119700353,22,49,52,48,1.29650134172244
584,0.7267479852906296,PRUNED,0:00:00.811784,0.002312865157129891,23,49,53,48,1.2994232471821616
585,0.6206636226997173,PRUNED,0:00:01.034015,0.0032198767732782387,17,32,49,60,1.284610491676302
586,0.699438392967727,PRUNED,0:00:01.079376,0.003077277641125102,16,33,48,60,1.3655932665370571
587,0.3279801179767397,PRUNED,0:00:07.813666,0.010642469040978094,4,42,37,57,1.354296476609545
588,0.3233635872138541,PRUNED,0:00:03.997108,0.010336759041957654,8,25,37,40,1.389602699039924
589,0.5754297021335713,PRUNED,0:00:03.896484,0.010698368570772337,4,42,38,41,1.3908996033986492
590,0.31490318806538103,PRUNED,0:00:04.064426,0.003942038151003889,8,25,56,40,1.124768413397322
591,0.21788408683660704,PRUNED,0:00:09.135965,0.004255671895918235,15,43,35,38,1.3160308096484972
592,0.24418687390450813,PRUNED,0:00:04.472872,0.0041354666844480754,16,24,35,39,1.3138564693981827
593,1.3412313083323038,PRUNED,0:00:00.233855,0.0046477569449970306,160,28,35,39,0.611195464692517
594,0.6623478085543979,PRUNED,0:00:01.097920,0.004004126399827158,16,26,28,38,1.4201458278904615
595,0.5698446300757792,PRUNED,0:00:01.211390,0.007041692626937048,15,22,36,47,1.1974254717128152
596,0.6789257968606254,PRUNED,0:00:01.306953,0.001509688171972489,13,41,46,49,1.330572415946354
597,0.6684081272209343,PRUNED,0:00:01.652567,0.0015820006669454128,11,33,51,41,1.2661078188287966
598,1.0616002540065819,PRUNED,0:00:00.304215,0.0033205655328500134,89,33,47,59,0.515982515035446
599,1.1403718971940753,PRUNED,0:00:01.544436,0.0002636071460132681,11,43,39,41,0.581844427198058
600,1.1975220786488574,PRUNED,0:00:00.712967,0.018416499199977333,28,31,39,41,1.3722672807721552
601,1.1195839767048998,PRUNED,0:00:00.326319,0.0026768276854877513,79,51,51,22,0.574900539126438
602,0.6659598794637942,PRUNED,0:00:00.998975,0.0026680743033656797,21,51,55,46,0.5825720652871946
603,0.5792470759426067,PRUNED,0:00:00.888410,0.006504611332314995,21,39,37,56,0.5926017880523841
604,0.679361453048544,PRUNED,0:00:00.929434,0.008279868193191861,21,39,29,59,1.341075005847793
605,0.32064364875340895,PRUNED,0:00:07.690941,0.00826582238626458,4,26,41,46,1.164882626940009
606,0.8528559920580491,PRUNED,0:00:00.548701,0.008658349273568,40,44,29,60,1.1451196474566656
607,0.5552101491452897,PRUNED,0:00:02.056895,0.0021816188487671496,8,40,26,42,1.1483663813323797
608,0.22299011855166995,PRUNED,0:00:12.159310,0.002084465003892691,8,26,36,37,1.3589947058919365
609,0.5973271877315837,PRUNED,0:00:02.037793,0.0020102948917220267,8,26,40,58,0.5194433176449559
610,0.24484241680053073,PRUNED,0:00:15.322665,0.005932986732458415,4,26,48,40,0.5558070045622271
611,0.2742145084039509,PRUNED,0:00:11.490640,0.005759918994225284,4,34,54,40,0.5567398758933509
612,0.29989040997766314,PRUNED,0:00:03.546632,0.005790300587665323,9,34,54,51,1.348225474634241
613,0.5815423190204511,PRUNED,0:00:01.393719,0.0030813605410126487,12,28,49,43,1.371260402775288
614,0.27165901178904667,PRUNED,0:00:11.591873,0.003426205964710419,4,27,48,37,0.6734329888347245
615,0.5968440929996047,PRUNED,0:00:04.060098,0.001225822581843129,4,32,48,40,0.6191027722027292
616,0.7540986212158975,PRUNED,0:00:00.738460,0.0033101297075176397,26,31,37,50,0.55459798270853
617,0.5582890900039168,PRUNED,0:00:01.052466,0.004548281382123456,17,46,48,47,1.4129111650757216
618,0.7102894633730401,PRUNED,0:00:01.361196,0.001278544524764632,12,27,53,53,0.5185167075227115
619,0.5679862415279026,PRUNED,0:00:01.450084,0.003358110053400608,12,27,36,34,0.5264031910540631
620,1.7793453721559211,PRUNED,0:00:01.505515,5.8543627303091555e-06,11,28,34,58,0.5011450969028228
621,0.5831935588103622,PRUNED,0:00:01.396485,0.003613486026007281,12,21,34,34,1.3272441282609593
622,0.6094664971856676,PRUNED,0:00:00.980338,0.004282707240524808,19,23,34,58,1.3841279215439748
623,0.6032518108212759,PRUNED,0:00:01.030789,0.004224396413067035,17,53,35,60,1.3075314102086726
624,0.6775933212390723,PRUNED,0:00:02.157859,0.013528735325994606,8,41,38,55,1.3300993014571445
625,0.5590319651855181,PRUNED,0:00:01.997571,0.002653675273408371,8,44,38,60,0.6653345831937794
626,0.30089203568817185,PRUNED,0:00:03.589619,0.0026495818821162297,9,31,36,39,0.5435684030195055
627,1.04485233144772,PRUNED,0:00:02.089662,0.00035922989315114926,8,41,37,39,0.604908410203131
628,1.815007423653322,PRUNED,0:00:00.215608,1.112644662161426e-06,190,31,36,38,1.3982167922834023
629,0.5676431994495997,PRUNED,0:00:00.847626,0.00693616674482593,24,30,52,49,0.5438581756929343
630,0.20479667540245305,PRUNED,0:00:40.791358,0.005151536519653387,4,32,37,39,0.8983398408271067
631,0.5758650363307094,PRUNED,0:00:01.053948,0.005132494525535442,16,28,50,43,0.5677943444707235
632,0.5866127896368207,PRUNED,0:00:01.144613,0.005491521662360102,16,28,49,45,1.2521503345228044
633,0.3086198619497356,PRUNED,0:00:02.244472,0.005384752059696475,16,28,35,44,1.2686695681916011
634,0.7049346186203279,PRUNED,0:00:01.215725,0.0017497805957775218,15,29,35,42,0.8941088234600597
635,0.6884436744035979,PRUNED,0:00:01.268185,0.0016887452543647124,14,40,35,42,0.9006014383191512
636,0.758130975830529,PRUNED,0:00:01.235946,0.0017425892665356318,14,45,49,59,1.2500299996978497
637,0.6592386182744493,PRUNED,0:00:01.366188,0.001737635654706811,13,30,35,59,1.3669593450995092
638,0.6090383960710846,PRUNED,0:00:01.391862,0.004058977938647844,13,30,46,59,1.269863740761924
639,0.7988267279917898,PRUNED,0:00:00.912302,0.006821013561617629,21,42,37,59,1.4407873106819207
640,1.3045271039009094,PRUNED,0:00:00.217330,0.007635523888546714,169,38,39,47,0.6459724923781732
641,1.4203297197818756,PRUNED,0:00:00.201120,0.007382678281523023,230,33,37,57,0.638927844887669
642,0.29954973866195783,PRUNED,0:00:07.533449,0.003964242399895853,4,33,37,57,1.3678286059138387
643,0.743644041535647,PRUNED,0:00:00.611044,0.004073973182237951,35,30,37,35,1.4380758770280049
644,0.27407612773597906,PRUNED,0:00:11.429717,0.004087012916598511,4,32,47,35,1.4398692867616756
645,0.2689204157966828,PRUNED,0:00:11.601185,0.004072292858184714,4,42,47,46,1.3382157243505521
646,0.003895058235645015,COMPLETE,0:01:57.248041,0.0029319698316302044,4,21,47,41,0.5165927836049389
647,0.5740759803415978,PRUNED,0:00:01.989242,0.00319840800114851,8,32,36,33,0.5216274059464601
648,0.33707866912352785,PRUNED,0:00:07.668945,0.009920671510985723,4,22,52,46,0.5887792512792009
649,0.7264367461445843,PRUNED,0:00:00.717757,0.002800228076949949,26,23,57,46,0.5921132080024062
650,1.08265605745176,PRUNED,0:00:03.745287,0.00020534171944891537,4,21,47,48,1.3075585371550247
651,0.22096958047806622,PRUNED,0:00:23.839627,0.0021840842947635783,4,29,47,24,1.2129897109983645
652,0.5511224974228555,PRUNED,0:00:01.820914,0.0023921702665320693,9,47,47,37,1.3414681523766292
653,0.6591254191369004,PRUNED,0:00:00.920331,0.0024014137973791113,20,43,50,34,1.3410998628577704
654,0.7084437401881859,PRUNED,0:00:00.441587,0.006360187291599027,48,34,53,34,1.343475843709364
655,0.5571068220812342,PRUNED,0:00:00.948749,0.006438963087890492,20,29,56,38,0.5669033598410462
656,0.00413303820428472,COMPLETE,0:00:30.282184,0.006396085894377759,19,49,51,34,0.5658452843623417
657,0.31545305838935994,PRUNED,0:00:02.932999,0.005027613648110912,11,49,51,38,1.395876278294193
658,0.5559830848025541,PRUNED,0:00:01.530836,0.004863946588828809,11,25,51,26,0.5679712773594818
659,0.18135265213673685,PRUNED,0:00:29.687303,0.0030576952048037708,12,49,51,26,1.4147431062507039
660,0.8588308800098508,PRUNED,0:00:00.659724,0.0031815090027965463,30,27,55,39,1.405884951700108
661,0.5953555373417563,PRUNED,0:00:01.784180,0.002104278572660216,9,49,36,40,1.3850309255545998
662,0.5818728936277852,PRUNED,0:00:01.802093,0.0020546239867421964,9,40,36,41,0.5155318799657626
663,0.3031063367213522,PRUNED,0:00:02.070444,0.008296519603847693,17,28,39,56,0.5188004781811485
664,0.31197102831191376,PRUNED,0:00:01.873310,0.008981903370850279,18,38,40,36,0.5005011650055259
665,0.6858310249647988,PRUNED,0:00:00.804059,0.003113246547858622,24,45,36,24,1.2870339579011023
666,0.777556215093207,PRUNED,0:00:00.780306,0.003141186156281518,24,29,49,33,0.6156399297616928
667,0.004321988174056241,COMPLETE,0:00:45.663176,0.003119156628248746,11,31,34,33,0.6159315908495144
668,0.3186811784476931,PRUNED,0:00:02.690845,0.006108722389129925,12,31,27,50,0.5347757836894897
669,0.6726864779647063,PRUNED,0:00:01.239722,0.01325444529323562,13,27,34,40,1.2103474865834196
670,1.743498141115362,PRUNED,0:00:01.987342,2.9614785792859405e-05,8,41,37,43,1.3081848238628433
671,0.2763920355713457,PRUNED,0:00:11.385286,0.0048632051078185265,4,26,38,60,0.559415615353822
672,0.0063440760944782895,COMPLETE,0:00:55.466863,0.004628776008220138,9,34,38,60,0.5557651482690354
673,2.3651490158583286,PRUNED,0:00:00.924063,0.061895428461379465,19,46,35,21,1.3643675460515456
674,0.63403806820804,PRUNED,0:00:01.048260,0.0028190558430721342,18,35,35,41,1.4180980914486512
675,0.9717488344943169,PRUNED,0:00:00.378250,0.0030247548154882665,64,35,53,60,0.539985289234956
676,0.6838959724555614,PRUNED,0:00:01.372690,0.0013815551788913356,13,36,42,53,0.5401725776750819
677,0.6791806315252585,PRUNED,0:00:01.387389,0.0013668319539783431,12,43,33,53,1.3129551327474107
678,0.3066898007102373,PRUNED,0:00:03.723540,0.006364076723857573,9,39,33,35,1.3174580786697383
679,0.3216625719177289,PRUNED,0:00:03.500595,0.0067740406734383965,9,39,54,58,0.5773935580923204
680,1.0600679448393524,PRUNED,0:00:00.277783,0.010096657578174333,106,24,49,58,0.6086880099715521
681,0.20791202376620108,PRUNED,0:00:13.975689,0.003594622508842042,9,31,28,35,1.3837080393982906
682,0.0038022679101374903,COMPLETE,0:01:00.073666,0.004852973411915443,8,39,36,33,1.3871726245218516
683,0.3045687606444543,PRUNED,0:00:04.150297,0.004758986955067136,8,40,36,47,1.3743197841697083
684,0.21108835757446764,PRUNED,0:00:15.260359,0.0047271983515373706,8,42,36,37,1.3796000843873553
685,0.5995797038008839,PRUNED,0:00:01.205217,0.003670009628437827,15,31,39,33,1.3828302027845882
686,0.5735820894756732,PRUNED,0:00:01.691992,0.0024582937714880647,10,27,50,42,1.178807918206898
687,0.2745620699258403,PRUNED,0:00:12.119786,0.004584327008274275,4,25,38,37,1.3597030274423214
688,0.3101181651779902,PRUNED,0:00:07.690192,0.004574154279950623,4,34,30,36,1.2906914904824593
689,0.31911702700432476,PRUNED,0:00:07.604285,0.008462169361240878,4,34,38,22,0.5196031792223494
690,0.3083063996772268,PRUNED,0:00:02.227761,0.008523031578750565,16,34,34,51,0.5230172801531847
691,0.3135418955471132,PRUNED,0:00:02.303235,0.009461807303574134,15,33,34,45,0.51817970932286
692,0.7864465398585748,PRUNED,0:00:00.802502,0.0020820489636226053,26,47,52,60,0.5872333757970508
693,0.8191731791776508,PRUNED,0:00:00.805964,0.0021646876472767355,24,47,37,40,0.5512014152048902
694,0.24514215914149806,PRUNED,0:00:03.391649,0.007768965223298975,22,33,48,40,0.5553339440209797
695,0.6146429149490414,PRUNED,0:00:01.221075,0.006048240810699988,15,28,48,49,1.3240526637924699
696,0.3171686567973979,PRUNED,0:00:03.574210,0.007449466203865404,15,28,46,39,1.3216709803989928
697,0.579832207837027,PRUNED,0:00:01.168400,0.005771389349282167,15,27,48,45,1.3279880784680145
698,0.6484419389589299,PRUNED,0:00:00.960774,0.00590715672162819,19,28,48,39,1.341195064244521
699,0.6670230219823233,PRUNED,0:00:00.939513,0.0038110885818535816,20,44,59,38,1.1103804216844846
700,0.7487559545632094,PRUNED,0:00:00.834286,0.003710955744241409,22,20,36,38,0.5536859099783746
701,1.7803301173431867,PRUNED,0:00:01.853836,1.77720499843897e-06,9,30,41,38,0.5563754220774667
702,0.003966797099009376,COMPLETE,0:00:54.294948,0.003512697461305623,9,30,46,41,0.5565187722024626
703,0.5632763474929232,PRUNED,0:00:01.755060,0.0024873538814300577,9,37,55,41,0.5984243599301621
704,0.603965267831204,PRUNED,0:00:01.886289,0.0024983758549104473,9,30,35,41,0.7722191843091681
705,0.7581518268009194,PRUNED,0:00:01.901575,0.0007631492341091222,9,30,37,48,0.5892968150466421
706,0.5938576294177053,PRUNED,0:00:01.793652,0.001607499983243614,9,41,37,41,0.595720559612474
707,0.6932815971551173,PRUNED,0:00:01.988587,0.0009079675198413836,8,41,25,25,0.501515510520663
708,0.6177187156706937,PRUNED,0:00:02.123132,0.0014997254234543139,8,22,36,59,0.580546060692915
709,0.31979276103015114,PRUNED,0:00:07.993613,0.0015866648257523426,4,29,50,59,0.8521688689333444
710,0.8342292781486068,PRUNED,0:00:00.642111,0.004515346796518648,30,23,49,56,0.741925459914321
711,0.6898421122511821,PRUNED,0:00:00.616625,0.004689739760871238,32,48,50,59,0.5373383712058181
712,0.24643406754876876,PRUNED,0:00:15.495436,0.0035023564436902103,4,26,35,59,1.355779399298695
713,1.7681975018413991,PRUNED,0:00:03.781902,1.0588928289615575e-05,4,22,36,43,1.3521339945647288
714,1.3797699511051178,PRUNED,0:00:00.240377,0.0035670353608244637,148,29,38,34,1.3560092982531364
715,0.639566430598822,PRUNED,0:00:01.299057,0.012344338063610166,14,25,35,47,0.6334042096731921
716,0.00397109561260695,COMPLETE,0:02:03.596522,0.00186437913433436,4,26,36,27,1.2331012307546663
717,0.6183951108260193,PRUNED,0:00:01.300314,0.003454156497766052,13,32,54,42,1.2752034885821162
718,0.9633068982716445,PRUNED,0:00:00.342688,0.005374529205513888,71,26,45,36,0.7119554673491493
719,0.5540807634304424,PRUNED,0:00:03.782499,0.0010956691600240906,4,54,39,32,1.4029289707040726
720,0.6003391588566757,PRUNED,0:00:01.314375,0.0025549135926738876,13,42,39,33,1.4103871969989394
721,0.6936395808595235,PRUNED,0:00:01.008347,0.0020615853226597786,18,38,29,20,1.2936798906651457
722,0.2988723850464576,PRUNED,0:00:07.955906,0.004168218958261854,4,46,35,32,0.5320246930415786
723,1.0968633613416128,PRUNED,0:00:00.260589,0.004237117987861187,115,21,56,44,0.5313003202691073
724,0.6014963675908714,PRUNED,0:00:01.295096,0.007055604730771879,13,27,35,55,0.5724465297687885
725,0.6573251558384344,PRUNED,0:00:01.348841,0.022507350037136414,12,40,37,40,0.5383743144012271
726,0.660802526763205,PRUNED,0:00:00.938825,0.0030299838003933622,19,44,52,52,1.299524474780201
727,0.3001459530379926,PRUNED,0:00:03.440191,0.005161743624375424,9,36,36,60,1.3487073790149666
728,0.31369843153030164,PRUNED,0:00:04.033484,0.0054513314466380774,8,32,36,60,1.3375709743534605
729,0.6974851732295027,PRUNED,0:00:01.053671,0.001987956503853844,17,46,55,35,1.2371756165807017
730,0.6259135005887223,PRUNED,0:00:01.067265,0.00620484632553327,17,45,49,35,0.6854876699736694
731,0.5780790622429873,PRUNED,0:00:01.081143,0.011014223854217216,17,32,53,27,1.3858098368608838
732,0.3091099866729999,PRUNED,0:00:02.537048,0.010943807091258669,13,32,53,39,0.5017406856509163
733,0.627321578451057,PRUNED,0:00:01.429072,0.011489137758671037,12,28,37,27,1.3911905435169973
734,0.6313841144707221,PRUNED,0:00:01.485480,0.002949573470583732,12,24,37,48,0.613013870828461
735,0.720140966046758,PRUNED,0:00:00.730238,0.002636754930495477,27,29,57,46,0.5133342817251965
736,0.7169366093925001,PRUNED,0:00:00.762063,0.0026622890200053858,25,24,38,57,0.5038340679505757
737,0.5748770140222649,PRUNED,0:00:00.825918,0.007670513797751089,24,30,34,57,0.9699244472086603
738,0.2503115778109279,PRUNED,0:00:15.437413,0.007849510383432677,4,37,34,34,1.4260175214219601
739,0.5916899971517862,PRUNED,0:00:01.853940,0.007596086508892454,9,37,34,28,1.4265405933634536
740,0.2765705987885316,PRUNED,0:00:05.734406,0.006960688898805952,8,30,50,34,1.318943996898078
741,0.003677800541233237,COMPLETE,0:02:01.139987,0.004121933329515996,4,50,46,34,0.5783559663921934
742,0.004380681610058222,COMPLETE,0:01:02.748668,0.0036832428915075147,8,50,50,33,0.5741336709853017
743,0.7755330471533025,PRUNED,0:00:03.745525,0.0004771450805160408,4,43,32,40,0.5705786530269009
744,0.6982699795539334,PRUNED,0:00:00.902415,0.005422028704414937,20,41,36,31,1.3681690197814538
745,0.0050659803696129655,COMPLETE,0:00:37.214615,0.003927607494864952,14,40,35,33,0.5423840510840653
746,1.3682349246311811,PRUNED,0:00:01.240282,0.03620642161193551,14,39,36,33,0.5571619745192402
747,1.2474945655890874,PRUNED,0:00:01.053506,0.02847940155179972,17,39,36,32,1.304270092106574
748,0.5506620493977659,PRUNED,0:00:01.321281,0.004046167958842068,13,40,37,33,0.578587510354426
749,0.6683489548322422,PRUNED,0:00:00.860032,0.006026548569291107,21,39,35,36,0.5248047671579972
750,0.2655478218878184,PRUNED,0:00:08.827036,0.004581916255802363,9,50,46,35,1.3344308683306876
751,0.22060693161165432,PRUNED,0:00:12.028262,0.004664361680842035,8,42,46,40,0.5371508373364835
752,0.5721880853296775,PRUNED,0:00:01.321637,0.0036971705649612033,13,21,45,41,0.5386634084075499
753,0.6936215069614539,PRUNED,0:00:01.003843,0.003783277564098256,18,21,47,42,0.5389375501345404
754,0.5587937855685251,PRUNED,0:00:00.958554,0.005061197570751453,19,22,46,42,0.541586905370243
755,0.00455724322785943,COMPLETE,0:00:39.228916,0.005530173504813645,13,22,46,42,0.5184239606967992
756,0.21242292121294057,PRUNED,0:00:08.914724,0.005986629273196077,13,20,46,40,0.5012123639807257
757,1.081254042292896,PRUNED,0:00:00.312310,0.005963066279591071,85,20,45,42,0.5147289785059942
758,0.6949438481458596,PRUNED,0:00:00.832370,0.005715516569891152,23,27,46,43,0.5671811028377368
759,0.6069585372549776,PRUNED,0:00:01.273377,0.0034648661670647197,14,21,47,41,0.5190822828583733
760,0.5658709792205191,PRUNED,0:00:01.251948,0.009069851881874081,14,21,47,41,0.5613087161932468
761,0.5935554740252263,PRUNED,0:00:02.069076,0.014328949417473471,8,23,47,42,0.5587920907504287
762,0.006595942746644992,COMPLETE,0:01:00.648275,0.004267066478319409,8,23,47,42,0.5841789662325503
763,1.1354511065303154,PRUNED,0:00:00.255124,0.004329979548665236,123,21,48,43,0.5227041827263299
764,1.3470793178206997,PRUNED,0:00:00.225460,0.003744175450600211,173,26,38,41,0.5975865235336795
765,0.5619082094389356,PRUNED,0:00:02.041056,0.0067471724048788545,8,38,48,43,0.5849150978928832
766,0.6488406877794297,PRUNED,0:00:00.886314,0.00496674331069377,21,20,47,44,0.5463983045203215
767,0.31102991866813057,PRUNED,0:00:07.907438,0.008823440829726692,4,22,39,42,0.5191122078101841
768,0.3114639897210289,PRUNED,0:00:07.743198,0.0030245864262537017,4,22,37,41,0.5218950887783081
769,1.7688687568953056,PRUNED,0:00:00.724613,4.68294759047288e-05,27,23,46,41,0.561907874016463
770,0.22038489607285386,PRUNED,0:00:10.746182,0.0031651763046285477,9,43,37,32,0.6244706037159614
771,0.3087096076970007,PRUNED,0:00:03.590689,0.006666022126593059,9,28,45,32,0.5868458072816254
772,0.5696265890317804,PRUNED,0:00:00.993732,0.004952093977462612,18,29,38,42,0.6318112605103324
773,0.6203469821154627,PRUNED,0:00:01.371009,0.003473771163487874,12,43,37,40,0.6145078551792266
774,0.30677976861011746,PRUNED,0:00:03.617504,0.004336387833439752,9,38,27,32,0.5026974280205733
775,0.5470872595512047,PRUNED,0:00:01.060630,0.004696142271292582,17,38,38,50,0.5005729703251938
776,0.5937259087459046,PRUNED,0:00:01.019389,0.005254688193012456,18,38,42,31,1.046044636031769
777,0.6448277648427149,PRUNED,0:00:01.417623,0.00927379118137385,12,25,30,44,0.8147873669355222
778,0.916070416437841,PRUNED,0:00:00.416007,0.009652102503628539,57,31,47,45,0.809689900637304
779,1.1814328573252026,PRUNED,0:00:01.382674,0.016876989897070507,13,31,47,40,0.936828880685425
780,0.18356346275642332,PRUNED,0:00:23.745751,0.007309470355713336,13,25,40,47,0.5302933725605614
781,0.6983758046690907,PRUNED,0:00:00.843074,0.006004823564614221,23,28,39,42,0.5436762779877148
782,0.275855893081293,PRUNED,0:00:11.735915,0.006952575471530427,4,28,40,41,0.5481555722640478
783,0.5787937161541667,PRUNED,0:00:04.005354,0.0075522457196049156,4,27,40,47,0.8730530734769968
784,0.2700109637781959,PRUNED,0:00:05.950097,0.00795251039993796,8,27,36,47,0.569085000684044
785,1.7527444286951943,PRUNED,0:00:00.621322,9.726965928828901e-05,34,39,36,40,0.5680946890704147
786,0.0036327782862887624,COMPLETE,0:01:58.779376,0.00314227212817401,4,42,36,46,0.5353139650038768
787,0.004267167870362774,COMPLETE,0:01:55.898775,0.0031624943586678373,4,42,43,41,0.6036848840450091
788,0.7467440113022521,PRUNED,0:00:00.680668,0.003028861173095781,29,42,43,39,0.528904850428701
789,1.7755031352457793,PRUNED,0:00:00.912291,1.7709948697123172e-05,20,41,37,49,0.6067358234518899
790,0.6243491002417111,PRUNED,0:00:01.178795,0.0037986038651075674,15,20,48,55,1.4543701650978604
791,0.004722115524686287,COMPLETE,0:01:00.750245,0.004308103083174604,8,33,38,29,0.5395315405423429
792,0.3044342810420289,PRUNED,0:00:03.934708,0.0025988021553952564,8,33,36,33,0.5873393254753906
793,0.3119451718754461,PRUNED,0:00:03.530956,0.004331706998588987,9,29,56,29,0.5513270431032152
794,0.003904631765204893,COMPLETE,0:01:55.473576,0.0031773977652176533,4,23,38,34,0.53436100394564
795,0.00396725490614781,COMPLETE,0:01:56.693980,0.003347766838357485,4,40,54,46,0.5340057887643026
796,0.5581871542898685,PRUNED,0:00:04.070820,0.0020591980082295814,4,26,38,28,1.2251985180975535
797,0.20045143358901163,PRUNED,0:00:40.165103,0.0018688660066332853,4,24,22,24,1.1782067555875984
798,0.5573154714881706,PRUNED,0:00:02.076818,0.003006406598029133,8,24,44,24,0.5979925654260208
799,1.291092176063388,PRUNED,0:00:00.254634,0.0032014158868594895,128,24,45,25,1.239938214075784
800,0.21805593893303074,PRUNED,0:00:23.772404,0.003448144163506002,4,40,46,34,0.612312384761688
801,0.004084954498662253,COMPLETE,0:01:00.254094,0.0034434396092809564,8,25,44,26,0.6463280242336509
802,0.3076913058943351,PRUNED,0:00:07.941009,0.0023956402354744764,4,26,46,26,1.1756468924401542
803,0.30617594823315464,PRUNED,0:00:08.124832,0.0024472977411710583,4,54,58,26,0.6549393094842808
804,0.2774375031422708,PRUNED,0:00:11.874710,0.005317217452112744,4,51,45,27,1.2392042435694761
805,1.3163307383656502,PRUNED,0:00:00.205032,0.005269498615192087,203,52,44,34,1.274491081170696
806,0.5848448283240362,PRUNED,0:00:01.741116,0.003436194161226382,10,25,45,34,1.224657420622318
807,0.27819529073695615,PRUNED,0:00:12.070764,0.004182129472022532,4,51,20,34,1.2579157855630823
808,0.004257320388851,COMPLETE,0:00:42.615956,0.00404708553724929,12,25,24,23,0.5738814953150085
809,0.5460533973163189,PRUNED,0:00:01.457672,0.0032004806185651088,12,25,45,33,0.5780889933435026
810,0.5716283686959477,PRUNED,0:00:01.470079,0.0026610577736747177,12,53,46,45,0.5976716333494265
811,0.2979204409680113,PRUNED,0:00:03.734540,0.004134457839195978,9,44,35,23,1.1900194683605196
812,0.6392575543540627,PRUNED,0:00:01.157607,0.00562546196396633,16,22,37,46,0.5617535191929125
813,0.004860257418612799,COMPLETE,0:00:56.461526,0.0034829232731409965,9,23,36,22,0.6281849903898334
814,0.003932154116800498,COMPLETE,0:00:42.308586,0.0036797282350767447,12,44,44,46,0.5718578622685989
815,0.004578949431999679,COMPLETE,0:00:41.473834,0.003978940464290006,12,41,47,45,0.5757153365454216
816,0.241109207494935,PRUNED,0:00:05.403395,0.0046428256381099405,12,43,23,46,0.5701080671416743
817,0.1984292253323678,PRUNED,0:00:13.523840,0.004138234640388809,12,42,46,46,0.5561478481585205
818,0.579852160937454,PRUNED,0:00:01.139923,0.00528502496458329,16,52,35,46,0.5581656219753711
819,0.5642900770785761,PRUNED,0:00:01.849569,0.003986838112456944,9,41,46,45,0.5497320567476203
820,0.5811858485507342,PRUNED,0:00:02.064028,0.0027937685100409546,8,23,39,35,0.5489688397623074
821,0.004193694679431859,COMPLETE,0:01:59.002616,0.002692449887561153,4,42,39,35,0.5392258559432539
822,0.004226948967927677,COMPLETE,0:00:59.604898,0.002905400148415814,8,21,39,34,0.5308873073721991
823,0.542869081477151,PRUNED,0:00:02.022201,0.002695949022625498,8,21,38,35,0.5274571249919995
824,0.5894715809361872,PRUNED,0:00:02.005978,0.00236317453206181,8,23,39,48,0.5805579744999109
825,0.2962529412975273,PRUNED,0:00:07.708227,0.0024603868188859757,4,22,55,34,0.5816646112363333
826,0.29833210780381825,PRUNED,0:00:03.518672,0.00328597505521982,9,42,38,33,0.5314907656848168
827,0.3024675812790284,PRUNED,0:00:07.592722,0.003033114538021322,4,21,47,34,0.5514340836651096
828,1.5585464514218843,PRUNED,0:00:00.185948,0.0030622674003410624,248,21,37,34,0.5483509418673609
829,0.004036195079692669,COMPLETE,0:01:55.146520,0.004738018913290346,4,52,37,44,0.514437934972086
830,0.0037267443039897476,COMPLETE,0:01:57.925645,0.004806280735549261,4,43,42,47,0.605863772509242
831,1.4005385637283325,PRUNED,0:00:00.201153,0.004818276001600687,218,44,37,47,0.6140573484883781
832,0.3017040131425724,PRUNED,0:00:08.090424,0.004685310117303363,4,44,43,47,0.5925993758306088
833,0.5973814485013169,PRUNED,0:00:01.033392,0.004733642521741851,17,45,44,47,0.6027194764734747
834,0.0039338957909892365,COMPLETE,0:01:55.873521,0.0022253591982698915,4,44,38,45,0.5244669113442659
835,0.7439222614916544,PRUNED,0:00:01.079407,0.0023299868336968724,17,43,41,45,0.5330384260720121
836,0.5908681624011017,PRUNED,0:00:01.266696,0.005988272045379089,14,43,40,48,0.5124321070371799
837,0.26325499863221147,PRUNED,0:00:12.004171,0.0027770087616091825,4,45,38,44,0.570427872459558
838,0.7311909893174576,PRUNED,0:00:00.912927,0.0038634579940694637,21,44,39,46,0.5238902428549002
839,0.6086272300797918,PRUNED,0:00:01.356759,0.005511381469157506,13,43,41,33,0.5840950594292592
840,1.1976067172560567,PRUNED,0:00:03.997388,0.00014343239467112294,4,42,37,46,0.5612702373556461
841,0.5491458370781211,PRUNED,0:00:01.447801,0.003795319450579446,12,42,39,44,0.5377640528530436
842,0.7006198029827189,PRUNED,0:00:01.029576,0.0022851208114210647,17,46,37,45,0.5149861381960797
843,1.0119361189695506,PRUNED,0:00:00.283168,0.004790430327159964,99,45,36,48,0.6005652143299554
844,0.6698412270068306,PRUNED,0:00:00.823040,0.0062961514877698885,22,44,38,47,1.4716558718665524
845,0.5412680416632054,PRUNED,0:00:01.360246,0.0038370154789973527,12,22,42,45,0.9996389466827912
846,0.5455344973101859,PRUNED,0:00:01.974606,0.00306757250020651,8,44,36,47,1.4225425592926533
847,0.0036488316714864783,COMPLETE,0:01:54.496854,0.002073645907192535,4,43,37,35,0.5654333367649028
848,0.7795776587665377,PRUNED,0:00:01.100170,0.002002409260564284,16,22,48,49,0.5003280545423647
849,0.004356635405155523,COMPLETE,0:00:54.956960,0.004587871317786298,9,41,37,33,0.6312673448551649
850,1.009400793621617,PRUNED,0:00:00.428708,0.0060491622013423086,52,43,35,51,0.5649360821592216
851,0.22988624259162305,PRUNED,0:00:06.588807,0.003506917859707328,12,41,37,46,0.6223654662159186
852,0.2829745713514676,PRUNED,0:00:11.624611,0.00368830075879338,4,43,44,49,0.5897441935677045
853,0.19513599967275505,PRUNED,0:00:41.606105,0.00450324439657156,4,43,46,48,0.5917949919553469
854,0.00465651301977684,COMPLETE,0:01:56.469314,0.0017986679602945198,4,44,44,46,0.5003663066529348
855,0.004182932416788212,COMPLETE,0:01:58.831206,0.0016963742428449092,4,45,43,45,0.5224830029890227
856,0.5371221792820382,PRUNED,0:00:03.996010,0.0018724930876060318,4,44,47,46,0.5020226944669496
857,0.30915153110318655,PRUNED,0:00:07.787171,0.0022005166814755514,4,44,45,48,0.5265119135726737
858,0.6632283426644942,PRUNED,0:00:01.977204,0.001495427667671802,8,43,43,48,0.5579334978199315
859,0.3094861642509736,PRUNED,0:00:07.649615,0.0018095644170623936,4,43,45,48,0.5475121766975999
860,0.5395376577620785,PRUNED,0:00:01.987329,0.002270690690052493,8,42,42,48,1.4401357857133696
861,0.5798174879964995,PRUNED,0:00:01.790625,0.0018513074846987579,9,43,45,46,0.5471204147577815
862,0.621512018317939,PRUNED,0:00:01.683538,0.0016218388803938188,10,44,34,47,0.5414816905365782
863,0.595905543417156,PRUNED,0:00:01.809639,0.0027515623431695418,9,45,43,47,0.5691198666315904
864,0.29493077249633864,PRUNED,0:00:07.869135,0.0026695046527069853,4,42,41,47,0.5665908558343077
865,0.3014388148571976,PRUNED,0:00:07.630847,0.002620842040663861,4,42,44,46,1.4997187636059084
866,0.585180238687235,PRUNED,0:00:01.972772,0.002690624937469104,8,42,43,46,1.4017761347620943
867,0.5903607587149339,PRUNED,0:00:01.362414,0.0031027915885193133,12,41,44,46,1.0207210174998993
868,0.30035006963319677,PRUNED,0:00:07.642772,0.0026370539702698426,4,42,42,45,0.5716643503607601
869,0.5342496600763804,PRUNED,0:00:01.852364,0.0034586623719886,9,43,43,46,0.5005117855294761
870,0.699355051860589,PRUNED,0:00:01.789122,0.0011876992291976322,9,44,41,50,0.5765287163753112
871,0.6048835569814052,PRUNED,0:00:01.547985,0.0021239357664860304,11,45,42,54,1.1303570589665108
872,0.004963417076522762,COMPLETE,0:00:39.725921,0.003365868090272631,13,45,44,44,0.544996995192378
873,0.5399439339394029,PRUNED,0:00:01.355299,0.0034724306546134983,13,41,35,36,0.7422466816333797
874,0.31060075099727286,PRUNED,0:00:08.016404,0.003984470429681901,4,43,44,52,0.5485965076084641
875,0.5330050045300109,PRUNED,0:00:01.312862,0.003897487498920456,13,40,47,47,0.5482409818517305
876,0.3150497333926647,PRUNED,0:00:03.547289,0.003289082062311157,9,45,44,45,0.5228568226055929
877,0.5464796162816983,PRUNED,0:00:02.008624,0.004010051517686843,8,43,42,52,1.4122830975927143
878,0.004010751083468782,COMPLETE,0:01:56.481640,0.002096571638810284,4,46,54,47,0.5363963024989582
879,0.6464657413584369,PRUNED,0:00:01.200735,0.0018932652034805055,15,40,54,35,1.0782167221227938
880,1.4348841513906205,PRUNED,0:00:00.215813,0.003149190246824145,185,44,57,49,0.5246655778373768
881,0.6355642466818919,PRUNED,0:00:01.856695,0.0024135067742773533,9,20,45,47,1.4585741152057483
882,0.5929825475791117,PRUNED,0:00:01.196350,0.0046697069311607345,15,41,48,44,0.6062983247780838
883,0.3011594912127718,PRUNED,0:00:07.881959,0.0030244239727152677,4,46,55,45,0.6686388061747982
884,0.2982301028417562,PRUNED,0:00:02.781368,0.005112017657008264,12,42,36,36,0.5609116358889596
885,1.1916408952544717,PRUNED,0:00:00.343100,0.002154238428262169,76,59,35,47,0.5848507648450099
886,0.6416189415114266,PRUNED,0:00:01.872566,0.001418114823726598,9,23,56,50,0.5322493483482253
887,0.5685717090222966,PRUNED,0:00:01.124082,0.004073605470093959,16,44,46,46,0.5437863509458235
888,0.30060453941653553,PRUNED,0:00:07.910710,0.0031439686664341574,4,43,33,44,0.5175041443359719
889,0.5515174531803078,PRUNED,0:00:01.857748,0.0053256354235762604,9,50,36,56,0.5646127677247413
890,0.6360601453404677,PRUNED,0:00:01.315439,0.004174853972264673,13,39,47,36,0.5985721572093495
891,0.3155176938600736,PRUNED,0:00:07.895498,0.0024470476652348806,4,41,34,49,1.40072347989997
892,0.31668974714792086,PRUNED,0:00:07.611522,0.0024032251832280206,4,41,36,48,1.4052106465085743
893,1.5209191467451013,PRUNED,0:00:00.244052,0.0016784915109956313,140,22,35,46,0.5833690204087819
894,0.0046089306815637965,COMPLETE,0:00:31.775884,0.005467020050753351,17,42,48,21,0.5017159375166009
895,0.5377451585454434,PRUNED,0:00:01.000715,0.004984608396252494,18,42,48,35,0.5138644764602404
896,18.847229315286256,PRUNED,0:00:01.815166,0.08868260671167055,9,21,36,32,0.5610721625933496
897,0.57549844404646,PRUNED,0:00:01.840328,0.0036272641290567217,9,23,45,45,1.4283910443010979
898,0.5372438790306212,PRUNED,0:00:01.049689,0.005626845759986449,17,43,40,54,0.5373171901948861
899,0.3088784765045182,PRUNED,0:00:03.585782,0.0030932682382019076,9,40,35,47,0.5863459191840964
900,0.3060788306387914,PRUNED,0:00:07.793012,0.004412697628575851,4,42,37,21,0.8389542237961006
901,0.5395910425285096,PRUNED,0:00:01.304304,0.004258511350832956,13,46,46,33,0.6179887664555777
902,0.5452248219306729,PRUNED,0:00:01.808562,0.0027712938135929016,9,47,47,35,0.5351305460688118
903,0.7374115670044746,PRUNED,0:00:00.958110,0.002979511262109677,19,40,55,35,0.5604808423610612
904,0.5588240040385205,PRUNED,0:00:00.919955,0.00544943591801411,20,22,48,20,0.5593524298222013
905,0.6410063462969005,PRUNED,0:00:01.251669,0.0037499015386664165,14,42,34,47,0.5155505327741728
906,0.5614892030839159,PRUNED,0:00:01.850393,0.002105154543553713,9,39,43,49,0.6492431326372766
907,0.3251135289335013,PRUNED,0:00:04.117306,0.005968788447621909,8,37,56,51,0.5934292410410656
908,0.3132551612417682,PRUNED,0:00:02.473965,0.0054616160318191175,14,20,36,48,0.6080623611357566
909,0.2722827656199785,PRUNED,0:00:05.548692,0.006074804590112466,9,37,38,37,0.5707062934618555
910,0.5392482592376755,PRUNED,0:00:01.416544,0.003931430523592221,12,43,36,37,0.7097902041042127
911,0.53538772319055,PRUNED,0:00:02.071917,0.002770591488763074,8,41,35,34,1.3816160506631925
912,0.5628286761356823,PRUNED,0:00:01.121900,0.004451042779705702,16,43,47,32,1.453309629706126
913,0.5378899297921699,PRUNED,0:00:03.863643,0.0012668029886328666,4,21,38,36,0.5736293092194398
914,0.004205820442711863,COMPLETE,0:01:58.309218,0.002369036516998432,4,22,33,55,0.542394788385995
915,0.5529947698274036,PRUNED,0:00:03.984506,0.0012525573579436479,4,21,37,43,0.5522231352038458
916,0.5663750464958486,PRUNED,0:00:01.380006,0.0021476488892628676,12,48,41,43,0.5434201995616585
917,0.2944247405442547,PRUNED,0:00:07.771140,0.0033605353115227794,4,23,37,44,0.5333093894206676
918,0.670538122676415,PRUNED,0:00:00.850523,0.0033922779393254767,22,23,36,55,0.5311373517666844
919,1.4721766233444213,PRUNED,0:00:00.229776,0.0027441557751181705,162,39,54,33,1.4221679754813774
920,0.30143093501402884,PRUNED,0:00:03.628260,0.004498426289886932,9,44,35,47,0.5301667356275173
921,0.5889840997785691,PRUNED,0:00:01.343198,0.0036075412530645837,13,41,46,45,1.3919544087869282
922,0.26900252179100015,PRUNED,0:00:11.858715,0.0024762879518103096,4,46,37,32,1.112493439999896
923,0.5514691268153885,PRUNED,0:00:01.786042,0.0022607107225660577,9,22,37,31,0.5826446617051249
924,1.8469066749174128,PRUNED,0:00:01.056001,3.9660058476175424e-06,17,35,33,32,0.5585069019868891
925,0.2734200018614642,PRUNED,0:00:05.915013,0.0065225147155952,8,40,35,46,0.6016804592613938
926,0.5942540645659694,PRUNED,0:00:01.313513,0.004505931655282533,13,50,40,34,0.6403726377589923
927,0.31393674642756897,PRUNED,0:00:07.779068,0.0067651952115367646,4,39,34,47,0.5174417629542402
928,0.3116180908713323,PRUNED,0:00:02.800905,0.0068860486395394185,12,36,55,48,0.5201380105167634
929,0.6497758882595044,PRUNED,0:00:00.891669,0.003125820604346923,21,42,45,54,1.4398887218418077
930,0.005294820067892385,COMPLETE,0:00:55.441280,0.004570449078067849,9,22,42,35,0.5748764337399014
931,0.6830994106766557,PRUNED,0:00:01.805521,0.00474332720470778,9,43,36,35,0.5817992690480666
932,0.586056301478671,PRUNED,0:00:01.050273,0.0035162605023839745,17,20,48,34,0.5424222644263332
933,0.5997990716655716,PRUNED,0:00:01.824821,0.0019669072516307054,9,45,42,33,0.6224107847515923
934,0.6023453477291241,PRUNED,0:00:01.240443,0.0027257484092466488,14,43,41,56,0.5535092305883406
935,0.20195368622634954,PRUNED,0:00:17.554096,0.004067173486630267,8,44,46,46,0.5653904503865441
936,0.2687411085919005,PRUNED,0:00:05.301149,0.00397565617483726,9,56,47,46,1.3791296073474404
937,0.5890153503370663,PRUNED,0:00:01.061158,0.005369532602676596,17,44,46,38,1.0559209371245513
938,0.6198904766138895,PRUNED,0:00:01.216488,0.004856418798576237,15,41,38,50,0.9322367677889791
939,0.8798826946542154,PRUNED,0:00:00.510188,0.0029722440381559907,42,41,38,36,0.7924018491184481
940,0.8009011903650141,PRUNED,0:00:00.857900,0.0015463625990592795,22,38,35,35,1.2021859543194684
941,0.6379639608646507,PRUNED,0:00:00.789866,0.003888578091407053,24,38,36,48,0.5009317012513999
942,0.004286675950941475,COMPLETE,0:01:55.723223,0.0026388006025389013,4,22,36,30,0.5728885793867997
943,0.004365727493426544,COMPLETE,0:01:55.915292,0.002452414516580682,4,40,48,31,0.6015230671297958
944,0.6713610179269844,PRUNED,0:00:01.342634,0.0025476307281373243,13,42,37,45,1.3954108483100567
945,0.5954100703681583,PRUNED,0:00:01.423154,0.0032113492220687974,12,24,49,44,0.5956813354074025
946,0.29925636926278526,PRUNED,0:00:07.837477,0.0049135671268923506,4,40,23,49,0.6910506935634364
947,0.5308349624480286,PRUNED,0:00:03.992070,0.006469700548409479,4,21,36,30,1.1494626019411012
948,0.003931504230028155,COMPLETE,0:01:01.359861,0.003420179529122889,8,45,34,53,0.5516342739495107
949,0.5275032463736561,PRUNED,0:00:01.814828,0.003503419351748562,9,42,35,32,0.6045001956048641
950,0.5600783453435123,PRUNED,0:00:01.012180,0.006682724137318181,18,40,34,33,0.5705893407671278
951,0.6890318891116483,PRUNED,0:00:01.317571,0.0017752081283702514,13,45,21,39,0.5220590767674448
952,0.2384995328329717,PRUNED,0:00:07.963128,0.002963538252219009,8,43,39,53,0.5521061213992982
953,0.004598355683042956,COMPLETE,0:01:00.893102,0.004116542952137153,8,47,25,36,1.4831978704900923
954,0.5525392469570765,PRUNED,0:00:03.997128,0.002233808502432493,4,49,34,53,1.4143736329311172
955,0.23977960146045033,PRUNED,0:00:08.033737,0.005378754805286223,8,23,34,53,0.5154977657590644
956,0.004936287834814667,COMPLETE,0:01:49.115520,0.002733059178968087,4,46,33,54,0.5001849779780866
957,0.6005894065278918,PRUNED,0:00:01.800084,0.0015210126029734181,9,48,35,53,0.5365475073270723
958,0.7241931177613115,PRUNED,0:00:01.815214,0.0010240930976418143,9,47,35,52,0.5386725450657385
959,1.6592161133885384,PRUNED,0:00:00.249291,0.0010244662606339835,135,47,33,54,1.3762141238157302
960,0.5532867914970664,PRUNED,0:00:01.254039,0.004092657022547708,14,47,33,52,0.5009726020537705
961,0.5459067524521501,PRUNED,0:00:01.182150,0.004048532333604821,15,51,36,52,0.5173731494869221
962,0.19458537696585482,PRUNED,0:00:13.653771,0.005183110180473831,13,46,34,51,0.5566654527738364
963,0.574845233544763,PRUNED,0:00:02.021950,0.003111417295082859,8,39,34,51,1.4850368499367628
964,0.30865006154846136,PRUNED,0:00:07.804104,0.005480934575263747,4,46,35,38,0.5518990229835185
965,0.9916014142077545,PRUNED,0:00:00.272339,0.00797986272582195,111,45,37,55,0.9807139342313976
966,1.785242913576661,PRUNED,0:00:01.003996,1.5159233480697635e-06,17,41,36,34,1.443486827137266
967,1.2665402354026327,PRUNED,0:00:00.335861,0.0019108417983673927,66,20,53,52,0.521814445124837
968,0.6343319843644681,PRUNED,0:00:00.833699,0.0030312791199102558,20,24,35,53,0.5004557201428435
969,0.600864709396638,PRUNED,0:00:01.259593,0.00694880511607209,12,36,38,54,1.4017013091786796
970,0.19695561760769761,PRUNED,0:00:34.674031,0.003411645594135867,4,39,37,53,1.3695090343062895
971,0.3103568323102652,PRUNED,0:00:03.226517,0.004706710342478095,9,35,36,56,0.5357598387736839
972,0.645872076389505,PRUNED,0:00:01.267958,0.00199124361838799,12,48,32,37,0.5467626488524132
973,0.3046644629996414,PRUNED,0:00:06.965144,0.006205554546975039,4,37,35,34,0.557970309591711
974,0.6549276650040108,PRUNED,0:00:00.863191,0.0026462570626869537,19,23,37,54,1.4206754196666236
975,0.5593721039321911,PRUNED,0:00:01.637689,0.0036925810244143147,9,42,49,39,0.525392573785602
976,3.4494144381620946,PRUNED,0:00:01.051565,0.06200229182072364,15,45,36,50,0.5869594398867078
977,0.3001300253224551,PRUNED,0:00:03.581385,0.004620399540720339,8,21,36,33,1.3892811072104323
978,0.0038942313496548647,COMPLETE,0:01:43.030819,0.0029208743581936396,4,40,38,57,0.5181130576843666
979,0.7802933163729756,PRUNED,0:00:00.669728,0.0033604887167246983,26,40,38,34,0.5328559919075425
980,0.8577417765986429,PRUNED,0:00:01.410138,0.0006489209835204487,11,50,57,35,0.5621243200026501
981,0.6116046324845344,PRUNED,0:00:01.051631,0.007705591792389517,17,43,35,57,0.5495116006505812
982,0.6071358793513713,PRUNED,0:00:01.840023,0.005689094253123051,8,41,37,55,0.5841353414366045
983,0.6806494306757865,PRUNED,0:00:01.206332,0.0014662695343732302,13,34,38,51,0.627446929960472
984,1.3339484187392785,PRUNED,0:00:03.580644,7.847991479896647e-05,4,38,34,33,0.5184220227908366
985,1.4822917098090762,PRUNED,0:00:00.199078,0.0021745577311252785,154,39,39,43,0.5162891252729619
986,0.5234264790974696,PRUNED,0:00:03.417182,0.0018342355433407379,4,38,40,57,0.7559784972220971
987,0.30903217952192796,PRUNED,0:00:06.686316,0.0023683311611142734,4,39,38,58,0.5172982194382957
988,0.2980581340940894,PRUNED,0:00:03.079317,0.002716943933718063,9,40,38,57,0.5200416969414304
989,0.2264010827404572,PRUNED,0:00:05.840631,0.0042066220050680034,12,52,39,56,1.099269222901709
990,0.527273883999025,PRUNED,0:00:03.365014,0.001538945758690796,4,40,39,58,1.3662702676864442
991,0.5278542699182734,PRUNED,0:00:01.566729,0.0029886500034593624,9,39,39,58,0.5386805836250819
992,1.6516721376350947,PRUNED,0:00:00.169460,0.0019223124599647152,230,41,37,57,0.5110597252134017
993,0.5428216136085293,PRUNED,0:00:00.921451,0.005148324932946345,17,38,38,28,0.5001093527477277
994,0.5621986769473375,PRUNED,0:00:01.214051,0.0037662652720789665,12,40,37,58,1.3983580701769807
995,0.3072415186164165,PRUNED,0:00:06.723831,0.00639483589851362,4,41,55,56,0.5276775880646072
996,0.6808704041382846,PRUNED,0:00:00.773926,0.0023701128272516983,21,39,38,36,0.5376415519647163
997,1.7685899895590704,PRUNED,0:00:00.188165,0.0003208168184171033,177,36,40,32,0.6683919125346605
998,0.5433253027936992,PRUNED,0:00:01.567553,0.00453011963887091,9,37,37,38,1.4586277808134687
999,0.6183048015001812,PRUNED,0:00:01.076568,0.003059528538659797,14,50,54,39,1.3788976088574623
