trial_number,value,state,duration,lr,batch_size,latent_dim,poly_order,lambda1_metaweight
0,0.006538347035266246,COMPLETE,0:00:08.038243,0.01432961438010341,177,1,3,0.723092573370457
1,0.02249387411103385,COMPLETE,0:00:09.931496,2.048384009717859e-05,180,4,2,0.5248742544598803
2,0.023376848932392058,COMPLETE,0:00:06.922249,4.444191910840236e-06,208,2,2,1.3758806767365552
3,1.771507948386569,PRUNED,0:00:09.974807,2.1775059718877575e-06,54,2,2,1.04012415074045
4,0.02304956639514266,COMPLETE,0:00:07.697462,1.0754898192559656e-05,155,2,2,1.088788183990535
5,0.007865118073906167,COMPLETE,0:00:07.813730,0.0002894655145935851,139,1,2,0.6113136707565876
6,0.005963727047235035,COMPLETE,0:00:11.924671,0.0044958923338777775,132,2,3,1.490800184166532
7,0.005267687457273238,COMPLETE,0:00:12.874449,0.0009330395393487577,71,3,2,1.3248218662345328
8,0.0054238595268895585,COMPLETE,0:00:06.005309,0.002156774483030397,243,2,2,1.3822407373171157
9,1.7755689024925232,PRUNED,0:00:02.238235,1.1836434315767737e-05,154,4,3,0.7957210573571946
10,1.7813759975406636,PRUNED,0:00:03.042803,1.401688591213109e-06,6,1,3,1.3855260459580792
11,0.004989011167528853,COMPLETE,0:00:30.455338,0.0012960756178295972,18,2,2,0.722668869374474
12,0.005327115837841778,COMPLETE,0:00:15.310516,0.0006678800615939402,197,3,3,1.18137732159949
13,0.7720562955912422,PRUNED,0:00:02.987689,0.0002707064524802369,76,1,2,0.9731300754103656
14,0.005495704340405849,COMPLETE,0:00:14.299333,0.008886414059446159,59,3,2,1.2521255008613952
15,2.07807144412288,PRUNED,0:00:00.369432,0.07333084120608872,119,4,3,0.8565062060107209
16,0.005473606965536983,COMPLETE,0:00:09.450282,0.004515535937456902,220,2,3,0.5251502978987274
17,0.004792757701111741,COMPLETE,0:00:12.695969,0.00276876072041882,239,3,3,1.4916209614633422
18,1.763255509046408,PRUNED,0:00:00.165723,0.0007046427879559738,254,3,2,1.2544938217769448
19,1.7649926176437964,PRUNED,0:00:00.179473,0.0007144053631208501,251,3,2,1.2162165962585931
20,0.005775103221952169,COMPLETE,0:00:06.939375,0.0027378266175193565,254,3,2,1.2099052409594804
21,0.004857038638315875,COMPLETE,0:00:10.597887,0.001780283632865527,84,3,2,1.203380357282212
22,0.004741872630748597,COMPLETE,0:00:10.425231,0.003912665748893668,91,3,2,1.211755417821453
23,1.7775860077714267,PRUNED,0:00:00.293203,6.943782397653572e-05,89,3,2,1.4585299141493429
24,0.45695307767668436,PRUNED,0:00:03.814664,0.014712994279094905,30,3,2,1.3215005045652362
25,1.1641451716423035,PRUNED,0:00:01.970690,0.03988238195693067,30,3,2,1.3363244645129153
26,1.7742748381435007,PRUNED,0:00:00.272305,0.00011550960454599202,94,3,2,1.1302909258173401
27,0.25628636497208196,PRUNED,0:00:09.643526,0.001523969120303472,55,2,2,0.9458994373588812
28,0.0051188122530975155,COMPLETE,0:00:13.496296,0.002155937595106549,61,3,2,1.306961135982656
29,0.005612833202151509,COMPLETE,0:00:18.731851,0.012998538217440373,68,4,2,1.277629221748238
30,1.6159057718212322,PRUNED,0:00:00.268362,0.0012642087745419603,109,4,2,1.1641905123964507
31,1.667654420200147,PRUNED,0:00:00.271470,0.001083701091056653,113,4,2,1.1484084842710118
32,1.6437635296269466,PRUNED,0:00:00.369717,0.0006262181259691519,68,4,2,0.9759443494017597
33,1.777753617275845,PRUNED,0:00:00.340384,5.370469006673123e-05,73,3,2,1.000890544497756
34,0.49823042111737387,PRUNED,0:00:02.173316,0.02105443063729197,93,3,3,1.053579556380033
35,1.1598055855433147,PRUNED,0:00:02.066256,0.0365198951632317,43,3,3,0.9063736087133123
36,0.2880782261490822,PRUNED,0:00:04.607509,0.016670225024631516,183,3,3,0.8594394567836698
37,0.49021428645546755,PRUNED,0:00:01.857462,0.016618223297279994,96,2,3,0.8903976725569085
38,0.46710592806339263,PRUNED,0:00:02.127494,0.012695168182067253,92,3,3,1.4414569802244375
39,0.010181914651469297,COMPLETE,0:00:35.703319,0.007179714944743246,92,3,3,1.4418598957579478
40,0.005528419815755982,COMPLETE,0:00:08.827897,0.00756760710640657,163,3,2,1.4357036556556702
41,0.46441271430567693,PRUNED,0:00:01.127696,0.005351044559202729,172,4,2,1.3041052270912794
42,0.011848215099781283,COMPLETE,0:00:21.592751,0.006156624208323087,155,4,2,1.3007542086110437
43,0.005337831167680934,COMPLETE,0:00:13.692167,0.002067052763255928,50,2,2,1.2993889283479738
44,1.77013584912992,PRUNED,0:00:00.232705,0.00028730033810975156,126,2,2,1.4388028476869934
45,0.0050246265090078965,COMPLETE,0:00:07.236707,0.0031101558887894534,224,3,2,1.496578126280286
46,0.006698450204432544,COMPLETE,0:00:14.904064,0.003109556296088632,147,4,2,1.1005456034160146
47,0.00771095061496084,COMPLETE,0:00:21.632653,0.0026565905007526914,41,4,2,1.100315904009494
48,0.2543389792480166,PRUNED,0:01:00.416078,0.0031088358281281267,6,2,2,0.7064342437024099
49,1.6398232539494833,PRUNED,0:00:00.170166,0.002581086095730596,217,2,2,0.7523481000068825
50,0.2932217995877619,PRUNED,0:00:23.238774,0.0042067177364595795,7,2,2,1.4979060267409627
51,1.5202531516551971,PRUNED,0:00:00.165337,0.004072852566093944,201,2,2,0.6253461501047077
52,1.771387482511586,PRUNED,0:00:00.161915,0.0003432232477178829,226,2,2,1.4834306017749352
53,1.7744933579649245,PRUNED,0:00:00.145529,0.00042920429092382505,235,1,2,1.391792259043494
54,0.005611412848395504,COMPLETE,0:00:08.533477,0.00679136499278015,144,3,2,1.0952366859571898
55,1.7770559151967367,PRUNED,0:00:00.275633,0.00014472234662313716,145,3,3,1.1012473224505088
56,0.004821708040614031,COMPLETE,0:01:06.715371,0.0036611920160451454,8,3,2,1.3601981262342544
57,0.004421823241485766,COMPLETE,0:00:29.535199,0.007842732476348818,22,3,2,1.3832403451887545
58,0.004268308726031971,COMPLETE,0:01:00.845675,0.0016901706775614529,9,3,2,1.3752412475249742
59,0.005261801274792424,COMPLETE,0:00:46.174653,0.001147644574145251,12,3,2,1.4090090807657203
60,0.005209810767869495,COMPLETE,0:00:24.618769,0.001710378754245732,26,3,2,1.3619855605190159
61,0.00474610491150196,COMPLETE,0:00:41.309108,0.0017674719003868444,14,3,2,1.3646844596971381
62,0.006627153503506892,COMPLETE,0:00:28.307920,0.001390316396411365,24,3,2,1.3490094534011419
63,0.005330174020570675,COMPLETE,0:00:29.151591,0.001170370669178045,23,3,2,1.3707364704662295
64,0.004539914158467049,COMPLETE,0:00:31.683961,0.001143146212116912,19,3,2,1.3829471621206084
65,1.781426526449777,PRUNED,0:00:01.248527,4.279025715322928e-06,15,3,2,1.4000180590408275
66,0.40914032321709853,PRUNED,0:00:01.157905,0.010231129836717553,83,3,2,1.2155659200621742
67,1.7500177689961025,PRUNED,0:00:00.175242,0.0007890690244503324,188,2,2,1.402089415589427
68,0.006082486099554719,COMPLETE,0:00:19.251003,0.003739773318685347,39,3,2,0.6620819829623639
69,0.005159807735497689,COMPLETE,0:00:17.236221,0.0033871823967460604,42,3,2,1.2550720419365142
70,1.1598852924429452,PRUNED,0:00:00.718174,0.029458256406454594,62,3,2,1.2478502672951934
71,1.7318944873348359,PRUNED,0:00:00.271705,0.0005441668672995145,105,3,2,1.4681199530582678
72,1.9323968386650086,PRUNED,0:00:00.490776,0.07000247784559321,43,3,2,1.1885971986382844
73,0.005040577793874634,COMPLETE,0:00:11.565763,0.0020275126333790276,79,3,2,1.2581410099502595
74,0.005749937032712764,COMPLETE,0:00:20.685850,0.003988494868158411,34,3,2,1.3526906862453343
75,0.005225674317474338,COMPLETE,0:00:21.193127,0.0035876165078082087,35,3,2,1.254929900361445
76,1.7069309136224171,PRUNED,0:00:00.839617,0.00018120517269693914,34,3,3,1.2597796732972226
77,0.005497843310879118,COMPLETE,0:00:36.881153,0.0017312165848259455,16,3,2,0.5067797556374619
78,0.004315641973312935,COMPLETE,0:00:33.227758,0.003958635414711146,18,3,2,1.346100005091742
79,0.004774218710944708,COMPLETE,0:00:39.521221,0.003932834567557003,15,3,2,0.5015270123564395
80,0.2552046230091249,PRUNED,0:00:17.809439,0.009917623359974486,14,3,2,0.5116024110958035
81,0.004592546908685596,COMPLETE,0:00:33.072079,0.0008986521990044715,18,3,2,1.044676285367208
82,0.0044012616870142745,COMPLETE,0:00:39.083471,0.0009250122879921702,15,3,2,1.3319394989500974
83,0.005401304812736515,COMPLETE,0:00:41.289417,0.0008965564646316469,14,3,2,1.3346725592343942
84,0.2959811040082899,PRUNED,0:00:06.661602,0.009648780768861904,18,3,2,1.3299929810099744
85,0.004594508616142277,COMPLETE,0:01:34.288652,0.0009797972456437633,6,3,2,1.323148689325002
86,0.00516373019538131,COMPLETE,0:02:20.509360,0.0008355142851060577,4,3,2,1.4112311108129714
87,0.004675102828477914,COMPLETE,0:00:24.158157,0.005626460519458792,50,3,3,1.420039913321349
88,0.005207401730087217,COMPLETE,0:01:17.362261,0.0009155392353126259,7,3,2,1.4211106273716834
89,0.005261287663048461,COMPLETE,0:01:07.620510,0.0008737359188534807,8,3,2,1.4170550742971002
90,0.005103208577982915,COMPLETE,0:00:26.760631,0.0009211009109151832,23,3,2,1.421154609212419
91,0.3279158982818257,PRUNED,0:00:03.352211,0.0008635070151880898,22,3,2,1.032717817333159
92,1.3994176973467287,PRUNED,0:00:00.724621,0.0004918576198441009,28,3,2,1.414854990488633
93,0.004128927138793044,COMPLETE,0:02:10.722752,0.0010405431683532386,4,3,2,1.2879412135159876
94,0.004225584379384258,COMPLETE,0:00:14.637231,0.005533237623010801,51,3,2,1.4274279599838424
95,0.006349382342698215,COMPLETE,0:00:15.772185,0.005370595536052648,46,3,2,1.2804912932146923
96,0.005852046816168925,COMPLETE,0:00:32.744981,0.004974947184807307,51,3,3,1.3839511553654842
97,0.2880763750690133,PRUNED,0:00:05.264917,0.0062280730146246814,48,3,3,1.466300282098639
98,1.1165309779105648,PRUNED,0:00:00.415605,0.002286567259864847,52,3,2,1.3768894276857377
99,0.2080706706843697,PRUNED,0:00:19.524060,0.005415117529019421,31,3,2,1.4687394242760998
100,0.355493158636949,PRUNED,0:00:01.808792,0.001447253007504288,33,3,2,1.3846983058259892
101,0.517741494444238,PRUNED,0:00:05.811076,0.005265572393896316,6,3,2,1.3158791036343607
102,0.7466401029262484,PRUNED,0:00:01.874679,0.023348890861705673,20,3,2,1.429086304405644
103,1.221938510565725,PRUNED,0:00:01.570479,0.00039723840513812233,11,3,2,1.4600118336562669
104,0.4975636652340257,PRUNED,0:00:09.792302,0.007521306443284344,4,3,2,1.2808719147102792
105,1.553928799585465,PRUNED,0:00:00.377555,0.000657429470001629,59,3,2,1.2790529923100429
106,0.5507042860589664,PRUNED,0:00:05.979956,0.012191822167247728,6,3,2,1.3422665983719375
107,0.5068123041241018,PRUNED,0:00:01.373297,0.011861717936509034,29,3,2,1.3438893557064957
108,0.007499084192563685,COMPLETE,0:00:57.402650,0.0021523101429678252,10,3,2,0.561935735422424
109,0.004143921236398747,COMPLETE,0:00:30.848725,0.002449536047938716,20,3,2,0.798071983092662
110,0.0053775459681528175,COMPLETE,0:00:31.703444,0.0022688176534273767,19,3,2,0.813531651261135
111,0.005517931879107526,COMPLETE,0:00:24.701788,0.0023960201812256586,26,3,2,0.5754212361124837
112,0.005105553996328219,COMPLETE,0:00:30.862548,0.0023664858830263107,20,3,2,0.8176203271145233
113,0.005575384142259137,COMPLETE,0:00:19.664243,0.002245268120425981,38,3,2,1.317683412056211
114,1.5104292093296727,PRUNED,0:00:00.984875,0.0002134160393311481,19,3,2,1.3185907182805
115,1.0838186760273205,PRUNED,0:00:00.536115,0.0016011795279611107,38,3,2,1.2256486362803256
116,1.327574673982767,PRUNED,0:00:00.283394,0.002647045427359817,100,3,2,0.8006817428639716
117,0.34329786317216027,PRUNED,0:00:02.681934,0.0012169769982437718,21,3,2,0.9414879658345077
118,0.00460457519141524,COMPLETE,0:00:30.806224,0.0011769400869886812,19,3,2,1.3677643928988399
119,0.004627054735163961,COMPLETE,0:00:49.498175,0.0011871286991332352,11,3,2,0.9292414446582514
120,0.20917016119785506,PRUNED,0:00:30.007084,0.001936093226284926,11,3,2,1.3683411478476022
121,0.004015981129896945,COMPLETE,0:00:57.284968,0.0017779741863937354,10,3,2,1.3605994680115072
122,0.23059627882804465,PRUNED,0:00:15.972208,0.0015741399571762588,13,3,2,1.3656856215614548
123,0.34746257025142047,PRUNED,0:00:01.942365,0.0017626793421687962,30,3,2,1.3707079671816655
124,1.624801586803637,PRUNED,0:00:00.354597,0.0005971799472967561,68,3,2,1.2961992013305215
125,0.5205674695632748,PRUNED,0:00:08.440297,0.007759989854079134,4,3,2,1.4468364648046643
126,0.27046813721917257,PRUNED,0:00:06.918162,0.008403769359876363,27,3,2,1.141457942131433
127,1.7818502856337506,PRUNED,0:00:01.186672,1.1002550618132355e-06,28,4,3,1.4417031465601282
128,0.006331241222531115,COMPLETE,0:02:07.444339,0.001122743912530229,4,3,2,1.0615786067236124
129,1.6696250365704906,PRUNED,0:00:00.223079,0.0010994458066122576,133,3,2,1.403244692077939
130,1.040415163947503,PRUNED,0:00:00.739871,0.0013112568932475831,26,3,2,1.3924324002086466
131,0.296340421157245,PRUNED,0:00:09.280243,0.007854817194410897,16,3,2,1.4406010852521831
132,1.1365515169367861,PRUNED,0:00:01.146100,0.0006934289145643323,16,3,2,1.1547312870155981
133,1.7736604836297363,PRUNED,0:00:01.642391,1.8947258310146825e-05,11,3,2,1.1347182735801142
134,1.7771703801048335,PRUNED,0:00:00.826166,2.1526407318838933e-05,24,3,2,1.0361740493759766
135,0.005196713361437215,COMPLETE,0:00:20.532291,0.003254992203020289,36,3,2,1.352360527474797
136,0.0052812574456790745,COMPLETE,0:00:20.458522,0.0029104922919804678,35,3,2,1.3442341903476296
137,1.573164578365243,PRUNED,0:00:00.603566,0.00033273264647563217,35,3,2,1.3464544421566398
138,0.0043651553048266855,COMPLETE,0:00:36.401235,0.004388569338416864,16,3,2,0.7389075831916876
139,0.21235867153792393,PRUNED,0:00:27.629309,0.003671927552302416,15,3,2,1.062824004205238
140,1.1000272737320622,PRUNED,0:00:01.733044,0.000516932884256533,10,3,2,1.2360686154080862
141,0.006310810522123176,COMPLETE,0:00:39.589581,0.0031646419331217792,15,3,2,1.2978067292996764
142,0.004206339232211465,COMPLETE,0:00:28.813522,0.003047415674421462,21,3,2,0.7485362692681827
143,0.19814452068770633,PRUNED,0:00:24.676509,0.004503845425938126,21,3,2,0.8809463859873966
144,1.0222213648303726,PRUNED,0:00:00.986147,0.0010557475111149606,19,3,2,0.7574970949412034
145,0.484251784274394,PRUNED,0:00:07.618969,0.0011809791969841891,4,1,2,0.8464125804598659
146,1.215899141071594,PRUNED,0:00:01.489984,0.0004491846665923108,11,1,2,1.2989022677980606
147,0.004833138495826529,COMPLETE,0:00:45.273716,0.0013728795546992442,22,3,3,0.8493950915517723
148,0.21853634579373257,PRUNED,0:00:16.520968,0.004480037568766982,23,3,2,1.0551842661627302
149,0.004929695296130418,COMPLETE,0:00:29.162752,0.0013571748669165707,21,3,2,0.9916553471408159
150,0.008007296691305139,COMPLETE,0:00:28.021003,0.004646780217993538,23,3,2,0.6840739150769481
151,1.0227701838527408,PRUNED,0:00:00.851058,0.001330423117181221,23,3,2,0.7078275047185265
152,1.185999645238497,PRUNED,0:00:01.095022,0.0006384403402369406,18,3,2,0.7675852551762397
153,0.981108749870743,PRUNED,0:00:00.846423,0.0014528975887142413,23,3,2,0.7457074720555485
154,0.25162689569717617,PRUNED,0:00:15.048183,0.001427382009384844,10,3,2,0.7294460588838485
155,0.004620227989221361,COMPLETE,0:00:48.150107,0.0007484141195021972,11,3,2,0.7814853561547099
156,0.005162391483637133,COMPLETE,0:00:58.880636,0.0007851982470168029,9,3,2,0.7268765045152623
157,0.006355897707018887,COMPLETE,0:00:53.990411,0.0007911189347896324,10,3,2,0.644495671197894
158,0.2723997790705074,PRUNED,0:00:25.978557,0.0007917375476499357,4,3,2,0.6706760882042395
159,0.9741528862370894,PRUNED,0:00:00.879487,0.0018341484153473282,31,3,3,0.6584359606418521
160,0.005191952137655463,COMPLETE,0:00:58.687094,0.0007783428613637836,9,3,2,0.9490360683489895
161,0.0043838512033334345,COMPLETE,0:00:48.364679,0.0007746787135856045,11,3,2,0.7717607922414087
162,0.32712158412576053,PRUNED,0:00:05.795352,0.006142989318244194,9,3,2,0.7714022643959039
163,0.23935962657201781,PRUNED,0:00:38.551203,0.0008067677518904683,4,3,2,0.7865324148163383
164,0.4021460384186079,PRUNED,0:00:03.041666,0.0010049566938804169,12,3,2,0.9223486335666875
165,1.1128895107197434,PRUNED,0:00:00.509259,0.01571544620848503,44,3,2,1.3861276188544764
166,0.005818036642569195,COMPLETE,0:00:43.138841,0.0027075993442427534,15,3,2,1.3235669087691484
167,0.004949129852871028,COMPLETE,0:00:42.792501,0.001027928735363041,13,3,2,0.7369252152110859
168,0.004898866104120247,COMPLETE,0:00:41.498105,0.0009840859920540305,14,3,2,0.780266776808742
169,0.2081252048301756,PRUNED,0:00:32.575697,0.0026460349409783046,16,3,2,1.3288450214248044
170,1.0370181207619016,PRUNED,0:00:01.099420,0.000987078401856462,17,3,2,0.7460649688139849
171,1.1456633470692001,PRUNED,0:00:01.216605,0.0006659393550461879,15,3,2,0.8004007194819792
172,1.1958308921549425,PRUNED,0:00:01.297801,0.0005342655050265056,15,3,2,0.7765673478727708
173,1.3960593498030374,PRUNED,0:00:00.683359,0.0005312253204145741,30,3,2,0.7006655395962529
174,1.1568210402856003,PRUNED,0:00:00.703525,0.0010793603595178598,29,3,2,0.8143975461409076
175,0.00501788953420366,COMPLETE,0:01:06.623067,0.0017121134845940245,8,3,2,0.8203635753505049
176,0.004678305743251402,COMPLETE,0:01:03.258693,0.0018808042852623101,9,3,2,0.7353370633878961
177,0.005368684139957523,COMPLETE,0:00:35.559891,0.0020489726212283687,17,3,2,0.8360510674317349
178,0.005057144685498365,COMPLETE,0:00:34.663208,0.0018846568903824802,17,3,2,1.330951779003614
179,0.004427752293367706,COMPLETE,0:00:35.661381,0.0019812471897995465,18,3,2,1.4006018784568461
180,1.0177143472833794,PRUNED,0:00:00.974117,0.0016646330921527368,27,3,2,1.3974829802405908
181,0.2797448713572419,PRUNED,0:00:05.085915,0.005726645149849022,18,3,2,1.3768263647178214
182,1.289028588268492,PRUNED,0:00:00.244683,0.006108669288304099,120,3,2,0.8258612079318275
183,0.005035701556492683,COMPLETE,0:00:33.128588,0.0018707004238286411,18,3,2,1.3656038265818953
184,0.004182020614673336,COMPLETE,0:01:04.999806,0.0016034915254756659,8,3,2,1.4078209644463784
185,0.20131221387632758,PRUNED,0:00:48.793017,0.001979638127442959,8,3,2,1.4258296931564374
186,0.005307531050653038,COMPLETE,0:00:58.219545,0.002014185502011702,9,3,2,1.4233115837099384
187,1.1695815624291097,PRUNED,0:00:02.196211,0.00037106683472466,8,3,2,1.361022109861058
188,1.287104311871202,PRUNED,0:00:00.296996,0.0034435216692894097,89,3,2,1.3875323848463605
189,1.1218981773425372,PRUNED,0:00:00.416161,0.0042043481007489015,55,3,2,1.1856216095418175
190,0.48737046170813836,PRUNED,0:00:01.514634,0.00985205694681754,26,3,2,1.4133886420562989
191,0.004017611368158335,COMPLETE,0:00:53.065603,0.002758618263323264,10,3,2,0.7078965965007827
192,0.21458964950751844,PRUNED,0:00:33.384478,0.0016294030676921385,8,3,2,0.8751598217208243
193,0.2917527207828696,PRUNED,0:00:08.292058,0.0028648678433171814,8,3,2,1.4251632873568056
194,0.9656762763857841,PRUNED,0:00:00.808960,0.0015079108069076916,23,3,2,0.8872205143735448
195,0.23267750142102744,PRUNED,0:00:38.473802,0.0014593887762692694,4,3,2,1.4005479968973964
196,1.4690122590345496,PRUNED,0:00:00.309315,0.0012346084054136578,76,3,2,1.4059069341185537
197,0.242647883259872,PRUNED,0:00:20.309407,0.0024787002626873397,12,3,3,1.4530003693931584
198,0.005882285633596507,COMPLETE,0:00:52.948793,0.002447239885132818,10,3,2,0.7179636348888414
199,0.004121721680604076,COMPLETE,0:00:42.681498,0.0023910083131278128,13,3,2,0.7237158913001519
200,0.005082623199652504,COMPLETE,0:02:08.206094,0.0012188706538672658,4,3,2,0.7081422618458778
201,0.00599515290083549,COMPLETE,0:02:18.388909,0.0012039282114756195,4,3,2,0.7293102930490478
202,0.3812496423637808,PRUNED,0:00:08.096982,0.000638129066225289,4,3,2,1.3917505925348208
203,1.0161509611962005,PRUNED,0:00:00.959069,0.0011988741343133059,20,3,2,1.3504702569288702
204,0.9857075650314366,PRUNED,0:00:00.944044,0.0012136244827647801,20,3,2,0.7086139587180117
205,0.9839734332346768,PRUNED,0:00:00.955169,0.0012101145165387224,20,3,2,0.7069657806254713
206,0.2544206864435973,PRUNED,0:00:24.442757,0.0029086568808192334,4,3,2,0.7025112729658203
207,0.006216969025467691,COMPLETE,0:00:46.292727,0.003106688035762512,12,3,2,0.7592813164647967
208,0.22941081818026393,PRUNED,0:00:15.563880,0.0033232579111498813,12,3,2,1.3766850015454521
209,0.0069561649210692945,COMPLETE,0:00:43.280394,0.0034571966807013777,14,3,2,0.7607585549203989
210,0.2728067542980557,PRUNED,0:00:06.721647,0.0024382370225027174,13,3,2,0.7563211237147756
211,0.00532144296829145,COMPLETE,0:00:24.478404,0.004294743559939537,26,3,2,1.3470290981113477
212,0.26786494216108636,PRUNED,0:00:06.453759,0.0029972044317297117,14,3,2,0.7501575322263634
213,1.17265005391619,PRUNED,0:00:00.752916,0.0009484462369816293,26,3,2,1.013231542374992
214,0.21326858996695683,PRUNED,0:00:17.771688,0.0037364932863768775,14,3,2,0.7926443333407023
215,0.2077672320351102,PRUNED,0:00:26.498095,0.004156983771801893,14,3,2,0.7595805401316128
216,0.006171069929286458,COMPLETE,0:00:33.158218,0.004015604572312594,19,3,2,0.7971382452010983
217,1.1732554965677893,PRUNED,0:00:00.764691,0.0008468085841345109,25,3,2,0.6834409829450934
218,0.3059281844252385,PRUNED,0:00:08.155289,0.004923849078179238,20,3,2,1.3414005046093402
219,0.34797982532068117,PRUNED,0:00:02.886067,0.006802908763850044,19,3,2,1.3148990741745217
220,1.1158248685738619,PRUNED,0:00:00.382572,0.007204783929545325,63,3,2,1.311288027202271
221,0.30690542582047764,PRUNED,0:00:08.282700,0.005485415879736372,19,3,2,1.3644712951868971
222,0.22993393387843872,PRUNED,0:00:11.101433,0.004547695846216033,19,3,2,1.3685501784065424
223,0.004676985686695454,COMPLETE,0:00:21.792591,0.004569236558539663,32,3,2,1.3737013238372577
224,0.8691893589717371,PRUNED,0:00:01.140153,0.0015703435456625805,17,3,2,1.370660480255804
225,0.8706521676934283,PRUNED,0:00:00.951132,0.0015710151472498849,20,3,2,1.4757890695537055
226,0.8638772720514342,PRUNED,0:00:00.679269,0.002244541504613305,30,3,2,1.470475436096367
227,1.2240596162538007,PRUNED,0:00:00.866638,0.0006558288352634458,22,3,2,1.3820666845169916
228,0.24226576680895104,PRUNED,0:00:16.186976,0.0022014324743311084,8,3,2,0.7809714920821398
229,0.2169323686630944,PRUNED,0:01:06.861088,0.0020313441195020042,4,3,2,0.734854566403214
230,0.20251617339413014,PRUNED,0:00:42.803967,0.0019113429707029177,8,3,2,0.7190033693326702
231,0.0059171308719612875,COMPLETE,0:01:17.323902,0.0020162712753479238,7,3,2,0.6889369756000103
232,0.22663524342819139,PRUNED,0:00:46.193828,0.0020320692700970004,4,3,2,0.7353315793410661
233,0.2052099678206117,PRUNED,0:01:37.189631,0.0010659134363083505,4,3,3,0.7205536875844255
234,1.181453061218445,PRUNED,0:00:00.884431,0.0009890549788737438,31,3,3,0.7273912104988497
235,0.3720306213667144,PRUNED,0:00:02.849741,0.0011953354397700928,12,3,2,1.4041056329808743
236,1.1764676831430694,PRUNED,0:00:04.093799,0.008833922446149787,4,3,2,1.4362501618196766
237,0.39665539968570385,PRUNED,0:00:01.497314,0.005400106960679676,25,3,2,1.3914550114397928
238,0.004461528700022949,COMPLETE,0:00:59.345641,0.0018313776736277993,9,3,2,0.732358747676292
239,0.005513659719304886,COMPLETE,0:00:49.986368,0.001612996481007607,12,3,2,0.7308893289747033
240,0.004460561280037125,COMPLETE,0:00:51.567567,0.0014185951811835566,11,3,2,0.7387200469156375
241,0.8759458591166425,PRUNED,0:00:01.559132,0.0008342220806250996,11,3,2,0.6857043456055255
242,1.5580073971497386,PRUNED,0:00:00.196837,0.002581170445927404,171,3,2,1.3316211133411373
243,0.004129318094844449,COMPLETE,0:00:52.062479,0.0016021235403336279,11,3,2,0.7381947926900594
244,0.24884556172721423,PRUNED,0:00:08.480929,0.0015840636435756035,12,3,2,1.402325002718961
245,0.3230694470676913,PRUNED,0:00:04.509614,0.0014993354670264194,12,3,2,1.3549228250443535
246,1.0051605152639198,PRUNED,0:00:01.289909,0.0008956807081826221,15,3,2,1.3513986744811928
247,0.005544790193147408,COMPLETE,0:00:29.698136,0.002856468912314213,24,3,2,1.4116059361332323
248,0.22700667909663721,PRUNED,0:00:16.726679,0.0030288158200541047,10,3,2,1.1179787497337454
249,1.3192305132266013,PRUNED,0:00:00.292041,0.003347279435516384,105,3,2,1.415919405561739
250,0.3072169234429426,PRUNED,0:00:05.063740,0.0059689971739458215,16,3,2,0.9664349581914687
251,0.23068604719119717,PRUNED,0:00:14.518189,0.00144201187558787,10,3,2,0.7394011062611096
252,0.479358347680298,PRUNED,0:00:03.663125,0.0025631421175572686,10,3,2,0.74041798458146
253,0.9618612871463619,PRUNED,0:00:00.834957,0.0014823361721691816,24,3,2,0.7693695520508439
254,0.2747922792312331,PRUNED,0:00:07.329711,0.0010135317539071425,10,3,2,0.9107547979085061
255,0.9864666413015394,PRUNED,0:00:01.243366,0.0010929159106124033,16,3,2,1.390336327261485
256,1.0523178288217128,PRUNED,0:00:01.068921,0.001095188055369687,19,3,2,1.3836105418947158
257,1.058563295968626,PRUNED,0:00:01.178901,0.0009329760454984798,17,3,2,1.374171550054082
258,0.24186040056603295,PRUNED,0:00:08.717120,0.002458025962993647,23,3,3,1.4485531922645942
259,1.2130198669967367,PRUNED,0:00:01.102652,0.000702948149392077,24,3,3,1.4342655198399996
260,0.28213383689397525,PRUNED,0:00:07.818517,0.0026648398979277244,9,3,2,1.3358918474043922
261,0.9766787096593507,PRUNED,0:00:00.613264,0.0021907560394411186,38,3,2,1.3320726002404255
262,0.8424000837481939,PRUNED,0:00:00.691604,0.002493980922129605,31,3,2,1.327616241503728
263,0.005706953801430449,COMPLETE,0:00:21.227653,0.003651738126208962,33,3,2,0.7812917843056891
264,0.22454574599966304,PRUNED,0:00:14.016440,0.0038179982818328097,15,3,2,0.7863985571454862
265,0.23528910775632014,PRUNED,0:00:13.294477,0.004965317813771828,15,3,2,0.7776099328227514
266,0.3114228084757553,PRUNED,0:00:03.750296,0.004835667085546923,16,3,2,1.2846135140670303
267,0.0066275514540769555,COMPLETE,0:00:35.302852,0.004568272472265057,19,3,2,0.7734124658388742
268,0.22290020694821586,PRUNED,0:00:13.979588,0.004897214517989412,15,3,2,0.7724553551990259
269,0.2672838869489434,PRUNED,0:00:06.272133,0.007224739436203233,15,3,2,0.7934354378735298
270,0.8584079313901515,PRUNED,0:00:01.281883,0.001374935454475472,14,3,2,0.7818004113726086
271,0.8452142507602007,PRUNED,0:00:01.270324,0.001420578275761634,15,3,2,0.7758547582805424
272,1.1190200630045715,PRUNED,0:00:01.250938,0.0007202047185263906,15,3,2,0.7673781290073611
273,0.8556309711109211,PRUNED,0:00:02.241595,0.0007414454727922301,8,3,2,0.7652001297922433
274,0.8310034336830053,PRUNED,0:00:01.976723,0.0007668485924718267,9,3,2,0.6721581019790677
275,0.004749849758202372,COMPLETE,0:01:05.972789,0.0017171038018744512,8,3,2,1.0793286144058682
276,0.0041282778178485255,COMPLETE,0:01:07.022780,0.001783979051699265,8,3,2,0.7486068654442707
277,1.7793865418122485,PRUNED,0:00:00.915475,4.907615393765907e-06,21,3,2,0.6914238034745561
278,0.8472766374645669,PRUNED,0:00:01.017433,0.0017283859494940266,21,3,2,0.6370349666154362
279,0.8739546708811342,PRUNED,0:00:00.935083,0.0017801208297009048,21,3,2,0.7534620336874108
280,0.005107625814170309,COMPLETE,0:01:09.884662,0.001877072194956402,8,3,2,0.7153564618526398
281,1.7783467846532022,PRUNED,0:00:00.185320,9.096805299817302e-05,209,3,2,0.7483568820444492
282,1.109075465839203,PRUNED,0:00:02.270404,0.0004789448516412461,8,3,2,0.5936778812207082
283,1.0222502727697083,PRUNED,0:00:02.343846,0.0005206386726016533,8,3,2,0.7045325857900435
284,1.1011166966533008,PRUNED,0:00:02.291735,0.0005080308366932965,8,3,2,0.7202773341193894
285,0.2749563305839604,PRUNED,0:00:07.736012,0.0012613345504455503,9,3,2,0.7042471672250589
286,0.27515397168890776,PRUNED,0:00:17.278300,0.0011991527270448115,4,3,2,1.0831348878950358
287,0.9430716834148439,PRUNED,0:00:00.832990,0.0018165422516187375,27,3,2,0.709187168899297
288,0.3065181755011955,PRUNED,0:00:13.078802,0.001310954762938618,4,3,2,1.4208209923409787
289,0.3694013221495187,PRUNED,0:00:02.908190,0.0012551261481298028,12,3,2,1.303875939196649
290,1.459652225510413,PRUNED,0:00:01.052506,0.00024122364204357772,18,3,2,1.3582797698219187
291,0.20275775965994425,PRUNED,0:01:19.828147,0.0009502321851418291,4,3,2,1.4183942670775411
292,0.004920392376826455,COMPLETE,0:02:13.485785,0.0009614051662307652,4,3,2,1.4221683886655792
293,1.1502283275628291,PRUNED,0:00:00.739296,0.0009867435734228916,27,3,2,1.40094208839032
294,0.2739167824095371,PRUNED,0:00:03.475256,0.0020041823859589867,21,3,2,1.3882706537630942
295,0.3579471612476414,PRUNED,0:00:02.802443,0.011516105510870765,20,3,2,1.3861330868429973
296,1.0584150573619608,PRUNED,0:00:01.046545,0.0009009304282269339,18,3,2,1.3585480014793134
297,0.5150872786988073,PRUNED,0:00:03.166272,0.012430839087280756,12,4,2,0.7358676720984101
298,0.23955693759330332,PRUNED,0:00:11.748689,0.001711214537970781,11,3,2,0.8141976146120924
299,0.006024545950552896,COMPLETE,0:00:55.524859,0.0016070515290353643,11,4,2,0.8044301719894744
300,0.26141591208861836,PRUNED,0:00:07.103271,0.0015856370829492976,12,3,2,0.8142510628601791
301,1.3377239365636566,PRUNED,0:00:00.313824,0.00213098147190651,80,3,2,0.8655434671838996
302,0.006915632116056514,COMPLETE,0:00:24.067099,0.0030719534258590803,27,3,2,0.7509657712644944
303,1.147143955128666,PRUNED,0:00:00.837139,0.0009211125354942973,25,3,2,1.4267359005965154
304,0.8772968620808556,PRUNED,0:00:02.680790,0.0006287776184479777,7,3,2,0.7467947790554537
305,1.2552034623093076,PRUNED,0:00:00.356509,0.0030935640724809726,72,3,2,1.4474918085795903
306,0.48681853162614924,PRUNED,0:00:02.878539,0.006407223076288733,13,3,2,1.3435718734757487
307,0.4008352573151174,PRUNED,0:00:01.450043,0.0084746590582453,28,3,2,1.4126787609545584
308,0.006131814426901789,COMPLETE,0:00:37.121945,0.0024831941535113674,17,3,2,0.6584359343818891
309,0.37927710808931836,PRUNED,0:00:02.157766,0.0022287934896316986,17,2,2,1.3187805700364115
310,0.25760179516832676,PRUNED,0:00:30.945062,0.001454289458457669,4,3,3,1.0078855007874545
311,1.2810927067484175,PRUNED,0:00:00.456287,0.0011429128274808558,46,3,2,0.7226858381437312
312,1.3339904520822607,PRUNED,0:00:00.528463,0.0013109839590721795,56,3,3,1.366840455647028
313,0.9393167583021655,PRUNED,0:00:01.483800,0.0008416354856364219,12,3,2,1.008338869516261
314,0.2834331991236801,PRUNED,0:00:17.069476,0.0015104961929811908,4,3,2,1.007654357896776
315,0.22804073493072494,PRUNED,0:00:54.990526,0.0023533169972518022,5,3,2,0.7452754907940928
316,0.2985315167776342,PRUNED,0:00:10.848189,0.0024337970193741214,5,3,2,0.6810905925151594
317,0.2505756889625746,PRUNED,0:00:24.293723,0.002405091174654192,5,3,2,0.7469908074543963
318,1.7282440309171323,PRUNED,0:00:00.187785,0.0014405308135696097,245,3,2,0.7417606296755173
319,1.632286509323298,PRUNED,0:00:03.189494,4.729498999219626e-05,6,3,2,0.6916600565122636
320,0.3860205595067251,PRUNED,0:00:09.003667,0.001045522496143574,4,3,2,0.7499498174101844
321,1.0808443568953097,PRUNED,0:00:00.928682,0.00104860579841599,22,3,2,0.7489048888232482
322,1.0695387836634982,PRUNED,0:00:01.302421,0.0007161764391731557,14,3,2,0.7217206381480525
323,1.1776158857059895,PRUNED,0:00:01.371724,0.0006159511900086756,14,3,2,0.9286108960708277
324,0.004118384435716932,COMPLETE,0:00:38.982177,0.002084994761868031,17,3,2,1.270331512952729
325,1.0704905052911746,PRUNED,0:00:00.922035,0.0010498657046731363,22,3,2,1.2734776345241299
326,0.2716874908499357,PRUNED,0:00:04.376451,0.0021328989413750797,18,3,2,0.8380361683320546
327,0.0041551180380946014,COMPLETE,0:00:38.538931,0.0019739565584015796,17,3,2,1.3464783334416464
328,0.189328868578629,PRUNED,0:00:35.940323,0.0020154420193029274,18,3,2,1.3020988923815535
329,0.21532508659444444,PRUNED,0:00:22.870402,0.003565783643673971,11,3,2,0.9803264114979181
330,0.2316891039485362,PRUNED,0:00:13.539235,0.0035766274359545253,12,3,2,1.3457397101620483
331,0.005196407212992876,COMPLETE,0:00:52.625352,0.0018338724038848774,12,3,2,1.2950554923177748
332,0.0050551049794977584,COMPLETE,0:00:40.001442,0.001823847929966892,17,3,2,1.3036680211188676
333,0.2208552347345752,PRUNED,0:00:12.021127,0.0018908045595607565,20,3,2,1.374330926778336
334,1.5514401122927666,PRUNED,0:00:00.246697,0.0018853630962019064,135,3,2,1.3025156428741973
335,0.9605529047027022,PRUNED,0:00:01.066196,0.0013051116820831606,18,3,2,1.3798840191913542
336,0.9703766009700832,PRUNED,0:00:00.739595,0.0029653379547494533,24,1,2,1.1640790668046566
337,0.9854997619116816,PRUNED,0:00:00.731897,0.002975919130092023,25,1,2,1.1990208272293292
338,1.2799194019938271,PRUNED,0:00:01.156513,0.06115153723767813,17,3,2,1.2645853449864888
339,0.31945456465873767,PRUNED,0:00:03.354928,0.0019360998726338818,17,3,2,1.288044009752591
340,1.606518498488835,PRUNED,0:00:00.221199,0.001823644637256733,154,3,2,1.2826371314753304
341,1.3616710556488412,PRUNED,0:00:01.012436,0.0004168779364497335,21,3,2,1.2351754233689463
342,0.29757441904939597,PRUNED,0:00:04.455374,0.002387912522497784,14,3,2,1.3283711543395116
343,1.5778516916667713,PRUNED,0:00:00.184618,0.002777602643098458,189,3,2,1.3235453783994242
344,0.21539900679864102,PRUNED,0:00:19.945819,0.002615119213563949,12,3,2,1.320025530067092
345,1.041402417421341,PRUNED,0:00:00.705952,0.0015300278083305845,30,3,2,1.3532096058015795
346,0.9635077136110014,PRUNED,0:00:01.538054,0.0008018916006964967,12,3,2,1.333611119580223
347,0.21949418918239785,PRUNED,0:00:13.848036,0.0022707418057297583,14,3,2,1.3363514328120674
348,0.806895164138112,PRUNED,0:00:00.598769,0.003838857028520233,36,3,2,1.3153423194686327
349,0.30608023882575847,PRUNED,0:00:04.300832,0.002565405790454353,13,3,2,1.340765671152347
350,0.8377524988892477,PRUNED,0:00:00.908963,0.002630670865007463,25,3,2,1.3594133259330272
351,0.19929863363179764,PRUNED,0:00:32.911234,0.0021846081933200655,14,3,2,1.4012825712685275
352,0.19462388815303241,PRUNED,0:00:51.253907,0.0015718637706663412,10,3,2,1.3939394793117765
353,0.8699766337259175,PRUNED,0:00:00.867915,0.0016332953399650209,22,3,2,1.3964524114858297
354,0.30495079887472615,PRUNED,0:00:06.794682,0.0014586648296500463,9,3,2,1.3684721698176918
355,1.09115557587424,PRUNED,0:00:00.685091,0.0012729742008213913,30,3,2,0.5457813533258806
356,0.26261771720397725,PRUNED,0:00:06.358169,0.003760061293513077,15,3,2,1.3913236461447316
357,0.2823383207570524,PRUNED,0:00:07.243080,0.0034748569992145814,10,3,2,0.7223071477778774
358,0.006014526108329451,COMPLETE,0:00:33.163908,0.0033001006256552366,23,3,2,1.3906416528952572
359,1.3748703143813394,PRUNED,0:00:00.244347,0.0037985944846730627,118,3,2,1.403619898417318
360,0.25057963277235,PRUNED,0:00:12.718054,0.0032703812051044943,10,3,2,0.7221295316280845
361,1.0054935628814357,PRUNED,0:00:00.904536,0.0013121836267609573,23,3,2,0.7253088473890322
362,0.2998983127792843,PRUNED,0:00:06.043374,0.0016629213242914589,9,3,2,1.381146066345395
363,0.2527217660151443,PRUNED,0:00:09.623834,0.0016920316838644675,9,3,2,1.3493189626888793
364,0.30244796794085277,PRUNED,0:00:05.726186,0.0016808289888551565,9,3,2,1.3555974505495794
365,0.8588234922533369,PRUNED,0:00:00.816162,0.0021532084131900553,25,3,2,0.6976826012739827
366,0.3001037583460469,PRUNED,0:00:03.185554,0.005747713756235586,19,3,2,1.3583886263453446
367,1.0016521736516715,PRUNED,0:00:00.975726,0.001186481487129271,20,3,2,0.7606212779387752
368,0.35103235519849335,PRUNED,0:00:01.280424,0.006613861461419352,33,3,2,1.3579126108549227
369,0.2727349865347592,PRUNED,0:00:06.182266,0.005901103129015716,16,3,2,1.352793900549017
370,1.0302845159302587,PRUNED,0:00:00.758231,0.0013334525707956015,28,3,2,0.7042174649619631
371,1.7814695036929586,PRUNED,0:00:00.796454,2.2025014230526082e-06,28,3,2,1.2538165906016456
372,0.8304595356045464,PRUNED,0:00:00.995051,0.0030809302918650932,26,3,2,0.6669779245290439
373,0.005552823559870822,COMPLETE,0:00:40.098167,0.0030781013948322413,17,3,2,0.6610955426762457
374,0.19462292511311788,PRUNED,0:00:30.672754,0.003083256593390341,17,3,2,1.4979156285529889
375,0.9787963986712158,PRUNED,0:00:01.600967,0.0010932703497218887,17,3,2,1.441908014272591
376,0.3537457844331151,PRUNED,0:00:03.488532,0.009067172029492688,17,3,2,1.399002405987399
377,0.3481213398677208,PRUNED,0:00:03.667710,0.0021908385608463282,15,3,2,1.406815399666993
378,0.25886185860184774,PRUNED,0:00:05.962296,0.002158349401309134,22,3,2,0.7582854948482426
379,0.2518249881131197,PRUNED,0:00:08.939689,0.004592076231501088,21,3,2,1.3777781567461436
380,0.9393465574483694,PRUNED,0:00:01.401248,0.0013777688385383494,20,3,2,1.1163162672122215
381,0.23189146232371236,PRUNED,0:00:11.978852,0.0043002238621955725,21,3,2,1.3758368658819766
382,0.26288558986237454,PRUNED,0:00:14.016838,0.00280712832085594,8,3,2,0.7649299514909205
383,0.9239287809555575,PRUNED,0:00:00.664056,0.0028857804812221087,40,3,2,1.3765141294563135
384,0.4103672133983016,PRUNED,0:00:05.893724,0.0009216381703729068,9,3,2,1.456758323180356
385,0.8192213942038167,PRUNED,0:00:02.890960,0.0008082317823790155,8,3,2,0.7365139801936331
386,0.26931921975828643,PRUNED,0:00:18.319334,0.0011308757242943898,4,3,2,1.4909430958321468
387,1.2120093432154186,PRUNED,0:00:04.397433,0.019303970168921387,4,3,2,1.3159925429443307
388,0.3017774713533011,PRUNED,0:00:13.047749,0.0014226796494743615,4,3,2,1.3168396416265455
389,0.26815541584977176,PRUNED,0:00:16.783788,0.0013896551284867727,4,3,2,1.335873445623324
390,0.8619534212809342,PRUNED,0:00:01.325216,0.0011985394486172774,13,2,2,0.6147875143055066
391,0.884209550868452,PRUNED,0:00:01.250955,0.0011572252483007348,14,2,2,0.792092712376961
392,1.041157290721551,PRUNED,0:00:00.626979,0.0015550464079894684,33,3,2,1.4924263641466897
393,1.1666024077883412,PRUNED,0:00:01.266420,0.0005870562837846362,15,3,2,0.6853242331080353
394,0.2071944169426432,PRUNED,0:01:10.171493,0.001891921904239296,4,3,2,0.6976093871266758
395,0.2750601885991604,PRUNED,0:00:07.825535,0.0018979778092674392,9,3,2,0.730181356150391
396,0.25086142121817673,PRUNED,0:00:28.902020,0.0019988307816287596,4,3,2,0.7090505306711214
397,0.3103081122332928,PRUNED,0:00:03.171460,0.0019988180556030047,18,3,2,1.269466126254712
398,0.9405979172271841,PRUNED,0:00:00.746615,0.0020353843651281364,27,3,2,0.716975309083549
399,1.0984906041867113,PRUNED,0:00:00.914112,0.0008891681425307636,22,3,2,1.2729690891903753
400,0.22780182126622933,PRUNED,0:00:08.031448,0.0025046063372842664,19,3,2,1.3338290104289339
401,1.3950088147133115,PRUNED,0:00:01.092649,0.0002845500141479263,17,3,2,1.3388473504711351
402,0.21452005621356654,PRUNED,0:00:35.283865,0.00248100216959532,8,3,2,1.4354033853933703
403,0.25311806473236154,PRUNED,0:00:11.290712,0.001060009130330324,8,3,2,1.4250289292056357
404,1.3439667020271073,PRUNED,0:00:00.280019,0.0025321942784363454,97,3,2,0.7361325918493489
405,0.365091219474909,PRUNED,0:00:03.068017,0.007477059234840689,12,3,2,1.4293865199579845
406,1.028135916190361,PRUNED,0:00:01.531270,0.0006671404693722931,12,3,2,0.7631457639027507
407,0.9518534200002394,PRUNED,0:00:01.921219,0.0006842702866575438,10,3,2,0.6992216880442027
408,1.6510900964068995,PRUNED,0:00:00.826678,0.00017602284443456528,25,3,2,1.30562828750059
409,0.3287839315284234,PRUNED,0:00:06.609918,0.0046027565381784276,8,3,2,0.7092421762985514
410,0.2611418936962951,PRUNED,0:00:12.292764,0.00174449378632261,8,3,2,1.3668820545748943
411,0.27020130703011813,PRUNED,0:00:08.695722,0.0017558649529011443,9,3,2,0.700468574671632
412,1.2043894856021955,PRUNED,0:00:00.689741,0.000998262345550802,31,3,2,1.3728937726008517
413,0.2955140680679921,PRUNED,0:00:07.188804,0.004154154391002852,9,3,2,0.7114149686640036
414,0.30698402455219853,PRUNED,0:00:05.340003,0.00464213848467495,13,3,2,0.7409856319313997
415,0.889179804282529,PRUNED,0:00:01.194465,0.0017474233471296767,23,3,2,0.7440145456790886
416,0.8034398329803367,PRUNED,0:00:01.751978,0.001506489087826966,14,3,2,0.7892631290707506
417,1.3287952619023842,PRUNED,0:00:00.437802,0.0015447677749626748,64,4,2,1.3594038050508452
418,0.34708525853998523,PRUNED,0:00:02.905026,0.0021144688249161965,14,3,2,1.2137860960044273
419,0.2156519630278637,PRUNED,0:00:15.484066,0.0021716115761531924,14,3,2,1.2933692498379274
420,1.4685497050191842,PRUNED,0:00:00.319713,0.002501589909958157,127,3,2,1.286850720819017
421,1.0135888169000755,PRUNED,0:00:01.294531,0.0008290624732912122,15,3,2,0.7550641922608556
422,0.46113739998234426,PRUNED,0:00:01.589715,0.010187946967782939,26,3,2,1.0359978512821142
423,0.9754172617974488,PRUNED,0:00:00.805518,0.0021475498192460524,28,3,2,1.4109347606200506
424,1.0199517366153743,PRUNED,0:00:00.953825,0.001182864647857188,21,3,2,1.2193991848256807
425,1.0133973631244269,PRUNED,0:00:01.015159,0.0011578430150912466,20,3,2,0.959952483032363
426,1.7429522999695368,PRUNED,0:00:00.191575,0.0011883476739057925,231,3,2,1.438658277918119
427,1.0021047819089266,PRUNED,0:00:00.971314,0.0012042263141133964,21,3,2,0.9608813801684206
428,0.004144147409798184,COMPLETE,0:00:30.806798,0.0036369992353722396,21,3,2,0.7755782584628531
429,0.20607303268685728,PRUNED,0:00:19.412348,0.0036037218983641355,18,3,2,1.3426941006271673
430,0.004090654281661542,COMPLETE,0:00:20.861086,0.003651838182458847,37,3,2,0.7653081843134811
431,0.3104155347985629,PRUNED,0:00:03.475970,0.003771447304247125,19,3,2,1.323430353423261
432,0.8019525627295176,PRUNED,0:00:00.591531,0.0035098046311001657,39,3,2,1.3398507747566981
433,0.2690065700505207,PRUNED,0:00:06.793138,0.005739287472101632,16,3,2,1.3883025281044297
434,0.2727098029219743,PRUNED,0:00:07.371966,0.005790162806582202,15,3,2,1.3849173329296718
435,0.3001775139970566,PRUNED,0:00:04.530460,0.002699944941559037,12,3,2,1.465239820154088
436,0.005143249385955631,COMPLETE,0:00:58.460225,0.0027623344571315275,11,3,2,0.7601513685164637
437,1.2745538644058994,PRUNED,0:00:00.642727,0.0009115853356789408,34,3,2,0.7700058216997193
438,0.3030376808710888,PRUNED,0:00:06.455701,0.002782635342210461,8,3,2,1.4582832774956564
439,0.3037375544161903,PRUNED,0:00:13.118587,0.0014610466103576482,4,3,2,1.3526036072417291
440,1.0154785547661878,PRUNED,0:00:00.803301,0.0014417435439723165,26,3,2,0.6782898676752247
441,1.1987050052231818,PRUNED,0:00:00.897487,0.0008054083298478089,24,3,2,1.349193377158523
442,0.21503479854385849,PRUNED,0:00:54.902891,0.0014459496087308808,4,3,2,1.4066734592969188
443,1.3337292564220917,PRUNED,0:00:00.215563,0.007734430387150238,165,3,2,0.6400062438856746
444,0.21697046614691595,PRUNED,0:00:50.015342,0.001515546270989661,4,3,2,0.7309860232085508
445,0.22083450985810305,PRUNED,0:00:54.721032,0.0014021818058038292,4,3,2,0.728568453949313
446,0.9987531260464543,PRUNED,0:00:00.488767,0.004125824756308425,50,3,2,0.7949957118010695
447,0.8092530403264175,PRUNED,0:00:00.564018,0.005286643635284235,38,3,2,0.7709498451242331
448,0.3473469586326526,PRUNED,0:00:01.371262,0.003139733249405363,31,3,2,0.7497109695314228
449,0.27626161900804763,PRUNED,0:00:18.094972,0.0033746195885503757,4,3,2,0.8255703770943964
450,1.3000942537025229,PRUNED,0:00:01.787644,0.0970986246529367,11,3,2,0.8007040385073332
451,0.27677566778485385,PRUNED,0:00:17.453467,0.0029037461705656367,4,3,2,0.728041307227348
452,0.0056202433983850485,COMPLETE,0:00:19.746467,0.004355983955685339,35,3,2,0.7864544535399999
453,0.8415628058515536,PRUNED,0:00:00.514733,0.004008504869784076,41,3,2,0.7771095881539792
454,0.976889455318451,PRUNED,0:00:00.469583,0.003246073748277124,46,3,2,0.8293443596449571
455,0.005679029528051129,COMPLETE,0:00:22.737546,0.004699692031419014,33,3,2,0.8150724049429852
456,0.005086280499510922,COMPLETE,0:00:29.222861,0.004960383776437569,26,3,2,0.8023478138647632
457,0.30228797453813827,PRUNED,0:00:01.927188,0.005020300748853595,31,3,2,0.7626147046518363
458,0.23104521843479642,PRUNED,0:00:05.668731,0.006721276427917422,24,3,2,0.7853213861843764
459,0.8640121862231961,PRUNED,0:00:00.805480,0.0024799912751834107,26,3,2,0.8065591672736112
460,0.2267295910843781,PRUNED,0:00:07.919241,0.006362536747567357,23,3,2,0.7350495642687864
461,0.30805329033751894,PRUNED,0:00:02.763562,0.0025756924049455056,21,3,2,0.7334934613790457
462,0.004110752451213933,COMPLETE,0:00:28.522136,0.005271073070696127,29,3,2,0.7617757557145807
463,0.005985225788657644,COMPLETE,0:00:28.166485,0.004111521002464907,29,3,2,0.7590008037706756
464,0.006718526393825309,COMPLETE,0:00:43.481923,0.003660441671418987,17,3,2,0.7595678014778027
465,0.9781182219047804,PRUNED,0:00:00.685363,0.002181982850472203,29,3,2,0.7570805565543375
466,0.19488041605504733,PRUNED,0:00:37.559880,0.0036517142073776536,17,3,2,0.7720939377744108
467,0.005005704968031756,COMPLETE,0:00:43.723594,0.0033687596130117146,17,3,2,0.8508538766181455
468,0.28486009423064174,PRUNED,0:00:05.530226,0.0032154537134321975,17,3,2,0.8948474522379862
469,0.004192358271099008,COMPLETE,0:00:42.080441,0.0036659758953643774,18,3,2,0.7475676290950782
470,0.29396237528958574,PRUNED,0:00:03.553949,0.003439313042018339,18,3,2,0.7795840782697784
471,0.21613824421785124,PRUNED,0:00:14.721923,0.00386197422510825,18,3,2,1.241866169269608
472,0.5138089194109565,PRUNED,0:00:03.795005,0.014728904826735521,13,3,2,0.7580465076001596
473,0.7967782240120971,PRUNED,0:00:01.802078,0.001992739559624668,18,3,2,0.7474662471845593
474,0.31826170074524185,PRUNED,0:00:04.120561,0.00838872347670944,14,3,2,0.6902524990052569
475,0.4711059190936991,PRUNED,0:00:01.458480,0.010873975373363433,29,3,2,0.7686173956711003
476,0.23643084591173608,PRUNED,0:00:05.056661,0.009019419007244098,35,3,2,0.7141046073067691
477,0.24014382351722036,PRUNED,0:00:10.881934,0.008425169800778141,23,3,2,0.7202681355979523
478,1.146310969988505,PRUNED,0:00:00.341977,0.006821452644456761,86,3,2,0.7182781425910952
479,0.2861301430007991,PRUNED,0:00:10.807637,0.005661252738870553,21,3,2,0.7410284757644512
480,0.27102644583337926,PRUNED,0:00:10.374677,0.006033762686644528,22,3,2,0.7793624955938979
481,0.2525390118026911,PRUNED,0:00:11.347289,0.006661180890703031,24,3,2,0.7742897620282991
482,1.199911980305688,PRUNED,0:00:00.268411,0.005230029641166099,109,3,2,0.7481088759653605
483,1.7788409284182958,PRUNED,0:00:01.274312,8.890178805885188e-06,23,3,2,0.7797270189822136
484,0.9753269433595573,PRUNED,0:00:00.582450,0.0024809793489731407,41,3,2,0.7746539566108335
485,1.5406204422314962,PRUNED,0:00:00.304757,0.003736446051349683,215,3,2,0.7877737551229187
486,0.34282059405944243,PRUNED,0:00:04.137417,0.0018620909550932274,12,3,2,1.4113437935171367
487,0.26611169565417997,PRUNED,0:00:08.581280,0.001866768954342661,11,4,2,0.741308043667991
488,0.37897835913767564,PRUNED,0:00:03.762227,0.0017952385776104176,12,2,2,1.4136701656573427
489,0.30082578984881514,PRUNED,0:00:05.544451,0.001843789143216429,12,3,2,1.4114267410928092
490,0.007005065146069214,COMPLETE,0:00:49.516436,0.0029443518141669994,12,3,2,0.7451896655522748
491,0.9149383230264797,PRUNED,0:00:00.835757,0.0023452749378565416,30,4,2,0.7504087850495373
492,1.467970143664967,PRUNED,0:00:00.242974,0.003018474144246288,148,3,2,0.8468720840946641
493,0.2018845063589868,PRUNED,0:00:21.084404,0.004679759321944567,17,3,2,0.7326457260786478
494,0.28153159734713346,PRUNED,0:00:09.709234,0.004785158633892454,10,3,2,0.6785623943538358
495,0.2940569763675819,PRUNED,0:00:06.683189,0.00275195503451291,10,3,2,1.3767712904197162
496,0.8909070228731166,PRUNED,0:00:00.750541,0.002454399245572815,36,3,2,0.7276970409259712
497,0.8469922510178193,PRUNED,0:00:01.262425,0.002842180750806217,28,3,2,1.3735479766227807
498,1.4731548958354526,PRUNED,0:00:00.384651,0.004481140951877824,179,3,2,1.3763002698356093
499,0.8517736162708587,PRUNED,0:00:01.049248,0.003070289882266152,27,3,2,1.3928326580934585
500,0.005645603818510404,COMPLETE,0:01:02.836571,0.0022241543682815067,9,3,2,0.6941519604961999
501,0.21721483370850955,PRUNED,0:00:14.796611,0.004999571489714285,17,3,2,0.8057193475897199
502,0.008917672242418719,COMPLETE,0:01:02.640366,0.0021941458651983598,9,3,2,0.8019237059595019
503,0.006112175882969996,COMPLETE,0:01:02.467545,0.0022123199006773573,9,3,2,0.6991779801087361
504,0.31696478287879826,PRUNED,0:00:06.507419,0.005078007929182548,9,3,2,0.7361520151164773
505,0.22231964652542197,PRUNED,0:00:08.522363,0.005501391811979926,21,3,2,0.699563922464573
506,0.006649443032781841,COMPLETE,0:00:30.754548,0.003922124820621839,20,3,2,0.8007251445663385
507,0.2497079578062443,PRUNED,0:00:04.521100,0.0022256674940863124,22,3,2,0.7109546642540593
508,0.193521076488999,PRUNED,0:00:28.920219,0.003984591276565191,16,3,2,0.7992720856396055
509,0.004073122483417035,COMPLETE,0:00:44.169256,0.0023292942375346057,13,3,2,0.7156229124096166
510,0.2227939033964232,PRUNED,0:00:16.730435,0.0038584879000151335,12,3,2,0.7547211347024565
511,0.2940750473984446,PRUNED,0:00:04.049468,0.002436629733377854,14,3,2,0.7194802676362696
512,0.24802251641566936,PRUNED,0:00:03.068493,0.007109787655816262,33,3,2,0.8032243885182869
513,0.2803064648698525,PRUNED,0:00:07.577377,0.0029664094650735683,9,3,2,0.7462157195130162
514,0.2962717851767173,PRUNED,0:00:01.739480,0.007041298758990686,33,3,2,0.6893105278295101
515,0.24287883542097669,PRUNED,0:00:19.876016,0.0021922508743687113,8,3,3,0.6932622460967561
516,0.2423743487499274,PRUNED,0:00:20.318174,0.0022337427369817776,8,3,3,0.6954357165730736
517,0.2296397925202606,PRUNED,0:00:21.444521,0.0022137827234239792,8,3,3,0.6560764051931818
518,0.903348220625387,PRUNED,0:00:00.759434,0.0021649600233241795,26,3,2,0.7676042059917185
519,1.074906076674592,PRUNED,0:00:00.681873,0.0021824074696584384,44,3,3,0.7223156139001856
520,0.2911659331057467,PRUNED,0:00:06.851502,0.0017218748950418735,8,3,2,0.658047424591233
521,0.004107519646400207,COMPLETE,0:00:29.073739,0.0030747261320492945,24,3,2,0.7611898852157528
522,0.2906746777040618,PRUNED,0:00:02.499205,0.003073358919796929,23,3,2,0.6996853772697778
523,0.2478634464516215,PRUNED,0:00:04.294270,0.0032201539580343627,22,3,2,0.7100160485907923
524,0.29052639827132226,PRUNED,0:00:02.511319,0.003004148421460696,23,3,2,0.669481425353791
525,0.22328014400671925,PRUNED,0:00:08.040534,0.004030831300992658,19,3,2,0.6697750229411726
526,0.00556659089058207,COMPLETE,0:00:43.463904,0.0039729380473310805,19,3,2,0.6696998907814139
527,0.47985232551002976,PRUNED,0:00:02.262492,0.004228520651580594,16,1,2,0.716070270879899
528,0.005194031410175938,COMPLETE,0:00:40.158547,0.003745121013052518,16,3,2,0.721417484739177
529,0.20192743285526685,PRUNED,0:00:24.716617,0.0043502974966880955,16,3,2,0.7611987593259331
530,0.21031514266088827,PRUNED,0:00:23.152155,0.0041480921392682965,16,3,2,0.7591314245526749
531,0.2216811009815761,PRUNED,0:00:30.942933,0.004094745422405031,17,3,2,0.7604883651578225
532,1.0033172634632692,PRUNED,0:00:00.759182,0.0016309944930435719,28,3,2,0.7603609820115377
533,0.2636386408512272,PRUNED,0:00:06.325837,0.005535407549272698,16,3,2,1.4425406596714647
534,0.21184845921737608,PRUNED,0:00:15.631412,0.002844734383870806,15,3,2,1.4297426407287575
535,0.3567814116380108,PRUNED,0:00:03.883027,0.010821951937357228,16,3,2,0.7797417031472803
536,0.8141806172697168,PRUNED,0:00:01.007764,0.002743183246064643,26,3,2,0.7422208193773613
537,0.7796157222557691,PRUNED,0:00:02.199360,0.0016126778738804876,14,3,2,1.3146682019569293
538,1.7701019048690796,PRUNED,0:00:00.306486,0.0003757446343825803,190,3,2,0.7547969838886829
539,0.2975442739280723,PRUNED,0:00:03.889683,0.003637952955539825,19,3,2,0.7284202346232469
540,0.7994363831919293,PRUNED,0:00:00.760136,0.0027725977374874248,30,3,2,1.4298019433559868
541,0.2911963570289887,PRUNED,0:00:02.141664,0.007582684626938279,31,3,2,0.7650308842471846
542,0.8315890517813214,PRUNED,0:00:00.849903,0.008150764648381527,38,3,2,0.7655590138092995
543,0.8094975569031455,PRUNED,0:00:00.795770,0.005234622027297126,39,3,2,0.8232596922558966
544,0.0040026336124687,COMPLETE,0:00:27.119083,0.004068056306308995,31,3,2,0.7872411581560879
545,0.33949327766895293,PRUNED,0:00:01.419909,0.003914200372607838,30,3,2,0.7836304165962296
546,1.7712604174247155,PRUNED,0:00:00.806577,4.7247195693871024e-05,26,3,2,0.7885290653441448
547,1.0308001227066166,PRUNED,0:00:00.474373,0.003423475576574886,53,3,2,1.3523272210685893
548,0.20615270238828987,PRUNED,0:00:13.793438,0.0033089140512674825,22,3,2,1.2588638041779687
549,0.19260794766692083,PRUNED,0:00:22.376870,0.0034452261623774513,24,3,2,1.2528141841027476
550,0.3392683482063668,PRUNED,0:00:01.984777,0.0056315898564072596,23,3,2,1.3924321349789257
551,0.23640022267188346,PRUNED,0:00:06.551673,0.005705044892858098,23,3,2,1.262507444899993
552,0.004343996668413883,COMPLETE,0:00:30.317773,0.003238884177553702,24,3,2,0.7306444285348201
553,0.3446895078895918,PRUNED,0:00:02.514525,0.0032326045323364666,21,3,2,1.3223762124296896
554,0.8342490183613288,PRUNED,0:00:01.194225,0.0026983552230752873,34,3,2,0.735934885163988
555,0.8217476357049979,PRUNED,0:00:00.949443,0.003046438735367594,25,3,2,1.299875658741738
556,0.8562388671851306,PRUNED,0:00:01.154439,0.0017233720347858068,20,3,2,0.5296701737704913
557,1.6800947524607182,PRUNED,0:00:00.212199,0.0017803640621975611,201,3,2,1.3571984011255904
558,0.8747177288061431,PRUNED,0:00:00.930904,0.002437817526096745,27,3,2,0.7828309475053005
559,0.8564493260953737,PRUNED,0:00:00.994765,0.002783204473730428,28,3,2,0.7902621810798265
560,0.30220050452209196,PRUNED,0:00:05.323469,0.003601634164753563,13,3,2,1.3951821481738487
561,1.7713484345957604,PRUNED,0:00:02.207175,2.8939978682237867e-05,14,3,2,1.3676371378709287
562,0.2570180819041816,PRUNED,0:00:07.079670,0.004484285971099622,13,3,2,1.3983784922337132
563,0.24639486070526273,PRUNED,0:00:08.824189,0.004544321518719774,13,3,2,1.396186051919053
564,0.33634974999549966,PRUNED,0:00:01.957113,0.006573433967029218,20,3,2,1.3873330780318214
565,1.078452288552567,PRUNED,0:00:00.410999,0.004579527091417956,60,3,2,1.454922269790655
566,0.9907187084140985,PRUNED,0:00:00.649926,0.0018957344239040194,35,3,2,0.7431190563029821
567,0.29942522952275247,PRUNED,0:00:03.108141,0.006379428909368431,20,3,2,0.5706660805649727
568,0.2564265383535052,PRUNED,0:00:28.876521,0.0026822113978193325,4,3,2,0.8229463157956297
569,0.2907956835591359,PRUNED,0:00:04.467830,0.002555678719932665,13,3,2,0.8183235194423182
570,0.8266179610319174,PRUNED,0:00:00.946853,0.0026172277398200236,25,3,2,1.3414026631011295
571,0.33933784789028826,PRUNED,0:00:08.782178,0.0025995045260845027,4,3,2,1.3439608689496245
572,0.2663478131822379,PRUNED,0:00:17.652187,0.001997433045263142,4,3,2,0.7205598548341944
573,0.3370906650500458,PRUNED,0:00:04.348935,0.0014796086573300592,8,3,2,0.8188699345625652
574,0.34280732852733475,PRUNED,0:00:05.083420,0.0014402804372339196,7,3,2,0.7277636274654011
575,0.29168730488042943,PRUNED,0:00:07.530287,0.0014708949575964665,7,3,2,0.7316344485337563
576,0.9271742914714952,PRUNED,0:00:00.532425,0.005477965987917218,47,3,2,0.7798007908843159
577,0.8148931954386671,PRUNED,0:00:00.519382,0.012744905200225198,38,2,2,0.8234166419682474
578,0.33873450637809815,PRUNED,0:00:01.248986,0.01004560948022639,34,3,2,0.8123537319636045
579,1.751521962199045,PRUNED,0:00:00.654855,0.00011496332185981598,32,3,2,0.7982534221738311
580,0.005197898346390306,COMPLETE,0:00:21.163027,0.00539842593157423,34,3,2,0.7435508262683125
581,0.8012515886648167,PRUNED,0:00:00.579095,0.005105728441027014,38,3,2,0.7448685172969978
582,0.00623139683432545,COMPLETE,0:00:23.625647,0.00492705684821577,30,3,2,0.7704523125302616
583,0.004090003584194946,COMPLETE,0:00:24.057978,0.006478460523064495,30,3,2,0.5913011939606735
584,0.3039950402201833,PRUNED,0:00:02.068099,0.006640028222542263,29,3,2,0.762594232134092
585,1.7801974995716199,PRUNED,0:00:00.712701,2.0087475008082175e-06,29,3,2,0.7745993468394232
586,0.24085800409020475,PRUNED,0:00:03.924234,0.005976481418350031,32,3,2,0.792896764676693
587,0.8188462458000109,PRUNED,0:00:00.796358,0.0032943218867546066,25,3,2,1.1761567181920525
588,0.8204592453010047,PRUNED,0:00:00.691055,0.0029938444275002182,32,3,2,0.713388590427987
589,0.867799951423029,PRUNED,0:00:00.560783,0.0030632814006152933,40,3,2,0.7199557934602778
590,0.005419903471781289,COMPLETE,0:00:22.874003,0.0035959367456006182,30,3,2,0.8694621372710947
591,0.00480783093679994,COMPLETE,0:00:32.457597,0.0038855071851475404,20,3,2,0.7457602926760724
592,0.8168990546782341,PRUNED,0:00:01.056466,0.00427742147427609,19,1,2,0.7514295241564265
593,1.069048839640784,PRUNED,0:00:00.614437,0.002257665427952408,45,3,2,0.74484023107482
594,0.30035353796695596,PRUNED,0:00:04.928735,0.0020420834719915857,12,3,2,0.7742751151553084
595,0.21786872583872346,PRUNED,0:00:28.445534,0.0034504116781495695,12,3,2,0.7716059917482874
596,0.005926795452554916,COMPLETE,0:00:27.838723,0.0036953771563643617,27,3,2,0.7375407915606945
597,0.7748251194539277,PRUNED,0:00:00.835655,0.0037484802477657187,28,3,2,0.7467362713406532
598,0.28865319791232574,PRUNED,0:00:03.101164,0.00462883102908625,20,3,2,0.7699894666775005
599,1.593460358106173,PRUNED,0:00:00.186738,0.0035794892224071083,249,3,2,0.683820321850166
600,0.30068266590744813,PRUNED,0:00:02.966534,0.00431946671397675,20,3,2,0.7089235225011619
601,0.2940166137418766,PRUNED,0:00:04.706927,0.002475119395297403,13,3,2,0.7100018261189986
602,0.004091629510778726,COMPLETE,0:00:44.338173,0.002581303637480462,14,3,2,0.79615662875384
603,0.005501337901222854,COMPLETE,0:00:56.742691,0.0024069575673445367,11,3,2,0.795958996574161
604,0.9071886902088886,PRUNED,0:00:00.596345,0.007836820408751917,45,4,2,0.7922362199155925
605,0.8529357863879352,PRUNED,0:00:00.559966,0.003235870258917164,40,3,2,0.6480153410539864
606,0.7977641403009106,PRUNED,0:00:00.624777,0.00351446588363208,36,3,2,0.8497005922987638
607,1.5027911196584287,PRUNED,0:00:00.236379,0.002406471692321105,140,3,2,0.797481063062932
608,0.0056210843981521035,COMPLETE,0:00:29.608631,0.004771943634102495,26,3,2,0.5242556006581452
609,0.0069549412521989614,COMPLETE,0:00:33.095629,0.004674986754703754,24,3,2,0.5369137876125742
610,0.0073595335894012705,COMPLETE,0:00:28.507308,0.005117568835681479,27,3,2,0.549728140491955
611,0.006163700454866935,COMPLETE,0:00:27.503315,0.005157005641367115,26,3,2,0.7637529323107747
612,0.004119171629358732,COMPLETE,0:00:27.738149,0.0051958429177798,24,3,2,0.5384270360062979
613,0.006076005152921118,COMPLETE,0:00:28.012251,0.005229036975175051,24,3,2,0.5011315539012001
614,0.2936498027132905,PRUNED,0:00:01.841110,0.006300129950368569,35,3,2,0.514809027791462
615,0.7952334163295236,PRUNED,0:00:00.542393,0.006379513767548948,41,3,2,0.6044286571606642
616,0.9860503671933776,PRUNED,0:00:00.621120,0.0018971169261764835,35,3,2,0.5573325971819937
617,0.33603502857897966,PRUNED,0:00:01.697753,0.002697670618576385,23,3,2,0.6349583619812763
618,1.1284405099494117,PRUNED,0:00:00.469916,0.002643838379027743,51,3,2,0.8385645130902625
619,0.7773485284910273,PRUNED,0:00:00.901696,0.002747130836351378,24,3,2,0.7868855675687453
620,1.3071077652275562,PRUNED,0:00:00.417066,0.001899242061093069,67,3,2,0.7576892157531577
621,0.7681439751712837,PRUNED,0:00:01.196712,0.0018195823243829874,16,3,2,0.615482276783964
622,0.21508228597208043,PRUNED,0:00:13.282887,0.004591786603747252,16,3,2,0.7247227357285302
623,1.2100617112936798,PRUNED,0:00:00.259049,0.008211153293684093,121,3,2,0.6319413494561463
624,1.1988076134806587,PRUNED,0:00:00.341870,0.004548005707586754,77,3,2,0.7286159111695889
625,0.28496061617127655,PRUNED,0:00:06.239239,0.00241513174807391,9,3,2,0.728909652239092
626,0.1999496910460189,PRUNED,0:00:34.767188,0.002333965679820146,9,3,2,1.1515955984025095
627,0.28841078338179954,PRUNED,0:00:05.341660,0.002220077902503286,10,3,2,0.7867500516080161
628,0.004138601887320723,COMPLETE,0:00:47.423991,0.003207084116111465,13,3,2,0.6798989543535979
629,0.007097273122643684,COMPLETE,0:00:22.178181,0.006428500271464337,31,3,2,0.5282005877042655
630,0.8796546157147433,PRUNED,0:00:00.656898,0.0028497898694922383,29,2,2,0.5825738868599695
631,0.9334616154089741,PRUNED,0:00:00.561210,0.0021890443341726234,37,3,2,0.5080940880703522
632,0.7879550641832443,PRUNED,0:00:00.663841,0.003117355728598762,31,3,2,0.621457273403294
633,0.7675484348175138,PRUNED,0:00:00.706132,0.0031712762662750283,30,3,2,0.5559600532244012
634,0.3627922433544193,PRUNED,0:00:02.001348,0.007183900497443575,19,3,2,0.5713374957276539
635,0.7685617921796776,PRUNED,0:00:01.025414,0.0021036867960802156,19,3,2,0.5593220982783598
636,0.3081649575360428,PRUNED,0:00:03.041216,0.007262592436581235,19,3,2,1.1357038870336398
637,0.299891673091079,PRUNED,0:00:03.169024,0.006716185453686465,18,3,2,0.5336717505676011
638,0.3996471593233004,PRUNED,0:00:01.755761,0.00945974353863532,22,3,2,0.8242283797602193
639,0.24942848458886147,PRUNED,0:00:04.381826,0.003831817686559657,23,3,2,0.5861396259713082
640,0.00482070092790446,COMPLETE,0:00:26.758482,0.0034213548562126725,24,3,2,0.5899669917830863
641,0.7977979359803377,PRUNED,0:00:00.614922,0.0031466451538404738,34,3,2,0.5298985236193767
642,0.8369990664802186,PRUNED,0:00:00.500073,0.003990730722475773,44,3,2,0.6069391395311599
643,1.3137451875500563,PRUNED,0:00:00.221073,0.04454148756302358,159,3,2,0.8090928775532005
644,0.9528144341007418,PRUNED,0:00:00.769207,0.0017466294251489503,26,3,2,0.5837966231404409
645,0.9556024109545024,PRUNED,0:00:00.783688,0.0017630724481620594,26,3,2,0.5809903876859254
646,0.32900385957917355,PRUNED,0:00:02.788155,0.002549777668145329,14,4,2,0.8076929356739796
647,0.33309953505934975,PRUNED,0:00:02.979861,0.0026133393614709084,13,4,2,0.8949265637918526
648,0.289784407128312,PRUNED,0:00:05.101267,0.002630860405182997,11,3,2,1.477388090134141
649,0.2874783783761868,PRUNED,0:00:04.406213,0.0028550154997258044,12,3,2,0.5980161381894951
650,0.3291781668784387,PRUNED,0:00:08.560506,0.003564677947017382,4,3,2,0.8355034910027928
651,0.33120078164365047,PRUNED,0:00:08.617557,0.0033434985240312414,4,3,2,0.8357189534182117
652,0.7744751731258127,PRUNED,0:00:00.681920,0.0034305164232500403,32,3,2,0.9858497432634105
653,0.34216944930859255,PRUNED,0:00:08.547961,0.003434640071063518,4,3,2,0.6756633627991611
654,1.5125019229375398,PRUNED,0:00:00.174294,0.0054398780840087336,256,3,2,0.8369097428762878
655,0.3355186937764231,PRUNED,0:00:08.977821,0.002004618205566262,4,3,2,0.7795761526604366
656,0.7707017618748877,PRUNED,0:00:00.920132,0.0020506040940464062,21,3,2,0.7793338860592672
657,1.1491746982328253,PRUNED,0:00:00.513431,0.0014787435020547145,42,3,2,1.2070481272379014
658,0.3105171815228937,PRUNED,0:00:06.701599,0.004296321491484963,8,3,2,0.756476421196552
659,0.9819134339117087,PRUNED,0:00:00.894724,0.001756168402177345,31,3,3,1.2336162111380555
660,0.20942979181806246,PRUNED,0:00:17.218121,0.004137754191043252,16,3,2,1.233047308813349
661,1.508572518825531,PRUNED,0:00:00.176804,0.004645358604151799,237,3,2,0.6774548581291463
662,1.7776724687263148,PRUNED,0:00:01.205739,1.131279611096808e-05,16,3,2,0.7581213725817736
663,0.0059864942316390085,COMPLETE,0:00:37.549702,0.0023227570379889175,16,3,2,0.7620610846828872
664,0.7841389156877995,PRUNED,0:00:00.887667,0.002145546917983555,23,3,2,0.8644903977903197
665,1.5983672197375978,PRUNED,0:00:00.914918,0.00019300993392256898,23,3,2,0.8051891086225044
666,0.35879732979826195,PRUNED,0:00:02.213663,0.005776553602911215,17,3,2,0.797349689742973
667,0.7535496342448549,PRUNED,0:00:00.630833,0.005713144090459417,36,3,2,0.9168088886206869
668,0.004258099716310171,COMPLETE,0:00:39.094436,0.004199615543265069,16,3,2,0.7538859362522518
669,0.2927418152178202,PRUNED,0:00:06.092162,0.0030306358895778084,9,3,2,0.7070801060043703
670,1.0913449502096766,PRUNED,0:00:00.423116,0.002931315257027838,57,3,2,1.106743505561239
671,0.8524424227384421,PRUNED,0:00:01.247034,0.0013783489952410607,15,3,2,0.740964530045972
672,1.7795226746227915,PRUNED,0:00:01.251498,5.917921417384099e-06,15,3,2,0.7455424130011827
673,0.98408259321814,PRUNED,0:00:00.741801,0.0016659443035984469,28,3,2,0.691754093364888
674,0.3429997707675169,PRUNED,0:00:01.362873,0.0041048740363610805,29,3,2,0.714675207701519
675,0.28711078283579455,PRUNED,0:00:02.871362,0.008914866160096385,20,3,2,0.6439629138723875
676,1.1519389236345887,PRUNED,0:00:00.282900,0.008900934245079851,101,3,2,0.772634640934822
677,0.006921678003607533,COMPLETE,0:00:31.468757,0.004116726907723147,20,3,2,0.5468036547613951
678,0.2819487853264957,PRUNED,0:00:02.934517,0.002767484586153301,20,3,2,0.7014216901360057
679,0.2311207599082247,PRUNED,0:00:06.337969,0.00233524805120429,18,3,2,0.5024750145654464
680,0.32826648348358256,PRUNED,0:00:02.090254,0.0023821503765010734,19,3,2,1.2855734548692475
681,0.22119236808381418,PRUNED,0:00:12.107082,0.004038580634152736,12,3,2,0.7568744389620392
682,0.3410633357490605,PRUNED,0:00:02.875839,0.0016333952665332269,13,3,2,0.7628268089877824
683,1.003543491194234,PRUNED,0:00:00.582777,0.002073720329604547,38,3,2,0.7870532730956193
684,0.2676645091080031,PRUNED,0:00:09.867256,0.004240664343042104,9,3,2,1.079106235036389
685,0.3329625704312978,PRUNED,0:00:04.326650,0.004119673729423282,8,3,2,1.4461644054239804
686,0.34175387089576376,PRUNED,0:00:03.972870,0.0013153445305555166,9,3,2,0.738393431321559
687,0.7625760374522885,PRUNED,0:00:00.769260,0.004387528613939707,26,3,2,1.4397611732877218
688,0.006746324237027171,COMPLETE,0:00:26.549927,0.005461105709024875,25,3,2,0.548559027643208
689,0.34436577504221727,PRUNED,0:00:02.792395,0.0017504373106018187,13,3,2,0.8076282542241083
690,0.007742988978262085,COMPLETE,0:00:26.203708,0.005705205160389515,26,3,2,0.7580663899624985
691,0.3267288435514956,PRUNED,0:00:04.885135,0.00574826451433664,8,3,2,0.6840049850387843
692,0.26377561696771146,PRUNED,0:00:08.164730,0.0055610594853698625,9,3,2,0.5491220877697011
693,0.34232128650914984,PRUNED,0:00:04.448781,0.005675097050915296,8,3,2,0.6575354925615676
694,0.7545727996200258,PRUNED,0:00:01.354720,0.0027070504343848227,14,2,2,0.6713595418851962
695,0.0046154879761588245,COMPLETE,0:00:44.618010,0.0020737963258628746,14,3,2,0.5519912932077772
696,1.7269288394965379,PRUNED,0:00:01.375930,6.387025660414678e-05,14,3,2,0.5627885398273531
697,0.7684456031552698,PRUNED,0:00:01.605903,0.001814826187366763,17,3,3,0.6137048323747843
698,0.2606935355427256,PRUNED,0:00:17.117506,0.0021188994864831654,4,3,2,0.7152068723546572
699,0.9217466878644108,PRUNED,0:00:01.053624,0.0013596290544409953,19,3,2,0.7065348723235646
700,0.32883187190361834,PRUNED,0:00:02.840950,0.002329169371610369,13,3,2,0.7193218768307382
701,0.3370908548921541,PRUNED,0:00:01.832121,0.0032009100458379055,21,3,2,1.1803939265752659
702,1.288871080511146,PRUNED,0:00:00.306491,0.0030355473699654042,90,3,2,0.6473190256000082
703,0.5020173867262092,PRUNED,0:00:08.437691,0.007448549089930482,4,3,2,0.7930290291705524
704,0.33558165109138083,PRUNED,0:00:05.059560,0.0019169998706290747,7,3,2,1.3622433283288875
705,0.2318685593716754,PRUNED,0:00:25.379375,0.0017198727140745054,4,3,2,1.3637116784793257
706,0.5023032674475446,PRUNED,0:00:08.634892,0.0071725169525962175,4,3,2,0.775221325626764
707,0.3312193169577481,PRUNED,0:00:04.154237,0.0015492881178635093,8,3,2,0.7786652054021065
708,0.3243607234901019,PRUNED,0:00:08.312357,0.0012289432711542246,4,3,2,0.7357209878276181
709,0.4918490353215528,PRUNED,0:00:07.423705,0.001262268063189402,4,1,2,0.7787702456748147
710,1.709545663885168,PRUNED,0:00:00.205444,0.0012118886179790954,175,3,2,0.7422871443947558
711,0.28723174296574644,PRUNED,0:00:04.811665,0.002999524240202976,11,3,2,0.6949821436799419
712,0.7736080270538579,PRUNED,0:00:01.360990,0.0028816880855263606,12,1,2,0.6947253564338919
713,0.8251484972196859,PRUNED,0:00:01.097335,0.0028666541668981686,15,1,2,0.6905069844406825
714,0.2842120951727817,PRUNED,0:00:04.333532,0.002836111927739739,13,3,2,0.6927662084596722
715,0.2602475832555289,PRUNED,0:00:05.315370,0.0032930050676811973,14,3,2,0.7264798652380018
716,0.7770387457440728,PRUNED,0:00:00.594175,0.003410919632618672,35,3,2,0.7352475031239405
717,0.33169453644691266,PRUNED,0:00:03.242738,0.00178732146881642,11,3,2,0.7252676484630579
718,1.2306895875191504,PRUNED,0:00:00.459680,0.0016948019876702534,50,3,2,0.7293443018130706
719,0.7452690441624011,PRUNED,0:00:00.943350,0.002347345680436637,21,3,2,0.8191947562235298
720,0.7727764777693094,PRUNED,0:00:00.948771,0.0021586448010619532,21,3,2,1.4216350836237317
721,0.18675761159274962,PRUNED,0:00:36.576198,0.0037184485127477974,15,3,2,0.6278448461948241
722,0.35804631253380087,PRUNED,0:00:02.326411,0.010981120149361085,16,3,2,0.7524985379822301
723,0.8549016113891158,PRUNED,0:00:00.740816,0.012056606430485499,30,3,2,0.753572429549212
724,0.2934852291305526,PRUNED,0:00:03.140185,0.003589430895186329,18,3,2,0.6285694425963368
725,0.7467902855817662,PRUNED,0:00:00.703160,0.004698857388375745,30,3,2,0.7596884273878849
726,1.511285033719293,PRUNED,0:00:00.191534,0.004605891320771497,225,3,2,0.7974936850944742
727,0.007882135797576085,COMPLETE,0:00:42.236108,0.00367830975129476,16,3,2,0.6257689758352077
728,0.8668361200888952,PRUNED,0:00:00.513064,0.0036486670550589266,43,3,2,0.7711224170652056
729,0.3525678866675922,PRUNED,0:00:02.259380,0.0035427505641573037,17,3,2,1.4697927385564509
730,0.7711624378565127,PRUNED,0:00:01.096052,0.0019606893290164767,17,3,2,0.8115722702267856
731,0.24356147091762692,PRUNED,0:00:05.171013,0.0024541687337854092,18,3,2,0.8135222396934297
732,0.29518147674736694,PRUNED,0:00:02.407622,0.00755383038102965,24,3,2,0.7946561951855984
733,0.26361154070863985,PRUNED,0:00:03.446356,0.0025712963397124264,22,3,2,0.785632277830644
734,0.262473797808363,PRUNED,0:00:03.513244,0.0024974362939977636,22,3,2,0.79234425388874
735,0.004925015582630931,COMPLETE,0:01:00.650460,0.002527461576347238,9,3,2,0.7117352936307482
736,0.3271659196821414,PRUNED,0:00:05.592276,0.001566453671274646,9,3,3,0.7490045808373428
737,1.2315931892862506,PRUNED,0:00:02.860987,0.029401955166355322,9,3,3,1.4169509698691085
738,0.3407502160394559,PRUNED,0:00:03.930403,0.001523982092156297,9,3,2,0.7105473612484421
739,1.0329163456740587,PRUNED,0:00:00.612870,0.0016874432580759188,35,3,2,0.7527040320957022
740,0.8067022041808924,PRUNED,0:00:00.547247,0.004672904352807928,38,3,2,0.751331213306528
741,0.752242799128304,PRUNED,0:00:00.769242,0.004701767419756305,27,3,2,1.0222192187053574
742,1.0291435530706614,PRUNED,0:00:00.723104,0.0014317051870967497,27,3,2,0.7088748424777988
743,0.26018363326685884,PRUNED,0:00:06.563828,0.0013557487477534273,11,3,2,0.9431219049663893
744,0.2986614936835145,PRUNED,0:00:04.788575,0.006686444744122252,11,3,2,0.6708719572149627
745,0.32795637830910895,PRUNED,0:00:02.812547,0.0022106589487715608,13,3,2,0.7363792913699317
746,1.5046185758191082,PRUNED,0:00:01.427649,0.00014607859656103197,13,3,2,0.6698620484336207
747,0.3546622449509528,PRUNED,0:00:02.782849,0.00677334576736785,13,3,2,0.7800465174150274
748,1.0881310495046468,PRUNED,0:00:00.349624,0.006177930486367536,71,3,2,0.7699387406855003
749,0.7591228031195127,PRUNED,0:00:00.657039,0.0037641280511522147,33,3,2,0.7777305904362946
750,0.33315881453454493,PRUNED,0:00:01.678291,0.002748817351445829,23,3,2,0.6023365207319055
751,0.2614692365878249,PRUNED,0:00:03.397700,0.0030085770867392413,22,3,2,0.5723359808211782
752,0.7585726500782248,PRUNED,0:00:00.921519,0.002747979217743592,22,3,2,0.7200860843611171
753,0.772878097719839,PRUNED,0:00:01.057212,0.0020078389383059395,18,3,2,0.7231607705332697
754,0.28378307362082145,PRUNED,0:00:03.299860,0.004159963746819808,17,3,2,0.7391655757174974
755,1.3807556788441997,PRUNED,0:00:01.154580,0.00029837220471442617,17,3,2,0.7368990727553953
756,0.006422390118380693,COMPLETE,0:00:24.749490,0.0040201902411848385,27,3,2,0.7440028000654862
757,0.8260981765142672,PRUNED,0:00:00.552583,0.003909412597294223,41,3,2,0.5715730465143664
758,0.7585430074645125,PRUNED,0:00:00.726844,0.003994681535851146,28,3,2,0.769584694548591
759,0.3390777260065079,PRUNED,0:00:01.301298,0.00905804532911758,32,3,2,0.5201717090939315
760,1.7803262674856766,PRUNED,0:00:00.844203,1.204500113356005e-06,26,3,2,0.7549555270409847
761,0.33686461160481346,PRUNED,0:00:04.360711,0.0050338730148922015,8,3,2,0.8554145521511552
762,0.26170927072744143,PRUNED,0:00:11.868050,0.005019788946922431,8,3,2,0.6477985083076024
763,0.32430926986864467,PRUNED,0:00:04.422198,0.0020961221955940086,8,3,2,1.4232431035378112
764,1.2238437050505528,PRUNED,0:00:00.317207,0.005108881643421703,82,3,2,1.4199181147437172
765,0.2636829454122415,PRUNED,0:00:08.606506,0.0011346890132145617,8,3,2,0.7675449993008845
766,1.4660292403739796,PRUNED,0:00:00.261253,0.0020781475432502367,113,3,2,1.456866728843956
767,0.29752671964863103,PRUNED,0:00:05.758040,0.00316905425559901,9,3,2,0.707329942021839
768,0.7641261789573015,PRUNED,0:00:01.138779,0.0031405309148775764,19,4,2,0.706332129821393
769,0.3249548058005822,PRUNED,0:00:04.404569,0.0010831570231291925,8,3,2,0.8242851388736288
770,0.9101111586834933,PRUNED,0:00:00.692699,0.0026210783397513666,29,2,2,0.8136993454767156
771,0.2165825171375846,PRUNED,0:00:14.230460,0.0035130066298741406,14,3,2,0.7927671801448964
772,0.7555840405828748,PRUNED,0:00:01.269479,0.0017635196724348743,15,3,2,0.7990541906786698
773,0.7808223277469337,PRUNED,0:00:01.358700,0.001654096788078638,15,3,2,0.7873019470817928
774,1.0680997685265186,PRUNED,0:00:00.518674,0.003554977670451431,48,3,2,1.277449755228451
775,0.005126101048254705,COMPLETE,0:00:26.726409,0.0035949861615190678,24,3,2,0.6561526192538073
776,0.004049098402567571,COMPLETE,0:00:27.936189,0.005306538971818817,22,3,2,0.7499121094708278
777,0.7989035841323986,PRUNED,0:00:00.871261,0.0027575649789036566,25,3,2,0.6268318920090068
778,0.34299182434097614,PRUNED,0:00:01.983364,0.002356020540692673,21,3,2,0.7442424124434792
779,0.0041576290691963825,COMPLETE,0:00:21.920175,0.0061960379292580635,33,3,2,0.6778781810560988
780,0.7403391667459377,PRUNED,0:00:00.655374,0.006202026214832994,34,3,2,0.6838038272032225
781,0.7687047036908428,PRUNED,0:00:00.990543,0.0024273628953216555,20,3,2,1.0490527202857445
782,1.0714747460038812,PRUNED,0:00:00.725418,0.0013626303560866835,29,3,2,0.7650799625250378
783,0.24078649827348653,PRUNED,0:00:04.789893,0.004911868507904315,24,3,2,0.7219294117133532
784,0.257652764378289,PRUNED,0:00:05.614075,0.0021069317042353344,13,3,2,0.721879633320885
785,0.2454428017918823,PRUNED,0:00:22.637119,0.0019247877323038808,4,3,2,0.7114653142201512
786,0.9945325063936639,PRUNED,0:00:00.574540,0.008478671535955953,39,3,2,1.1955606657809092
787,0.25954754087392007,PRUNED,0:00:17.172088,0.002106990907869146,4,3,2,1.404872774184124
788,0.24184285358039856,PRUNED,0:00:21.268190,0.001929031124296091,4,3,2,1.3998869571903956
789,1.778079766005389,PRUNED,0:00:04.249617,3.1990292454375707e-06,4,3,2,0.7648182500320458
790,0.7939690113622949,PRUNED,0:00:00.983077,0.0019363637572361037,20,3,2,0.7439427919770611
791,0.324277528595286,PRUNED,0:00:08.373730,0.002797161033518618,4,3,2,0.6974218013033161
792,1.2769908905029297,PRUNED,0:00:00.232781,0.008516661698783129,150,3,2,0.671719692882987
793,0.8226238397451547,PRUNED,0:00:00.515404,0.006755416466682965,45,3,2,0.6820840854302238
794,0.7648629108287769,PRUNED,0:00:00.635189,0.005699013195547709,36,3,2,0.6545321768516329
795,0.7961239410433799,PRUNED,0:00:00.559480,0.006438155792700852,41,3,2,0.6934293284473214
796,1.2906977814071032,PRUNED,0:00:00.248148,0.00924492603471967,132,3,2,0.6892466340372491
797,0.8368908054889388,PRUNED,0:00:00.559228,0.016228531270122467,41,3,2,0.6936777342331435
798,0.004041763938634003,COMPLETE,0:00:22.690663,0.0052691995257073,33,3,2,0.6647888958127093
799,0.3276435258211913,PRUNED,0:00:01.205636,0.007567152194965621,34,3,2,0.7032520276461259
800,0.3352872933332737,PRUNED,0:00:01.234448,0.007394149385998324,33,3,2,0.6534100122188266
801,0.34799253273366104,PRUNED,0:00:01.262199,0.007649261827471121,32,3,2,0.6455795581623415
802,1.7784367461176314,PRUNED,0:00:00.585770,1.7104306706907837e-05,38,3,2,0.666894615698969
803,0.24970176705847616,PRUNED,0:00:03.507459,0.005968317271786874,28,3,2,0.677012078420131
804,0.8409198519602343,PRUNED,0:00:00.665157,0.014148300298678697,32,3,2,0.7135675647043499
805,0.8099599501386804,PRUNED,0:00:00.647402,0.012591797898844896,32,3,2,0.7264345150032041
806,0.783198060407195,PRUNED,0:00:00.724275,0.0101409298072959,30,3,2,0.7232694040329218
807,0.7729307863842788,PRUNED,0:00:00.687812,0.010824240380436223,32,3,2,0.6032176842552732
808,1.0347412859692293,PRUNED,0:00:00.454233,0.005413955464872008,54,3,2,0.718454577312984
809,0.3359083741151986,PRUNED,0:00:01.473044,0.0054672102716088475,27,3,2,1.4748738890042428
810,0.33762567559717155,PRUNED,0:00:02.124968,0.005352097363020299,26,3,3,0.6726920043718133
811,0.3263032196574852,PRUNED,0:00:01.511277,0.0056171600830092015,27,3,2,0.6740930789552897
812,0.19792727212070937,PRUNED,0:00:19.804899,0.004774350254154762,26,3,2,0.6770480188864567
813,0.005531617929787056,COMPLETE,0:00:27.187136,0.004683823978948535,24,3,2,0.7770863405225881
814,0.2352353284401553,PRUNED,0:00:07.247489,0.004654465768307946,23,3,3,0.7715002730818943
815,0.30764891004988126,PRUNED,0:00:02.567653,0.004639874663287092,23,3,2,0.8367520350110326
816,0.8392436468395693,PRUNED,0:00:00.587806,0.0043983477025236134,37,3,2,1.3012333780867056
817,0.8507326903014347,PRUNED,0:00:00.624790,0.004231085208561105,37,3,2,1.297857582002875
818,0.7586668033538193,PRUNED,0:00:00.602081,0.004577308902883991,37,3,2,0.7778367665632457
819,0.2274752628058195,PRUNED,0:00:04.989107,0.007860147607602588,23,3,2,0.7745230986881487
820,0.2044742486044152,PRUNED,0:00:15.612106,0.004856755876347364,22,3,2,0.7419847585607774
821,1.408547939676227,PRUNED,0:00:00.209035,0.006853522871489108,196,3,2,0.7501182512047481
822,0.006494286784753422,COMPLETE,0:00:31.813607,0.003267496886533275,21,3,2,0.7363234348663782
823,1.0586554096998089,PRUNED,0:00:00.495080,0.0029741351943054144,47,3,2,0.7368700623023053
824,0.253798628279141,PRUNED,0:00:03.402026,0.007505089837905509,23,3,2,0.8086817712888827
825,0.008474036216179827,COMPLETE,0:00:31.907973,0.003084216696302018,20,3,2,1.2642753169988692
826,0.3296151897459297,PRUNED,0:00:01.995181,0.0032280886017248952,20,3,2,1.254057597069442
827,0.33155009864702734,PRUNED,0:00:02.079385,0.002871689868124745,19,3,2,0.7397852684620253
828,1.071936605727836,PRUNED,0:00:00.498380,0.003362704272306124,44,2,2,0.7353210204386554
829,0.31539716408450225,PRUNED,0:00:03.128055,0.005968208980461522,19,3,2,1.4449619066797659
830,0.7458727338292577,PRUNED,0:00:00.720016,0.0066198598418649906,29,3,2,1.4540405730452672
831,1.3647924169250156,PRUNED,0:00:00.252344,0.005071086791295103,142,3,2,0.7950637815523349
832,1.080591260523036,PRUNED,0:00:00.320977,0.009391684046630794,94,3,2,0.7564042609667786
833,0.2886502439012894,PRUNED,0:00:03.021237,0.0036684208781548933,19,3,2,0.7586919221644146
834,0.8017046877871389,PRUNED,0:00:00.768787,0.0036195481883699856,28,3,2,0.516847336632184
835,0.346782759493272,PRUNED,0:00:02.107084,0.0026299987595113836,19,3,2,0.7616345542859789
836,0.8427695758010617,PRUNED,0:00:00.673506,0.0025904193005868285,32,3,2,0.7832293202523616
837,0.294944613476965,PRUNED,0:00:04.548173,0.0024876228859749367,12,3,2,0.8834370927787182
838,0.7414420371656476,PRUNED,0:00:01.444531,0.0015081670814117805,13,3,2,0.7036936424421653
839,0.8140460456672468,PRUNED,0:00:00.867333,0.004455971137623538,26,4,2,0.7300426891334898
840,0.7537707550370175,PRUNED,0:00:00.671588,0.00400931258313214,35,3,2,0.5999245364267553
841,0.8114881581910278,PRUNED,0:00:00.631246,0.0030225837456624854,35,3,2,0.6825357632425557
842,0.8793850503861904,PRUNED,0:00:00.620949,0.0024585423475581647,35,3,2,0.6592899225822325
843,0.8791369669769534,PRUNED,0:00:00.735385,0.0023701703746218297,32,3,2,0.6604732470941713
844,0.8623067521247543,PRUNED,0:00:00.781258,0.00233410583045289,27,3,2,0.6249793443071685
845,0.7974248284155184,PRUNED,0:00:00.737466,0.00323074995756474,29,3,2,0.6988319600411197
846,1.5900461901789127,PRUNED,0:00:00.828720,0.00024507979964479714,28,3,2,0.6400296400552791
847,0.2546657949213439,PRUNED,0:00:05.988589,0.0016728426704201206,12,3,2,0.6325190325449854
848,0.9665578764218551,PRUNED,0:00:00.794762,0.0016337341525356588,26,3,2,0.6388742349333367
849,0.8445714872980875,PRUNED,0:00:01.148799,0.001643142531088182,17,3,2,0.6803770721884811
850,0.32412128482270336,PRUNED,0:00:02.896148,0.0016240334392315767,13,3,2,0.6860771142139824
851,1.7712200570989538,PRUNED,0:00:01.237808,3.091769644559337e-05,17,3,2,0.6381564173670244
852,1.713913911428207,PRUNED,0:00:00.219793,0.0010955289405403124,167,3,2,0.6984325202334932
853,0.3238356822223908,PRUNED,0:00:03.831555,0.006319939759352326,10,3,2,0.5854161314399282
854,0.26216022902461766,PRUNED,0:00:06.665879,0.006075997656381011,11,3,2,0.5810022825393529
855,0.3383482061083021,PRUNED,0:00:01.925223,0.0036696423313240783,21,3,2,0.7131166481931711
856,0.004066186895319815,COMPLETE,0:00:27.903974,0.0038780538112259512,22,3,2,0.7074896339191488
857,0.25840448363594815,PRUNED,0:00:03.682607,0.0031462629481547044,22,3,2,0.5005851194674121
858,0.8431669099764391,PRUNED,0:00:00.561389,0.0032231073958022623,39,3,2,0.7236038421527368
859,0.9056954284509023,PRUNED,0:00:01.137653,0.0012836850146394256,17,3,2,0.6595161753872253
860,0.3446764693970778,PRUNED,0:00:03.002770,0.00623342763279118,12,3,2,0.8107787455322173
861,0.7725626864559847,PRUNED,0:00:00.909430,0.002061470310703809,22,3,2,0.7041126262706743
862,1.4867336418893602,PRUNED,0:00:00.210967,0.0037045181149730107,182,3,2,0.8066058806618142
863,0.005352571613825868,COMPLETE,0:00:40.022968,0.0020800291208407356,16,3,2,0.7377421394366689
864,0.7873767369718694,PRUNED,0:00:00.636635,0.009019754548886321,32,3,2,0.7294503034410256
865,0.20348139683627964,PRUNED,0:00:21.705040,0.0028613446969908444,16,3,2,1.2254320671702228
866,0.2466101251653771,PRUNED,0:00:05.986074,0.002017738552212632,16,3,2,0.7538092714456242
867,0.004721630980070009,COMPLETE,0:00:39.137177,0.0020278330795848554,15,3,2,0.6113092565907292
868,0.2992224597400811,PRUNED,0:00:06.210272,0.003994430043718488,9,3,2,0.6879780016302685
869,0.9735997488685683,PRUNED,0:00:00.529553,0.002514676380849482,42,3,2,0.7927243077167524
870,0.745363237336278,PRUNED,0:00:00.667532,0.005341138150566132,31,3,2,1.2174425942822638
871,0.7352963175609527,PRUNED,0:00:00.773782,0.004971779893942486,26,3,2,0.6725283908822883
872,0.25652912431163205,PRUNED,0:00:05.187289,0.006773035302535812,14,3,2,0.6610214006082131
873,0.36160787568888064,PRUNED,0:00:04.403394,0.006949463798592514,8,3,2,0.6959979337322646
874,0.2201387540617467,PRUNED,0:00:10.064011,0.00409914986693815,15,3,2,0.6143891841132391
875,0.32845402990662775,PRUNED,0:00:01.372118,0.004466482679467644,30,3,2,0.6132166051949133
876,0.8143320476553243,PRUNED,0:00:00.542068,0.008094852378666943,41,3,2,0.7120810443450798
877,0.006726685576939786,COMPLETE,0:00:27.496880,0.003923284391485776,24,3,2,0.6820505186479202
878,0.27468836068042685,PRUNED,0:00:03.304576,0.004052136442940747,23,3,2,0.699782553465336
879,1.0239912399058213,PRUNED,0:00:00.869127,0.001262346361356423,25,3,2,0.6885626569149945
880,1.285281462489434,PRUNED,0:00:00.267171,0.005220903993629014,123,3,2,0.6594046998526182
881,1.7644510536358273,PRUNED,0:00:00.620759,9.235542513553095e-05,37,3,2,0.7082696643186076
882,0.3662368033905657,PRUNED,0:00:03.983772,0.010001711501971842,9,3,2,0.7124889619015654
883,0.8581168986022917,PRUNED,0:00:02.395180,0.000948935367298171,12,3,3,0.7222491500458806
884,0.29022815698801085,PRUNED,0:00:02.143458,0.005500647158188721,30,3,2,0.6776992262182474
885,0.32877130096657037,PRUNED,0:00:02.029437,0.0057649866173195684,19,3,2,1.3205481328923723
886,1.3449211697424612,PRUNED,0:00:00.294976,0.0025937141444250422,104,3,2,0.8546945084669723
887,0.005233273149322105,COMPLETE,0:00:35.545945,0.003997665042901066,19,3,2,0.5322519051888184
888,0.2565191626687598,PRUNED,0:00:04.714860,0.0038104133424915676,20,3,2,1.2761087312401829
889,0.3351441655543375,PRUNED,0:00:05.328014,0.0013959577476928974,7,3,2,1.0745120220596647
890,1.5418249907032135,PRUNED,0:00:00.188076,0.003300579310192744,210,3,2,0.527973347258688
891,0.29117360194289077,PRUNED,0:00:06.508101,0.00442861682477554,8,3,2,0.8235193399255323
892,0.7871462638100619,PRUNED,0:00:00.629250,0.004491575591044967,34,3,2,0.829333548343446
893,0.7749510741055902,PRUNED,0:00:00.862765,0.0025388648840670553,24,3,2,0.7577793652456354
894,0.3382712839489557,PRUNED,0:00:03.870489,0.001655072284283386,9,3,2,0.6865377733203927
895,0.33958986958731774,PRUNED,0:00:01.460894,0.008028639523016374,28,3,2,0.6537871920913332
896,0.7629409994896468,PRUNED,0:00:00.720559,0.007639730002204236,29,3,2,1.1216904280388194
897,0.007215970194984813,COMPLETE,0:00:36.403721,0.003050067805839547,17,3,2,0.5437330630314637
898,0.004086465434725547,COMPLETE,0:00:33.800053,0.002952538138237914,18,3,2,0.7266536912086957
899,0.24705450662544795,PRUNED,0:00:05.263283,0.0028166597486809332,18,3,2,0.5401605983599505
900,0.3273802579163466,PRUNED,0:00:02.793854,0.0019540538261933094,14,3,2,0.724064967215893
901,0.004098007912983652,COMPLETE,0:00:32.029350,0.003332779713728229,19,3,2,0.7741032129269341
902,0.22686687398201494,PRUNED,0:00:09.851282,0.0031259290865825826,12,3,2,0.7630918052620019
903,0.27922684627389105,PRUNED,0:00:13.554789,0.002295107306829623,4,3,2,0.779370602093498
904,0.925867091821528,PRUNED,0:00:00.565577,0.002266736136163901,37,3,2,0.7038045702655071
905,0.32848720945148807,PRUNED,0:00:07.814754,0.0014937609755019349,4,2,2,0.7262466341102157
906,0.33689360499641813,PRUNED,0:00:04.229066,0.0013791808178407377,8,3,2,0.718727827564668
907,1.0857526123523713,PRUNED,0:00:00.856475,0.0010946874849384139,23,3,2,0.7006894840074817
908,0.8277524979533376,PRUNED,0:00:00.674260,0.0030954051980604086,29,3,2,0.7870295767712668
909,0.735503508770976,PRUNED,0:00:00.729529,0.005827795409306908,25,2,2,0.7738298996223971
910,0.7440418310654469,PRUNED,0:00:00.611276,0.005334547648486921,33,3,2,0.7771131861389791
911,1.1354657602843954,PRUNED,0:00:00.638177,0.02236535825195487,32,3,2,0.7976773863813267
912,1.3548190689512662,PRUNED,0:00:00.249345,0.003549509863949542,116,3,2,0.7994518080178663
913,0.7372195443572247,PRUNED,0:00:00.886197,0.0025696370556987074,22,3,2,0.7495639276316889
914,0.73110963900884,PRUNED,0:00:00.898574,0.002700881864760179,21,3,2,0.7445782812207905
915,0.7881502066140973,PRUNED,0:00:00.775996,0.004649335238866939,25,3,2,0.7352812832930357
916,0.8277480504592928,PRUNED,0:00:00.758491,0.004520216786570369,27,4,2,0.731033223999651
917,0.86206961057748,PRUNED,0:00:00.500880,0.003471159406770279,41,3,2,0.7746310875768333
918,0.8171167583507899,PRUNED,0:00:00.540776,0.0034155921349027086,38,3,2,0.766352633829668
919,0.7691804656053182,PRUNED,0:00:00.910217,0.00231797298320411,20,3,2,0.6731544841721698
920,0.34184312623976476,PRUNED,0:00:02.225639,0.0022777875113828318,16,3,2,0.6700369557429083
921,0.3249842562647753,PRUNED,0:00:01.291506,0.006521492033708371,30,3,2,0.8136763512515799
922,0.7299880425597346,PRUNED,0:00:00.722611,0.005828867411151004,30,3,2,0.8425357235030632
923,0.2223091210929019,PRUNED,0:00:17.180732,0.0027135458877326417,16,3,3,0.8105586643739512
924,0.32645836009197876,PRUNED,0:00:02.040539,0.0027642921470305963,18,3,2,0.5667435046082665
925,0.7574346135578939,PRUNED,0:00:00.804329,0.0029751585531811583,24,3,2,0.6457859432692883
926,0.24451179322408362,PRUNED,0:00:04.888832,0.004008963526385334,18,3,2,0.5641544636546862
927,0.24571144140442372,PRUNED,0:00:06.625305,0.004105661154858244,13,3,2,0.7014346595914143
928,1.2118915933281629,PRUNED,0:00:01.435957,0.0004507509898240833,12,3,2,0.7109390749292609
929,0.7948386653390511,PRUNED,0:00:00.804762,0.004931801894952894,34,3,3,0.7565274876730339
930,0.810060546323947,PRUNED,0:00:00.760273,0.0036010795165020595,25,3,2,0.6932740127866959
931,0.334473113141635,PRUNED,0:00:02.253400,0.010000094881342549,25,3,2,0.7486374020059173
932,0.7600407618263813,PRUNED,0:00:00.847457,0.0021258348976105723,22,3,2,0.741067362471122
933,0.005532081415585111,COMPLETE,0:00:39.767732,0.0027956977405937966,14,3,2,0.7238393447572086
934,0.006417370576865432,COMPLETE,0:00:39.776105,0.0029357226254992587,14,3,2,0.7992693321610824
935,1.7061786651611328,PRUNED,0:00:00.177401,0.001792744412397478,243,3,2,0.7908655904286382
936,0.21561936671331303,PRUNED,0:00:36.435257,0.003258216075373696,12,3,2,1.1603839754945675
937,0.7332693207516241,PRUNED,0:00:00.594926,0.007008423748492685,34,3,2,0.9923565727285972
938,0.30128681257089474,PRUNED,0:00:02.632777,0.004929158943236636,20,3,2,0.760587154368632
939,0.22303129887636403,PRUNED,0:00:07.188303,0.005020581116911377,20,3,2,0.7543064058201148
940,0.8735000584925805,PRUNED,0:00:00.469255,0.003604767899067318,45,3,2,0.7183650952634267
941,1.009020591818768,PRUNED,0:00:00.694289,0.0018782845967504444,28,3,2,0.6898940460871308
942,0.9928542934022508,PRUNED,0:00:00.748274,0.0018300614665429835,29,3,2,0.6872346138622445
943,0.1996781236606918,PRUNED,0:00:15.197741,0.005261541876393317,22,3,2,0.7714986722674836
944,0.33103452462191674,PRUNED,0:00:02.009051,0.005263936630972547,21,3,2,0.7641424046940626
945,0.7401992035977667,PRUNED,0:00:00.619533,0.004070747799331813,36,3,2,0.7304168305878673
946,0.4909212064637235,PRUNED,0:00:02.052664,0.01222499098347344,19,3,2,0.6452221340689797
947,0.0043352413994258345,COMPLETE,0:00:58.142179,0.0023342835719731905,9,3,2,0.7851889712409614
948,0.4190221741957761,PRUNED,0:00:03.690872,0.008509895535939678,10,3,2,1.241579643951318
949,0.8220429334845116,PRUNED,0:00:00.857720,0.0024010298392594747,24,3,2,1.0952173905539229
950,1.3241261206567287,PRUNED,0:00:00.241512,0.006292303511064669,136,3,2,0.7827460635453909
951,0.2906450958131519,PRUNED,0:00:04.971799,0.0024045905394510453,11,3,2,0.7052257211069957
952,0.7996400014102996,PRUNED,0:00:00.753819,0.003398918444199309,29,3,2,0.6701768737040626
953,0.7480780360310577,PRUNED,0:00:00.645723,0.0034252098698693504,30,3,2,0.6665370156066832
954,0.7380360199963275,PRUNED,0:00:01.221548,0.002000339388625801,16,3,2,0.906882830439246
955,0.978127935843438,PRUNED,0:00:00.521856,0.0023442981721364413,40,3,2,0.7419077462954601
956,0.739645751517507,PRUNED,0:00:01.114100,0.0019620997210388334,16,3,2,0.8308625779299292
957,0.27432125468714896,PRUNED,0:00:05.925541,0.004337111272431162,9,3,2,0.7155286477233099
958,0.22822346164500468,PRUNED,0:00:09.199851,0.0041584827701919595,11,3,2,0.7139790252007837
959,0.21531175378604456,PRUNED,0:00:09.375924,0.007174256587877972,26,3,2,0.7354571347867457
960,0.8090580168401221,PRUNED,0:00:00.927821,0.0028858656169550084,25,3,2,0.7365982156169525
961,0.7231354269326902,PRUNED,0:00:01.007191,0.0072540369605335175,18,3,2,0.5949789468422854
962,0.737333192427953,PRUNED,0:00:00.606529,0.00610903967643164,33,3,2,0.7884659787594287
963,0.2030974198341518,PRUNED,0:00:30.668008,0.003037275426076359,8,3,2,0.7673536325033377
964,0.32425871401431405,PRUNED,0:00:04.491580,0.0029780747652074007,8,3,2,0.7616112171235441
965,0.24243670471483325,PRUNED,0:00:06.583152,0.003852413738066147,14,3,2,1.306966156403393
966,1.6066509835860308,PRUNED,0:00:00.276574,0.0016095653310932686,128,4,2,0.7949681153004138
967,0.7457863024247238,PRUNED,0:00:00.922793,0.0026502416767014937,21,3,2,0.8190175026104288
968,0.9456096757417438,PRUNED,0:00:00.585857,0.0022339808312020503,37,3,2,0.7499858125814063
969,0.22174664824014872,PRUNED,0:00:11.526690,0.004273644758327777,16,3,2,0.6899495660423072
970,0.7432458974233195,PRUNED,0:00:00.771367,0.0035266511515951366,27,3,2,0.7775307630463715
971,0.3328181857551688,PRUNED,0:00:08.560830,0.005349960858153606,4,3,2,0.6456012383250352
972,0.27480099679134407,PRUNED,0:00:11.974606,0.001931769346184487,4,3,2,0.7232220917276404
973,1.3849646085646095,PRUNED,0:00:00.198902,0.005301373947329905,158,3,2,0.7159562577155304
974,0.8714066012427698,PRUNED,0:00:00.881938,0.0016557592079150538,21,3,2,0.8704098024844017
975,0.49598191079601256,PRUNED,0:00:08.050901,0.00868130842763202,4,3,2,0.6499061789440742
976,0.7184184563465608,PRUNED,0:00:00.646832,0.010256742072942835,33,3,2,0.743597483860269
977,0.7197299409730762,PRUNED,0:00:01.358450,0.001965642452572508,14,3,2,1.3302265263029653
978,1.0094268843531609,PRUNED,0:00:00.837374,0.0012420256321607449,24,3,2,0.7046808268928464
979,1.0132297039476794,PRUNED,0:00:00.475305,0.0032795862729168273,48,3,2,0.6773454938863409
980,1.6371519267559052,PRUNED,0:00:00.186535,0.002550922549149711,233,3,2,0.7410117638744019
981,0.22376375365741447,PRUNED,0:00:09.420123,0.004459832524677879,18,3,2,0.7236334293080524
982,1.7790288046962406,PRUNED,0:00:01.021104,7.136183456794503e-06,18,3,2,0.8030938277565813
983,0.004115458004641954,COMPLETE,0:00:30.542200,0.004200678705978312,18,3,2,0.8145886526756314
984,0.28432703592818276,PRUNED,0:00:04.044812,0.0042109029555304385,13,3,2,0.75221126248291
985,0.77810632988464,PRUNED,0:00:00.660659,0.003473994118181885,30,3,2,1.2812919383780683
986,0.3265936674426966,PRUNED,0:00:01.499591,0.006560035273143494,25,3,2,0.766597580499324
987,0.9216453129460352,PRUNED,0:00:00.534646,0.002624995277801174,40,3,2,0.6233711784847742
988,0.23271711361107986,PRUNED,0:00:08.627444,0.002986591233602091,12,3,2,0.6971524943925957
989,0.9233984009307974,PRUNED,0:00:00.884085,0.0014632000831712887,21,3,2,0.9587560806990417
990,0.7529207914326321,PRUNED,0:00:00.637061,0.004940519422856788,32,3,2,0.830564028287536
991,0.005169878318644442,COMPLETE,0:00:35.170293,0.002101474498686062,16,3,2,0.6631583947544569
992,0.2739228352514747,PRUNED,0:00:03.516008,0.0037530798657617126,14,3,2,0.8097447697901395
993,0.2718108594023361,PRUNED,0:00:03.018525,0.0024663255479503944,17,3,2,0.8216154839086092
994,0.27455733962136886,PRUNED,0:00:04.567656,0.0032835188269759188,10,2,2,0.8360480378829959
995,0.7974218943062619,PRUNED,0:00:00.920102,0.0019679828393937425,19,3,2,0.800402710517347
996,0.2915240023007144,PRUNED,0:00:04.004216,0.003961202912709624,12,3,2,0.7967032424568136
997,1.7797964038075627,PRUNED,0:00:00.364873,1.565268735702671e-05,87,3,3,0.7849262638709886
998,1.6013901869455973,PRUNED,0:00:00.164200,0.0028320448982586577,221,3,2,0.8064623071645161
999,0.2497591051745088,PRUNED,0:00:03.126006,0.0033367422248961774,22,3,2,0.8462670077842862
