trial_number,value,state,duration,lr,batch_size
0,0.014785365026132143,COMPLETE,0:00:18.214516,0.0909117198359631,32
1,0.004431152307136397,COMPLETE,0:00:08.854580,0.0007735181439419189,203
2,0.00553610201351961,COMPLETE,0:00:09.740016,0.047636699268238505,131
3,0.023520782680772824,COMPLETE,0:00:07.976742,2.8690371045740244e-06,223
4,0.004432437649910085,COMPLETE,0:01:11.633741,0.0003045593763016535,5
5,0.0035458193564793334,COMPLETE,0:00:23.321404,0.02475173392797615,21
6,3.6695173617928067,PRUNED,0:00:15.517291,1.914346202310104e-06,25
7,0.002989684992531649,COMPLETE,0:00:11.973717,0.011926166725084288,66
8,0.006353519589400561,COMPLETE,0:00:06.954363,0.0010212816890099328,247
9,0.006691992059125534,COMPLETE,0:00:07.557530,0.0005567561976227303,236
10,0.02352359463754494,COMPLETE,0:00:08.037053,3.834480969538574e-06,179
11,0.002827988012196906,COMPLETE,0:00:09.040360,0.006818756511634806,109
12,3.768326123103951,PRUNED,0:00:02.996992,5.518339319065333e-06,11
13,3.8177812968459084,PRUNED,0:00:00.439086,3.749798364686594e-06,164
14,0.0034327386489747106,COMPLETE,0:00:08.431341,0.01626568528829626,147
15,0.00398981048617791,COMPLETE,0:00:07.480664,0.0030809968173022098,219
16,3.723769434523771,PRUNED,0:00:01.033063,3.680284581672649e-05,46
17,0.004598830948611233,COMPLETE,0:00:10.245113,0.015770328039607408,69
18,0.0028466350685053803,COMPLETE,0:00:10.340098,0.005684454454204125,79
19,0.0031036557393938975,COMPLETE,0:00:10.126074,0.008253056067577513,83
20,0.0032010979654960394,COMPLETE,0:00:10.273998,0.008288416522929979,76
21,0.002806629506219009,COMPLETE,0:00:10.317760,0.0058329144773508436,80
22,0.0030177659368342815,COMPLETE,0:00:10.430743,0.00983673102417542,81
23,0.0033617330641013076,COMPLETE,0:00:10.144031,0.004827283429908346,86
24,0.5171311293002013,PRUNED,0:00:01.080522,0.0034267235340147096,96
25,3.6361643148928273,PRUNED,0:00:00.608548,0.00012189060706176043,89
26,3.639876285352205,PRUNED,0:00:00.618064,0.00012366072477471859,92
27,1.8751261124581646,PRUNED,0:00:00.561335,0.0038877501303998183,107
28,2.002969995822782,PRUNED,0:00:00.502120,0.0035081511357366174,114
29,2.013896415046617,PRUNED,0:00:00.539513,0.003452818293090657,114
30,1.640771875208294,PRUNED,0:00:00.879226,0.0024443097377990696,59
31,1.9076904336736782,PRUNED,0:00:00.901959,0.0015446273945129948,55
32,0.2820095719417205,PRUNED,0:00:03.991929,0.009757036442628294,59
33,0.002994066495253286,COMPLETE,0:00:11.743365,0.010227563749744853,62
34,0.3519634892317382,PRUNED,0:00:01.309982,0.03982045627102555,133
35,3.563135909311699,PRUNED,0:00:00.490478,0.0002432195671746067,132
36,0.4191152137969065,PRUNED,0:00:01.957860,0.06692839944401727,40
37,2.61163722162012,PRUNED,0:00:01.083920,0.09308291532279685,39
38,0.0037385259331756296,COMPLETE,0:00:10.074546,0.009027150738883495,78
39,0.003807526432056749,COMPLETE,0:00:11.143877,0.00790395919811491,67
40,0.002994864556066172,COMPLETE,0:00:10.487155,0.008329565057312685,66
41,0.003645131366862877,COMPLETE,0:00:09.374451,0.030900038805613487,108
42,0.00392010261149966,COMPLETE,0:00:09.155160,0.029933839086333732,111
43,0.0036836127595125012,COMPLETE,0:00:09.112187,0.03135053953635457,104
44,0.31596333647798175,PRUNED,0:00:01.523638,0.03075084788766542,107
45,0.00316435717059151,COMPLETE,0:00:09.283558,0.030985050425505683,102
46,2.7680429719452166,PRUNED,0:00:00.479329,0.0013041627540770226,150
47,1.4403222564346922,PRUNED,0:00:01.536951,0.0012463728272094313,26
48,2.1623322954683593,PRUNED,0:00:00.730239,0.0013603929386623867,66
49,1.9376564385197688,PRUNED,0:00:00.803934,0.0017150379828376199,62
50,2.0774770312618696,PRUNED,0:00:01.427233,0.0006090205887944467,29
51,2.2307991698245884,PRUNED,0:00:01.548376,0.0004616932010766966,27
52,2.633475887976336,PRUNED,0:00:00.865926,0.0004602603280789321,49
53,2.0772045208515957,PRUNED,0:00:01.546566,0.0005602424242381218,26
54,1.9929426041516392,PRUNED,0:00:01.713369,0.0005123077237848399,22
55,2.47599104580472,PRUNED,0:00:00.959697,0.0005877971303834452,48
56,0.37518779422853377,PRUNED,0:00:00.935705,0.01787597284675015,122
57,0.1642215245809968,PRUNED,0:00:14.045747,0.019531383072348505,10
58,0.3502384958775727,PRUNED,0:00:01.002434,0.01585855812534147,122
59,0.003892433287009274,COMPLETE,0:00:10.528228,0.016279640417873574,74
60,0.004033095308040153,COMPLETE,0:00:10.510314,0.01854424322666568,73
61,1.3526098594322042,PRUNED,0:00:00.630037,0.005554889288599647,74
62,1.5899400219812498,PRUNED,0:00:00.567702,0.005622572038400879,96
63,0.3962555079044444,PRUNED,0:00:15.317361,0.016414221783861184,4
64,2.1773835881189867,PRUNED,0:00:00.384412,0.005494707622584146,199
65,3.5624737114270073,PRUNED,0:00:06.768751,1.1215760636462107e-05,5
66,0.16738918112698664,PRUNED,0:00:12.018757,0.018827875724901258,12
67,3.4748206528312466,PRUNED,0:00:08.135370,1.1911765121942359e-05,4
68,0.30120061596794306,PRUNED,0:00:01.793610,0.012082433817293098,82
69,2.011646465848132,PRUNED,0:00:00.583745,0.0023069499645099896,85
70,0.28111525110619834,PRUNED,0:00:02.013981,0.013513398545509724,73
71,1.4085958140461068,PRUNED,0:00:00.558099,0.007042807722430832,92
72,1.4155270180074118,PRUNED,0:00:00.553385,0.006882637519650452,94
73,0.36586328010641816,PRUNED,0:00:01.593401,0.06279886599663692,55
74,0.0026332509953589747,COMPLETE,0:00:12.118605,0.011912455309948495,55
75,1.3640291964925757,PRUNED,0:00:01.077660,0.0022403462422254856,40
76,1.3244823907766867,PRUNED,0:00:01.056644,0.0027519027777860587,40
77,0.451832910378774,PRUNED,0:00:01.242882,0.04879390811744178,81
78,0.2835238532234843,PRUNED,0:00:01.841310,0.011527084962494208,84
79,0.0030488494050305384,COMPLETE,0:00:10.105169,0.010616851700581003,80
80,0.0032727885353966493,COMPLETE,0:00:10.002468,0.009627221201041106,82
81,1.2349468603062985,PRUNED,0:00:00.603484,0.010842982519890755,87
82,1.7895882081985475,PRUNED,0:00:00.550121,0.004057287255932205,100
83,0.003427914165161124,COMPLETE,0:00:11.103557,0.009005709284215638,63
84,0.2812357880584486,PRUNED,0:00:02.099328,0.009576516141956346,64
85,3.8187494447725845,PRUNED,0:00:00.861194,1.0128715122675215e-06,54
86,0.003804975523786861,COMPLETE,0:00:11.209100,0.008759012472554005,65
87,0.0030523480416759746,COMPLETE,0:00:10.122587,0.007949609606740462,69
88,0.33692292595396234,PRUNED,0:00:00.965512,0.023679626194389437,119
89,0.3738190366632559,PRUNED,0:00:01.093338,0.0452012116744797,99
90,1.4110043962641912,PRUNED,0:00:00.722599,0.004555555830587042,68
91,0.3555435358264328,PRUNED,0:00:01.267046,0.024998935386368625,79
92,1.4702691711047116,PRUNED,0:00:00.564635,0.00750818140716146,103
93,1.5268932940419186,PRUNED,0:00:00.798849,0.003079464560409408,60
94,0.3035701511009615,PRUNED,0:00:01.767461,0.03780720149355364,89
95,2.5167491426543585,PRUNED,0:00:00.504674,0.0018780211175947988,139
96,0.0027979440238709657,COMPLETE,0:00:17.007322,0.006197432557343827,34
97,0.0035168577256760327,COMPLETE,0:00:13.360256,0.004719620466111193,51
98,1.2326432004976828,PRUNED,0:00:00.743870,0.0064191604762344825,68
99,0.0034767231926550258,COMPLETE,0:00:13.072645,0.006588382355707133,52
100,0.0034587136032415175,COMPLETE,0:00:13.484386,0.0047117344468068974,50
101,1.2082746305138048,PRUNED,0:00:00.919959,0.004440544845386033,51
102,1.3098780233957614,PRUNED,0:00:00.937471,0.0041911212764798415,51
103,2.1858610902868567,PRUNED,0:00:00.887529,0.0009919789503154974,52
104,0.24279205133326542,PRUNED,0:00:02.519486,0.014535026855740051,56
105,0.00390978123689453,COMPLETE,0:00:17.147750,0.005822443246707808,33
106,0.26000515842610156,PRUNED,0:00:03.407520,0.013522942078032101,36
107,1.907885862433392,PRUNED,0:00:00.387932,0.0132207645042752,253
108,0.2552646134858546,PRUNED,0:00:02.087835,0.013379461695243651,76
109,0.14074643685326554,PRUNED,0:00:04.114721,0.024457608427544457,75
110,1.3056135457682323,PRUNED,0:00:00.735363,0.005883759668080881,70
111,0.2447423213881623,PRUNED,0:00:03.041794,0.021171474028390518,45
112,0.3623738247509594,PRUNED,0:00:01.854472,0.022135361992398146,47
113,1.496477790680286,PRUNED,0:00:00.776653,0.0034466571174644133,59
114,1.3392569285874465,PRUNED,0:00:00.587354,0.007702646668926422,89
115,3.7021714160316868,PRUNED,0:00:00.583080,8.663417500516529e-05,92
116,1.3723576834544222,PRUNED,0:00:00.596134,0.007317748413933263,93
117,1.3425799511312468,PRUNED,0:00:00.720389,0.00538189727028994,71
118,1.3204718610040502,PRUNED,0:00:00.490739,0.011179362126176932,114
119,0.44694447173522067,PRUNED,0:00:01.361422,0.07675079692582999,79
120,0.39210203627116,PRUNED,0:00:01.209377,0.0627254848651062,79
121,0.3625306594185531,PRUNED,0:00:01.329518,0.059034309544768515,78
122,0.15593610818896975,PRUNED,0:00:02.248456,0.030185599396896443,100
123,0.33207898713986983,PRUNED,0:00:01.058873,0.032067596793020216,99
124,0.34401501865869155,PRUNED,0:00:01.135201,0.03700070005553873,98
125,1.378183767751411,PRUNED,0:00:00.517452,0.00995245420405812,108
126,1.207133764028549,PRUNED,0:00:00.649957,0.01083710681670851,85
127,1.4065967263227486,PRUNED,0:00:00.556786,0.008681234805157787,105
128,1.3932692174504442,PRUNED,0:00:00.589478,0.006401299917763447,85
129,1.2730493952588338,PRUNED,0:00:00.649705,0.009324892602746293,85
130,0.0030605798318877834,COMPLETE,0:00:11.935159,0.008222920427616085,62
131,0.3367512492926973,PRUNED,0:00:01.603000,0.017725004068320744,63
132,1.5728306789347466,PRUNED,0:00:00.755247,0.002801551699076016,62
133,0.2976872642870845,PRUNED,0:00:02.403445,0.017062742704408572,63
134,0.3504718460770317,PRUNED,0:00:01.640044,0.018273432628475368,64
135,0.003329625443393335,COMPLETE,0:00:11.909882,0.015858264336226616,61
136,0.3302185890718925,PRUNED,0:00:01.361400,0.017593208671823762,72
137,1.5997241578341528,PRUNED,0:00:00.779724,0.003623796542707517,73
138,0.32445494539854003,PRUNED,0:00:01.573004,0.011592401124899808,71
139,0.2959468148560392,PRUNED,0:00:02.193946,0.011500244793948431,69
140,1.1658295121551119,PRUNED,0:00:00.737893,0.010973833970358915,82
141,1.261002429795486,PRUNED,0:00:00.737601,0.008044387846978336,81
142,0.29486570485072944,PRUNED,0:00:06.136208,0.012005011149971363,20
143,0.0030174126317904833,COMPLETE,0:00:17.411687,0.007505860479580541,32
144,0.0032393936681928935,COMPLETE,0:00:17.135050,0.005659248501284954,33
145,1.225130912135629,PRUNED,0:00:00.898827,0.005481260465189331,57
146,0.0028946216105852334,COMPLETE,0:00:26.229400,0.005795297540705314,16
147,0.003032318860857224,COMPLETE,0:00:26.087416,0.006868496859931109,18
148,1.326471916179067,PRUNED,0:00:00.669464,0.00807806361921899,90
149,1.5520579751418984,PRUNED,0:00:00.791913,0.003908139078916999,76
150,0.0034069132320229175,COMPLETE,0:00:25.530079,0.006885616101289436,18
151,0.0035286723800336994,COMPLETE,0:00:14.030330,0.006970194040349993,45
152,1.6721449138449251,PRUNED,0:00:00.501661,0.006786493515982483,126
153,0.3188552318380037,PRUNED,0:00:01.647317,0.014516576174152775,68
154,1.368876735447895,PRUNED,0:00:00.744449,0.004868035037745991,69
155,2.0697572795968306,PRUNED,0:00:00.420431,0.008227871105364984,232
156,0.2835761716194225,PRUNED,0:00:03.039484,0.01446834195580095,44
157,0.003447561652332155,COMPLETE,0:00:11.783908,0.006613842318699776,57
158,1.2301855202813505,PRUNED,0:00:00.654889,0.008921498115283569,77
159,1.402895983571958,PRUNED,0:00:00.609056,0.006363787250759067,88
160,1.3049727792060504,PRUNED,0:00:00.577600,0.009945268217566734,94
161,1.2023878001058712,PRUNED,0:00:00.898058,0.00521444955427983,56
162,1.88476064888019,PRUNED,0:00:00.437783,0.007331223257262401,170
163,0.33638949223527326,PRUNED,0:00:01.186570,0.025156814285715964,82
164,1.23256923714909,PRUNED,0:00:01.297906,0.0020841267908517005,32
165,0.0036270086795963893,COMPLETE,0:00:30.296438,0.0019875110821158605,15
166,0.0028628003661113417,COMPLETE,0:00:23.095325,0.0031387464452927957,19
167,1.2892803251743317,PRUNED,0:00:01.014630,0.0031652369962281517,46
168,0.003103475262392712,COMPLETE,0:00:16.479357,0.004521383114361464,35
169,1.1318400253738286,PRUNED,0:00:01.100985,0.004030470112769411,40
170,0.0029977576205040017,COMPLETE,0:00:19.470692,0.005203141945736795,25
171,2.3194678219359948,PRUNED,0:00:02.019086,0.0003047562351540315,20
172,0.003733728154645871,COMPLETE,0:00:17.466891,0.004887550715553116,31
173,0.002744423527375498,COMPLETE,0:00:29.987047,0.004530150872789434,15
174,0.2662963908693603,PRUNED,0:00:10.487619,0.004635695475874091,10
175,0.0031218122902142843,COMPLETE,0:00:20.446689,0.004758430747914908,25
176,0.0030031061224221407,COMPLETE,0:00:13.554147,0.004377764052709152,36
177,0.13152003222708378,PRUNED,0:00:13.481625,0.009513403967030008,13
178,0.13899463053687988,PRUNED,0:00:09.252455,0.009498151837675866,14
179,0.002742471791920035,COMPLETE,0:00:25.638465,0.0033535038634517405,14
180,0.10438384500026868,PRUNED,0:00:24.245943,0.0026845211001774827,12
181,0.09838461199170838,PRUNED,0:00:17.897888,0.0028429517889707314,23
182,0.0031545843148278008,COMPLETE,0:00:34.348187,0.0028504366827951247,10
183,0.2198691688111571,PRUNED,0:00:04.048594,0.0034874734679464516,26
184,0.23193619803262575,PRUNED,0:00:05.258812,0.0030167642642544837,23
185,0.0027941874835094908,COMPLETE,0:00:19.050791,0.002697725369259871,25
186,0.29985308473985883,PRUNED,0:00:02.716879,0.0027565013350673135,25
187,0.25723572986112264,PRUNED,0:00:04.873670,0.0027175630446397404,25
188,0.2288923219061834,PRUNED,0:00:03.045014,0.00546550427300009,36
189,0.0034002062312001482,COMPLETE,0:00:19.050366,0.005984746206082698,28
190,0.11391976167840406,PRUNED,0:00:23.660080,0.007511636923787538,9
191,0.0031278182434988392,COMPLETE,0:00:24.253482,0.008203567079953795,19
192,0.16787850197495482,PRUNED,0:00:06.803724,0.007783126336547797,17
193,0.18563892764678178,PRUNED,0:00:11.738945,0.007930765290595977,9
194,0.003261527532059848,COMPLETE,0:00:21.760425,0.0037121865209030374,17
195,0.0035431127209906705,COMPLETE,0:00:50.322384,0.0038952139199958714,7
196,0.003102412756607867,COMPLETE,0:00:54.939935,0.0036724225844715877,7
197,1.1307580096561924,PRUNED,0:00:02.077514,0.0014890855870219153,19
198,0.14549637338551935,PRUNED,0:00:17.513535,0.012376492840366462,8
199,0.002824984357849434,COMPLETE,0:00:17.568445,0.003719636792927038,31
200,0.09840296873127122,PRUNED,0:00:11.662120,0.003759140884677663,30
201,0.0025366516488865426,COMPLETE,0:01:03.198228,0.003794043601232242,5
202,0.003092061522908565,COMPLETE,0:00:17.863694,0.0037479490173901787,30
203,1.883503420332412,PRUNED,0:00:05.865927,0.0001725321392817726,5
204,0.0030180290256970376,COMPLETE,0:00:14.989177,0.003514214594758593,29
205,0.0028773566839090576,COMPLETE,0:00:13.230337,0.013183568639640965,37
206,0.002951941612676978,COMPLETE,0:00:14.541956,0.005710677279492208,40
207,1.382255400949662,PRUNED,0:00:01.130305,0.002312493862768361,40
208,0.002880542230093927,COMPLETE,0:00:18.046321,0.005867118082589061,30
209,0.29058389367554527,PRUNED,0:00:03.678588,0.005582487543999545,22
210,2.0881830209340806,PRUNED,0:00:00.436320,0.004440897309340987,150
211,0.003265708419479555,COMPLETE,0:00:15.754845,0.005964755003748489,36
212,0.002817355714243584,COMPLETE,0:00:12.964905,0.012146970382785081,38
213,1.404509671401879,PRUNED,0:00:01.011310,0.0018807412746995134,36
214,1.0822046085907395,PRUNED,0:00:01.166232,0.0037885154842337617,37
215,1.2734591800046255,PRUNED,0:00:00.889210,0.003892878287355836,42
216,2.031563574974198,PRUNED,0:00:00.964470,0.0008347329691960886,37
217,0.0027339843070246497,COMPLETE,0:00:18.719845,0.005551552457407676,27
218,0.0034610250379845707,COMPLETE,0:00:13.978284,0.00579318494269,32
219,0.002894746390667766,COMPLETE,0:00:18.146833,0.006244251940391968,29
220,0.10867122272205845,PRUNED,0:00:07.537202,0.005589148607612417,30
221,0.2794935105864061,PRUNED,0:00:02.266904,0.006037150797776861,32
222,0.003591078352940678,COMPLETE,0:00:17.275885,0.01069714518240008,30
223,0.30364460233796275,PRUNED,0:00:02.476950,0.012956062402666084,28
224,3.6223064796034112,PRUNED,0:00:00.932046,6.113032739016829e-05,42
225,0.2888925799587429,PRUNED,0:00:01.889911,0.010107494216812047,39
226,0.31055283678991774,PRUNED,0:00:01.666777,0.010306086571757711,47
227,0.28674966503079,PRUNED,0:00:03.214305,0.010278416338675591,25
228,0.11573628074284732,PRUNED,0:00:06.150869,0.004841378902618858,28
229,0.10691250708570424,PRUNED,0:00:08.470104,0.004562291946762109,26
230,0.0031040291626246485,COMPLETE,0:00:16.847024,0.005242546085249757,26
231,0.278133696719963,PRUNED,0:00:03.099871,0.00477779612749566,24
232,0.0027857086262676693,COMPLETE,0:00:23.347259,0.0046764435711464285,20
233,0.0027050986912253213,COMPLETE,0:00:26.244716,0.005058240115141245,16
234,0.002594394229358293,COMPLETE,0:00:22.262544,0.004734574665359804,21
235,0.0027234520964925274,COMPLETE,0:00:18.789968,0.006768996422117267,21
236,0.0028034238480142922,COMPLETE,0:00:26.067374,0.007143462371454036,15
237,0.0026972688392481996,COMPLETE,0:00:22.449631,0.006324772848057582,20
238,2.0814040123030195,PRUNED,0:00:00.463279,0.006742936847891272,203
239,0.27336552201710435,PRUNED,0:00:03.290714,0.007365624013162941,20
240,0.09859684489098898,PRUNED,0:00:20.237047,0.0065815606954791024,14
241,0.2885640254452594,PRUNED,0:00:04.239796,0.0023841302795243463,15
242,0.003316512520182571,COMPLETE,0:00:25.259087,0.003176230971179931,14
243,0.2814745097813836,PRUNED,0:00:04.319892,0.004716949240801397,15
244,0.0029107125399539737,COMPLETE,0:00:28.182845,0.0031973803300549435,15
245,0.29490706725318544,PRUNED,0:00:04.810081,0.0060839861844097206,15
246,0.002979206284475764,COMPLETE,0:00:24.574709,0.006228360882579748,15
247,0.28927712160420704,PRUNED,0:00:04.905954,0.0031218774242635903,14
248,0.10518168000111339,PRUNED,0:00:11.477534,0.0031579643358022793,20
249,0.2784607587449522,PRUNED,0:00:03.477367,0.003548908088626487,21
250,0.00308493097537827,COMPLETE,0:00:28.836911,0.0033464063835339074,13
251,0.2590453186846641,PRUNED,0:00:03.546941,0.0032341425191120664,21
252,0.002803596160168991,COMPLETE,0:00:22.222007,0.006429472024125937,20
253,0.10253468324807434,PRUNED,0:00:12.745218,0.004386957004727,18
254,0.1442943501089691,PRUNED,0:00:05.623615,0.004550702130905059,20
255,0.2989739153788171,PRUNED,0:00:06.476269,0.004968164591722262,11
256,0.003017766602812067,COMPLETE,0:00:27.072335,0.00554457797532307,15
257,0.10584288928465348,PRUNED,0:00:22.584702,0.005735340350830385,9
258,1.8664653282165526,PRUNED,0:00:00.459656,0.006092492133786349,140
259,0.0028717636923073072,COMPLETE,0:00:24.002499,0.006701264307228813,19
260,0.002778001356835367,COMPLETE,0:00:18.295374,0.007991910373714634,22
261,0.003144915488573658,COMPLETE,0:01:29.928595,0.0023317115900313838,4
262,0.28033099028779324,PRUNED,0:00:08.599796,0.003949774046210561,7
263,0.2943702153502459,PRUNED,0:00:03.537113,0.0026441159067216377,21
264,0.0031324880306329355,COMPLETE,0:01:16.199057,0.002458268812564948,4
265,0.3117361621626741,PRUNED,0:00:15.925219,0.007173488632294787,4
266,0.0026925311414062077,COMPLETE,0:00:21.843362,0.004438454661043703,22
267,0.0026310119810400213,COMPLETE,0:00:18.185833,0.008119866796308871,23
268,0.00313949574258928,COMPLETE,0:00:20.745692,0.008399061429237756,23
269,0.27913895524586096,PRUNED,0:00:02.885797,0.006608690650303382,23
270,0.3199958409943008,PRUNED,0:00:17.773618,0.008386010603762897,4
271,0.14348606676627823,PRUNED,0:00:21.279708,0.008326228090261229,4
272,0.09863972998074302,PRUNED,0:00:11.126309,0.00831600790445891,23
273,0.10930969964292095,PRUNED,0:00:08.423474,0.00860763590552291,24
274,0.30224734898432193,PRUNED,0:00:03.171295,0.008505761997968105,21
275,0.29844799059701255,PRUNED,0:00:03.489437,0.008706676922632982,21
276,0.2979379702594805,PRUNED,0:00:03.461003,0.013343745634517568,19
277,0.30958986405498723,PRUNED,0:00:03.483852,0.012627155129521046,24
278,0.2726009959149935,PRUNED,0:00:03.791326,0.013449183082066088,20
279,0.20903207142037725,PRUNED,0:00:06.137662,0.0023090244874065815,11
280,3.7050176267371033,PRUNED,0:00:03.320307,1.1208217678735236e-05,11
281,0.002962648072900333,COMPLETE,0:00:33.521038,0.004298523942635746,10
282,0.00289399984054717,COMPLETE,0:00:34.868881,0.004467683133969504,12
283,0.002629971925378432,COMPLETE,0:00:30.069374,0.004183584939563815,11
284,0.002902719427837055,COMPLETE,0:00:38.236690,0.004189309474188991,10
285,0.9239851181933639,PRUNED,0:00:01.250934,0.004424169306707424,32
286,1.9267772804170646,PRUNED,0:00:00.525021,0.004096835792420583,117
287,0.2898469896789527,PRUNED,0:00:06.479033,0.002211665122316702,11
288,2.2617386002694406,PRUNED,0:00:00.349448,0.004468965998607574,188
289,0.2785383831249194,PRUNED,0:00:02.707434,0.004881320635461052,28
290,0.307968991209821,PRUNED,0:00:04.078451,0.010915048753439252,17
291,0.09303464364525703,PRUNED,0:00:14.800367,0.01027548497879219,27
292,0.29786808178787344,PRUNED,0:00:02.193833,0.007452344052628973,34
293,0.8895817653221243,PRUNED,0:00:01.346347,0.004072234346629454,27
294,0.2528016777953716,PRUNED,0:00:04.337274,0.0068576587226901855,16
295,0.11181245816888824,PRUNED,0:00:06.988304,0.0050806270054634,27
296,0.10230716394860882,PRUNED,0:00:12.636712,0.006712826759762564,18
297,0.10261030811053967,PRUNED,0:00:07.062220,0.006636019897740622,34
298,0.10811807562086537,PRUNED,0:00:20.129125,0.003849845193000007,8
299,0.003007199486909229,COMPLETE,0:00:22.997060,0.002837009700727135,17
300,0.0025333661413008044,COMPLETE,0:00:23.979605,0.003566409576307617,17
301,0.29426866921709804,PRUNED,0:00:04.348038,0.002638627555927556,17
302,0.0029456991224011157,COMPLETE,0:00:27.248987,0.003572554542546421,16
303,0.8711338908352503,PRUNED,0:00:02.097928,0.0026246360812489135,17
304,0.09691403126190147,PRUNED,0:00:15.264538,0.003552040151013232,18
305,2.2622844495891052,PRUNED,0:00:00.383456,0.0053297827573386925,216
306,1.1274775822658136,PRUNED,0:00:01.788707,0.001780632791803111,21
307,0.002772134209275669,COMPLETE,0:00:21.926775,0.0036252159297604195,21
308,0.9673846586307219,PRUNED,0:00:01.681143,0.0033028344555174477,24
309,0.2788371066058554,PRUNED,0:00:04.430857,0.005427682607275447,17
310,0.0031610501343323186,COMPLETE,0:00:33.555993,0.0034494720440992033,13
311,2.2858940813992477,PRUNED,0:00:00.461853,0.0034118253505390256,157
312,0.1414434443934854,PRUNED,0:00:10.904888,0.006528350018288285,10
313,0.3002655855383739,PRUNED,0:00:05.364175,0.00532955651302677,14
314,0.1202567216789518,PRUNED,0:00:11.580154,0.005450673526462092,13
315,1.4628673177628866,PRUNED,0:00:01.381551,0.0012002388670687523,26
316,0.002741337727200322,COMPLETE,0:00:20.746050,0.007297825446947501,24
317,0.26817033440857574,PRUNED,0:00:02.986622,0.0067920113800247735,23
318,0.10762714509936896,PRUNED,0:00:14.442269,0.004708922813525547,12
319,0.8994977407250057,PRUNED,0:00:01.157805,0.004800774631878524,31
320,0.0028151133604862365,COMPLETE,0:00:37.853700,0.003287333215912686,11
321,3.8285227889445292,PRUNED,0:00:00.431664,1.6647005778172252e-06,131
322,0.13319259532021754,PRUNED,0:00:07.865303,0.0036993332672515095,12
323,1.393307016705567,PRUNED,0:00:00.571902,0.009585126320440295,110
324,0.8423699561166681,PRUNED,0:00:01.428285,0.004824665860527598,30
325,0.24974625030260408,PRUNED,0:00:03.056613,0.0050910404785557885,28
326,0.8790074555333787,PRUNED,0:00:01.688400,0.004031176650372519,26
327,0.11541268723896436,PRUNED,0:00:07.597120,0.004004256788999052,23
328,0.11461956347479965,PRUNED,0:00:08.882273,0.008025440118899578,24
329,0.0026530454787645984,COMPLETE,0:00:22.075924,0.007826694149722292,23
330,0.10129470383075108,PRUNED,0:00:09.109512,0.008071560878099472,23
331,0.29157765783520057,PRUNED,0:00:03.491482,0.008177464140678999,22
332,0.3013074728613249,PRUNED,0:00:03.761376,0.008192948861838535,22
333,1.5037268828754582,PRUNED,0:00:01.222037,0.0016420595797903127,36
334,0.131675771919068,PRUNED,0:00:12.549690,0.00667904568096263,8
335,1.1440823274015477,PRUNED,0:00:01.390179,0.003041967698695334,33
336,0.3021070271730423,PRUNED,0:00:02.717177,0.009873878361639683,32
337,0.0025918562175458685,COMPLETE,0:00:19.149703,0.009828993130596991,29
338,1.4450923772622841,PRUNED,0:00:04.673021,0.0004246158356457687,8
339,0.1551041497333237,PRUNED,0:00:11.572677,0.0096605638517394,8
340,0.25879408407761867,PRUNED,0:00:10.334619,0.015524407840918096,7
341,0.22675112070117223,PRUNED,0:00:09.206864,0.006032519251120889,8
342,0.19485506208406556,PRUNED,0:00:04.204028,0.016476577053692713,19
343,0.0028692424992601316,COMPLETE,0:00:18.956853,0.006422219309830154,29
344,0.14946359537099377,PRUNED,0:00:04.127465,0.005840078973376164,28
345,0.1479146047876505,PRUNED,0:00:03.905976,0.005891810191143132,28
346,0.3053919092835657,PRUNED,0:00:03.092595,0.012111279086719759,27
347,0.3085705347801671,PRUNED,0:00:03.004277,0.011819386341462434,28
348,0.09312973651036405,PRUNED,0:00:12.477925,0.005564014711830016,28
349,0.24055678526724666,PRUNED,0:00:04.182577,0.004359364491223959,18
350,0.002670039260513862,COMPLETE,0:00:25.158000,0.004317217227170628,19
351,1.1004713173013136,PRUNED,0:00:01.129484,0.004360602952977305,42
352,3.6925733066072652,PRUNED,0:00:01.817639,2.0199639740200404e-05,19
353,0.8614110327234455,PRUNED,0:00:02.104893,0.002824481176060079,19
354,0.2162511500428958,PRUNED,0:00:04.359911,0.0071093763146317735,15
355,0.8270800393029868,PRUNED,0:00:02.819745,0.002181593894476748,14
356,0.15811152830420727,PRUNED,0:00:08.551712,0.020925795926918053,14
357,0.27949774054638354,PRUNED,0:00:05.112019,0.010474305169602937,14
358,0.29607820575869326,PRUNED,0:00:05.750715,0.007610486844320452,13
359,0.21541712272119332,PRUNED,0:00:05.499739,0.007089110492931553,14
360,0.19569565416839663,PRUNED,0:00:05.379736,0.009535068854157907,12
361,0.11066144508676547,PRUNED,0:00:08.685416,0.005406313950882333,22
362,0.002755488187732927,COMPLETE,0:00:22.433668,0.0073005513942028845,22
363,0.0958224503709135,PRUNED,0:00:12.563695,0.005045097919563164,22
364,0.8745199928441679,PRUNED,0:00:01.925583,0.0029371765010319426,21
365,0.9053550527967287,PRUNED,0:00:01.949936,0.002890426814594544,22
366,2.59269521212337,PRUNED,0:00:01.646235,0.00021974067466945594,22
367,0.904416552058073,PRUNED,0:00:01.990352,0.0029214277109694945,22
368,0.1889400767321511,PRUNED,0:00:17.265948,0.004991922287494143,4
369,0.2163706696459714,PRUNED,0:00:17.814550,0.0050013937265245955,4
370,0.11598124562551441,PRUNED,0:00:43.144713,0.005005702048944382,4
371,0.1314635501256803,PRUNED,0:00:07.046557,0.0050686620769111665,17
372,0.00282062644979405,COMPLETE,0:00:24.938323,0.004249248402297076,17
373,0.1862579205307249,PRUNED,0:00:14.304893,0.0018930182188353411,5
374,0.11347890821909545,PRUNED,0:00:27.702157,0.00364765070727274,5
375,0.9970241668861047,PRUNED,0:00:01.304760,0.004191185792830258,34
376,0.11186804074008973,PRUNED,0:00:08.664549,0.009129910977193775,18
377,0.2914665182103728,PRUNED,0:00:03.221898,0.008366647106404508,25
378,0.22941166972754848,PRUNED,0:00:03.393856,0.00914736248548184,25
379,0.29256048954114683,PRUNED,0:00:04.718008,0.008878937649162083,17
380,0.21884528082633806,PRUNED,0:00:04.358737,0.0093003257915761,18
381,0.2738211344367538,PRUNED,0:00:04.269113,0.006490627364940957,19
382,0.18612726561179976,PRUNED,0:00:04.695918,0.007438486745133055,17
383,0.20487777492642073,PRUNED,0:00:04.937757,0.007035314304989309,16
384,0.20698999225775683,PRUNED,0:00:02.799736,0.006957756338084032,31
385,0.0027192663497508066,COMPLETE,0:00:19.724971,0.006913341553603274,25
386,0.1188419092002265,PRUNED,0:00:05.294416,0.007064613044082312,32
387,0.8871262714866377,PRUNED,0:00:01.571088,0.003870205482284503,26
388,0.1266365532831448,PRUNED,0:00:04.959145,0.004186840192069474,25
389,0.10119507034740798,PRUNED,0:00:09.787939,0.00408658080408542,25
390,0.20656730896302924,PRUNED,0:00:03.391204,0.011255087359219634,25
391,0.30681407150185774,PRUNED,0:00:03.024631,0.012809980690177957,25
392,0.21555847921251087,PRUNED,0:00:07.281611,0.005599068893822323,10
393,0.2529935143456265,PRUNED,0:00:07.315222,0.013959153486582863,10
394,0.11580765384345033,PRUNED,0:00:14.562439,0.005589234339301315,10
395,0.22465613746461421,PRUNED,0:00:07.273514,0.005659035171555681,9
396,0.30808056584905086,PRUNED,0:00:07.125654,0.00604881810086674,10
397,0.2081179049419591,PRUNED,0:00:06.948529,0.005750609446340989,10
398,3.8079284650308116,PRUNED,0:00:01.226497,4.076128372448484e-06,34
399,0.824361221396595,PRUNED,0:00:01.305555,0.0056635489515762935,32
400,0.9679012815636324,PRUNED,0:00:01.763868,0.0024392165779624476,21
401,0.9302828851414014,PRUNED,0:00:01.895157,0.0025151378821423598,21
402,1.004555859694998,PRUNED,0:00:01.943683,0.0022641736471960008,21
403,0.13255423844960712,PRUNED,0:00:07.797349,0.011229484084360579,13
404,0.20973708653943385,PRUNED,0:00:05.652038,0.01097147833375841,13
405,0.002816188897302449,COMPLETE,0:00:33.367441,0.0034519864299328872,13
406,0.21673618605961825,PRUNED,0:00:05.814401,0.010857810188680032,13
407,0.22146726047777268,PRUNED,0:00:05.356842,0.010808831492557049,14
408,0.0027664273281184917,COMPLETE,0:00:17.688094,0.011183157373992494,30
409,0.11100268025515282,PRUNED,0:00:05.796707,0.010775900781573223,29
410,0.28737165163507683,PRUNED,0:00:02.794282,0.010729098163421817,31
411,0.7882232891905839,PRUNED,0:00:01.261860,0.007671746485852117,37
412,1.0138362796967237,PRUNED,0:00:01.402620,0.0033723655837469093,31
413,0.0027598071276294612,COMPLETE,0:00:28.430809,0.0032338672700797195,16
414,1.9173134580661169,PRUNED,0:00:01.449314,0.0007083442215486528,28
415,0.9388080276486878,PRUNED,0:00:01.524426,0.003924284813510315,29
416,0.9569334098929771,PRUNED,0:00:01.533630,0.0036182483976166676,29
417,0.9497777133857134,PRUNED,0:00:01.724812,0.003696269470395613,27
418,0.9103493409345118,PRUNED,0:00:01.458491,0.0036218666655414393,26
419,0.18942425984859781,PRUNED,0:00:03.734828,0.008095286322782837,23
420,3.102614261858696,PRUNED,0:00:01.771796,0.00010150661068216087,23
421,0.28119147394638544,PRUNED,0:00:04.108040,0.007304374749024134,20
422,0.20230622035258475,PRUNED,0:00:04.239194,0.00777200656121944,19
423,0.23055169297167158,PRUNED,0:00:03.888068,0.0077321655357897815,19
424,0.8439334610964628,PRUNED,0:00:01.115688,0.007833572860463232,39
425,0.19101245835457648,PRUNED,0:00:03.884483,0.015729508098832827,20
426,0.13050674816457236,PRUNED,0:00:06.811094,0.005032755664246387,17
427,0.23293791454861626,PRUNED,0:00:04.210701,0.014990906667795676,19
428,0.23630234406488698,PRUNED,0:00:04.633919,0.004709105616524363,17
429,0.22976630456563904,PRUNED,0:00:04.134167,0.017714470450586193,17
430,0.9463671722934266,PRUNED,0:00:01.171224,0.004822146947586326,36
431,2.407497095735106,PRUNED,0:00:00.385293,0.004678385858519133,241
432,0.002854320510429512,COMPLETE,0:00:27.185885,0.0030938665933315343,16
433,0.7690974568079343,PRUNED,0:00:02.618003,0.0028206895613635524,15
434,0.27105331355070017,PRUNED,0:00:04.977484,0.0031104398441237505,14
435,1.0404679973099187,PRUNED,0:00:01.713394,0.0031095690902843663,24
436,0.1925306308799046,PRUNED,0:00:03.358760,0.006401728538450991,24
437,0.002966782759345359,COMPLETE,0:00:21.066351,0.006335271038593957,24
438,0.0033817990452107817,COMPLETE,0:00:20.134880,0.0063347982821694085,25
439,0.13834000819108702,PRUNED,0:00:03.501526,0.02118606034464128,36
440,0.8310275663112857,PRUNED,0:00:01.038131,0.009639752876579036,45
441,1.46501766623707,PRUNED,0:00:01.034437,0.0019300728877668849,40
442,1.6232298245333663,PRUNED,0:00:00.442724,0.013259887717945803,177
443,0.29634069684769443,PRUNED,0:00:02.549430,0.013531596620181724,34
444,0.820347929355229,PRUNED,0:00:01.168606,0.005950096645281936,34
445,0.7813923793252219,PRUNED,0:00:01.396179,0.00921943230323323,33
446,3.5547875849857635,PRUNED,0:00:01.274747,5.74876539488971e-05,31
447,0.803735210176073,PRUNED,0:00:01.504065,0.00466431324050342,28
448,0.8575414464477278,PRUNED,0:00:01.649808,0.004450170703139487,26
449,0.8466603149689079,PRUNED,0:00:01.476316,0.00428777175174074,26
450,0.7933239874843067,PRUNED,0:00:01.668109,0.004114825548499789,24
451,0.002625394754054901,COMPLETE,0:00:21.294122,0.006480101364085071,23
452,0.10158689535044209,PRUNED,0:00:09.989136,0.006353990023278039,22
453,0.18629215398218513,PRUNED,0:00:03.438857,0.006395258996265558,23
454,0.14319508911441425,PRUNED,0:00:11.594427,0.009285379126687933,9
455,0.8678403284235541,PRUNED,0:00:01.092724,0.008934142140289434,43
456,0.7775528768506808,PRUNED,0:00:04.504446,0.001544342031168286,8
457,0.26643590755329644,PRUNED,0:00:07.990875,0.002683486755818242,9
458,0.09830071950669993,PRUNED,0:00:21.478545,0.0024058083634620935,9
459,0.0028530200631320013,COMPLETE,0:00:40.068239,0.0022312658123616624,10
460,0.2739161067771408,PRUNED,0:00:08.873769,0.002089495280261581,8
461,0.11656631330131656,PRUNED,0:00:13.167933,0.0032101710756671734,11
462,0.19016933073080167,PRUNED,0:00:04.961954,0.003467167110639014,16
463,0.86902679920306,PRUNED,0:00:02.336961,0.0021500358048427903,16
464,0.9986244111883739,PRUNED,0:00:02.176277,0.001963219006479111,18
465,0.9897461650742945,PRUNED,0:00:01.994731,0.002100182384320835,19
466,0.23925490746970732,PRUNED,0:00:06.203403,0.0035977207364896306,11
467,2.6577291736589648,PRUNED,0:00:08.551729,0.09056325186099373,4
468,0.2567941242669896,PRUNED,0:00:05.571212,0.0026512024649438456,12
469,0.1891136561820576,PRUNED,0:00:05.873174,0.0026644955259653917,12
470,0.2248600860647885,PRUNED,0:00:05.523507,0.008502671933231527,13
471,0.3036324126174651,PRUNED,0:00:03.564591,0.008417197992653475,21
472,0.19564647348879866,PRUNED,0:00:17.044018,0.008340260718279719,4
473,0.0029407755776524698,COMPLETE,0:00:23.568328,0.005178837650848609,20
474,0.0026785769142420356,COMPLETE,0:00:23.417728,0.005468183911102496,20
475,0.1331848158724298,PRUNED,0:00:25.404462,0.005072136760342324,4
476,0.8333861511231659,PRUNED,0:00:01.412449,0.005015148993078942,29
477,0.8544147885381282,PRUNED,0:00:01.469506,0.0047992098960773074,29
478,0.32191378121672115,PRUNED,0:00:03.974153,0.0119233022809111,19
479,0.31535303843469403,PRUNED,0:00:04.156365,0.01275899133669381,19
480,0.194184636868058,PRUNED,0:00:03.705989,0.012814523780278043,20
481,0.3285805631294308,PRUNED,0:00:03.692907,0.018692796423454977,21
482,0.27413698693154137,PRUNED,0:00:03.649377,0.01654905921701657,22
483,0.29422666855060214,PRUNED,0:00:03.038439,0.018787264356435157,25
484,0.0029360952023820947,COMPLETE,0:00:17.951486,0.0074025854017622204,28
485,0.1937974135510735,PRUNED,0:00:02.926144,0.007279525910805951,29
486,0.0029641034902491868,COMPLETE,0:00:16.223506,0.007086917335490889,30
487,0.0036108132215581642,COMPLETE,0:00:28.983568,0.005506500676535366,15
488,0.2298948652114734,PRUNED,0:00:05.177296,0.005539109438240286,14
489,1.7510484553452357,PRUNED,0:00:01.198778,0.0010915439162546019,34
490,0.28900731974123156,PRUNED,0:00:04.583200,0.005549723746262266,16
491,0.2951941190508115,PRUNED,0:00:04.711290,0.006774000094749465,16
492,0.26858499748776576,PRUNED,0:00:04.934389,0.007002261201995398,15
493,0.7442048584285939,PRUNED,0:00:01.497134,0.0066460517112988,28
494,0.2922076620674482,PRUNED,0:00:05.036888,0.006978046285024857,15
495,0.3064980544457751,PRUNED,0:00:04.748153,0.009851306587526611,16
496,0.0032043169670790948,COMPLETE,0:00:18.596927,0.009274526778236362,26
497,0.21410911254467205,PRUNED,0:00:02.977139,0.0100199673848627,25
498,0.2918889410098964,PRUNED,0:00:03.237414,0.009799827983193787,25
499,0.2319866987733622,PRUNED,0:00:03.283495,0.009134330919727287,25
500,1.4973676768131554,PRUNED,0:00:00.512573,0.011027464873798245,137
501,0.3137381715345974,PRUNED,0:00:03.292704,0.009673458368111846,24
502,0.8629523400761208,PRUNED,0:00:01.703665,0.003989315114957568,24
503,1.0208078814357973,PRUNED,0:00:01.189035,0.0043865877614285755,38
504,0.26289752357710633,PRUNED,0:00:03.196378,0.005461388851046072,23
505,0.7683649870068437,PRUNED,0:00:01.802652,0.004078368934014782,22
506,0.7548816776787391,PRUNED,0:00:01.849708,0.004175320608625085,22
507,0.7732619989169649,PRUNED,0:00:01.937412,0.004075464792349112,21
508,0.9681548592420893,PRUNED,0:00:01.354343,0.004119381888722924,32
509,0.0032659736143087954,COMPLETE,0:00:22.380609,0.00550106738497783,20
510,0.8285378941051913,PRUNED,0:00:01.344906,0.005620123755418615,31
511,0.12381858150243821,PRUNED,0:00:11.349484,0.0054721401754192454,9
512,0.1304542206704986,PRUNED,0:00:11.566825,0.005395847069391559,9
513,0.11030456015751475,PRUNED,0:00:14.231864,0.005796400254232286,10
514,0.1312335382777551,PRUNED,0:00:11.799446,0.005571963927540426,8
515,0.12489550724642685,PRUNED,0:00:10.398445,0.005746463755726251,10
516,0.2065113902613478,PRUNED,0:00:07.242721,0.013771384226979514,10
517,3.805951720628983,PRUNED,0:00:00.394164,2.977523716962089e-05,225
518,2.5467319715460506,PRUNED,0:00:01.051125,0.00043168476854138374,40
519,0.2915310909931655,PRUNED,0:00:02.498285,0.014398026208419614,34
520,1.8577248333156973,PRUNED,0:00:00.391759,0.014725980226855253,254
521,2.665131214236425,PRUNED,0:00:02.193625,0.00016120226002774903,18
522,1.241813383460824,PRUNED,0:00:01.112994,0.003266273418866034,38
523,1.2309503120601557,PRUNED,0:00:01.120298,0.0032129155445538467,37
524,1.110580769808669,PRUNED,0:00:01.275812,0.0031118717743337746,34
525,0.1166040952940864,PRUNED,0:00:08.443474,0.007649789271187755,18
526,0.30094405877154046,PRUNED,0:00:04.225688,0.00801989193415792,17
527,0.28678355437953296,PRUNED,0:00:04.545580,0.008107165766144609,17
528,0.2642161495029187,PRUNED,0:00:04.406280,0.008076068424875746,18
529,0.19759767844182688,PRUNED,0:00:04.659414,0.008199044278897736,17
530,0.28223517928181624,PRUNED,0:00:04.507797,0.007939247454862864,17
531,0.796022474381507,PRUNED,0:00:00.952586,0.027535053113430373,50
532,0.27636091989791733,PRUNED,0:00:03.816788,0.007588269908424386,19
533,0.2863965026125279,PRUNED,0:00:04.102790,0.007722131309376306,19
534,0.7639919092472699,PRUNED,0:00:01.429719,0.0069043750390439425,29
535,0.9092980141586363,PRUNED,0:00:01.410536,0.00430436474040046,30
536,0.8963867933706142,PRUNED,0:00:01.494757,0.004282836034009306,28
537,0.8392239777233432,PRUNED,0:00:01.386420,0.004367914553442601,30
538,0.7479881983099863,PRUNED,0:00:01.765947,0.004342982440792935,22
539,0.2640695142285185,PRUNED,0:00:16.674880,0.011850788897803857,4
540,0.32351303121281993,PRUNED,0:00:03.513147,0.01211609615184551,22
541,0.23411512092231362,PRUNED,0:00:16.611245,0.011619346914650615,4
542,2.542349311520574,PRUNED,0:00:07.816630,0.05085513908835059,4
543,1.5945958894327146,PRUNED,0:00:00.421275,0.011674521043436036,161
544,0.22011587104295732,PRUNED,0:00:16.301266,0.010196612922506133,4
545,0.0896378460962794,PRUNED,0:01:08.487456,0.0034250681205720756,4
546,0.2431979397121514,PRUNED,0:00:05.530758,0.011761495376063268,13
547,0.0032319719179600913,COMPLETE,0:00:28.493142,0.003341374241566716,13
548,0.11023993860988543,PRUNED,0:00:10.717112,0.0035437138556360455,13
549,0.1274502876969629,PRUNED,0:00:20.280069,0.0035220031445618006,5
550,0.0026999980157202392,COMPLETE,0:00:32.592380,0.003562428625343367,12
551,0.9449597354042992,PRUNED,0:00:01.513526,0.0031970676728353565,25
552,1.8863104818281062,PRUNED,0:00:00.468669,0.005969351807928407,144
553,0.22178583607177607,PRUNED,0:00:05.528151,0.010377615694703178,13
554,0.20692482377325394,PRUNED,0:00:05.565883,0.006551366547753629,13
555,0.2069505277980047,PRUNED,0:00:05.842182,0.006623948721372679,12
556,0.24843595461189835,PRUNED,0:00:02.956848,0.006415705561724675,26
557,0.11044196425821663,PRUNED,0:00:11.898310,0.003689367969637617,12
558,2.437629914560983,PRUNED,0:00:00.410965,0.003563328433544728,203
559,1.5279461291590424,PRUNED,0:00:01.238620,0.001413362199530261,33
560,1.4537933585657314,PRUNED,0:00:01.282053,0.0015812238743857614,33
561,0.9803762888027863,PRUNED,0:00:01.261414,0.00488306901430617,33
562,0.811447270203454,PRUNED,0:00:01.591599,0.004693507291166864,26
563,0.7559073261110638,PRUNED,0:00:01.734465,0.00464236620774187,23
564,0.9961702729081415,PRUNED,0:00:01.705027,0.0025604400697284975,23
565,0.935741177299107,PRUNED,0:00:01.780919,0.002621730048364386,22
566,0.8996326949761575,PRUNED,0:00:01.863253,0.002823698109535936,21
567,1.197629071625289,PRUNED,0:00:01.065618,0.003628992428718926,43
568,0.002829346615255567,COMPLETE,0:00:27.800211,0.0037191533617520764,14
569,1.8925524628564212,PRUNED,0:00:00.411040,0.009174670765946044,196
570,0.3119296440637734,PRUNED,0:00:05.350927,0.022559103549119393,14
571,0.3011609391694567,PRUNED,0:00:05.420726,0.015580590661631396,14
572,0.10880055353344684,PRUNED,0:00:10.856651,0.006113212043882765,14
573,1.7306418284563951,PRUNED,0:00:00.501899,0.006182444360175347,123
574,0.8587196574308708,PRUNED,0:00:01.399250,0.0048926659326233805,28
575,0.33171145644293254,PRUNED,0:00:04.836266,0.017478732794435285,14
576,0.3106425314991161,PRUNED,0:00:04.626681,0.022178449907882387,16
577,0.31375572738352786,PRUNED,0:00:02.982195,0.016290790143451545,28
578,0.741015381877895,PRUNED,0:00:01.556172,0.006205141674526273,26
579,0.22948395245767367,PRUNED,0:00:04.066270,0.009509378435911493,19
580,0.31019662812762305,PRUNED,0:00:03.925484,0.009027140431176844,20
581,3.814039726429675,PRUNED,0:00:01.759925,1.3632584973597944e-06,21
582,0.3091827963026018,PRUNED,0:00:03.867552,0.008987100394065101,20
583,0.27521069061626263,PRUNED,0:00:03.934109,0.00847641089529933,20
584,0.10199438380675578,PRUNED,0:00:11.622745,0.004685412291544879,20
585,0.9729798507665119,PRUNED,0:00:01.105006,0.0049021944881776965,37
586,0.8616619345037949,PRUNED,0:00:01.419910,0.004529580689774382,30
587,0.7375257522021637,PRUNED,0:00:01.261732,0.007391742033836852,30
588,3.7190942925198347,PRUNED,0:00:04.398635,7.533678065352764e-06,8
589,0.2106445849795275,PRUNED,0:00:03.052476,0.0074015138105381646,27
590,3.7448575732027094,PRUNED,0:00:04.131406,5.808849273172402e-06,8
591,1.057590211172057,PRUNED,0:00:03.801051,0.0008752535193532501,9
592,0.20846798390242433,PRUNED,0:00:08.083626,0.0029215469630080853,9
593,0.12174516918391666,PRUNED,0:00:11.792645,0.003189244968716124,9
594,0.12238613241506079,PRUNED,0:00:10.874555,0.0030850652303123405,9
595,0.16842144657622535,PRUNED,0:00:06.757670,0.0031876292764007426,11
596,0.11355552862182813,PRUNED,0:00:15.433549,0.0028624115837072223,9
597,0.2375203952371052,PRUNED,0:00:05.606380,0.0030676382938060014,13
598,0.9019098250826952,PRUNED,0:00:02.574580,0.0023797123629498347,15
599,0.7345660173695935,PRUNED,0:00:02.274924,0.003938310506509853,16
600,0.10932294114110555,PRUNED,0:00:18.115381,0.003833542092611314,8
601,1.6031320248589371,PRUNED,0:00:04.455302,0.0003369461955327502,8
602,1.156897148088027,PRUNED,0:00:01.336509,0.0018738570575916687,25
603,1.2093626939540614,PRUNED,0:00:01.673053,0.0018234898967349885,25
604,0.11470757677373158,PRUNED,0:00:17.494343,0.005124502377448492,7
605,0.8244829994752059,PRUNED,0:00:01.674619,0.004726092802819071,24
606,0.7472139278801347,PRUNED,0:00:01.516049,0.005164953371088088,24
607,0.9451583101421841,PRUNED,0:00:01.188735,0.005228184701900613,36
608,0.8261690951927364,PRUNED,0:00:01.211901,0.005603303709040222,34
609,1.0181235784036606,PRUNED,0:00:01.154431,0.003844929689541545,34
610,3.8054705429668267,PRUNED,0:00:02.195726,2.6621015266332483e-06,18
611,1.3079768762110406,PRUNED,0:00:01.009111,0.003902092067963594,46
612,0.7869554100604343,PRUNED,0:00:01.969850,0.0040192163963171735,18
613,0.0032070773516015513,COMPLETE,0:00:27.074645,0.004181556587222603,17
614,0.002790191173303172,COMPLETE,0:00:25.331156,0.006326594856986529,18
615,0.8229585760323013,PRUNED,0:00:02.315777,0.002420573880098966,17
616,0.8472064664305711,PRUNED,0:00:02.158537,0.002561221861712342,17
617,0.16747649426815314,PRUNED,0:00:02.840523,0.006612210005709692,29
618,0.0029788794642479563,COMPLETE,0:00:18.082963,0.0063288777326026835,27
619,0.7402338829985783,PRUNED,0:00:01.521110,0.006306114398417756,28
620,0.7448475818629517,PRUNED,0:00:01.756671,0.005666944016911546,22
621,1.121490417612255,PRUNED,0:00:01.109170,0.0047007994275090476,40
622,1.1393640428918217,PRUNED,0:00:01.188858,0.004604166075259068,40
623,2.39921045590596,PRUNED,0:00:00.395679,0.004047560761466839,210
624,0.2959900980014878,PRUNED,0:00:05.448436,0.006914558694914309,14
625,0.27170770203299593,PRUNED,0:00:03.518067,0.006685400978254342,22
626,0.2532222425632448,PRUNED,0:00:03.171619,0.0070499675247058715,21
627,1.650578272814798,PRUNED,0:00:00.406952,0.011730892583245583,174
628,0.17027851725558202,PRUNED,0:00:05.296382,0.005971898504269033,14
629,0.21856870857108548,PRUNED,0:00:05.619919,0.006488953884017243,14
630,0.11436859746886925,PRUNED,0:00:08.918872,0.00508588920582635,18
631,0.7896720791933337,PRUNED,0:00:01.267741,0.005366457682013558,27
632,0.13152317033055122,PRUNED,0:00:03.821100,0.009857836067506568,28
633,0.31313531228689234,PRUNED,0:00:04.006481,0.00918479235881264,16
634,0.2900756811646144,PRUNED,0:00:04.277963,0.009197109830125874,18
635,0.21496550933597913,PRUNED,0:00:04.198845,0.010291437485414289,19
636,0.9915241939412307,PRUNED,0:00:00.752587,0.009606766629072661,55
637,0.00281656120495671,COMPLETE,0:00:20.049680,0.004119086302626791,19
638,0.9694474103527332,PRUNED,0:00:01.091910,0.004227826576013746,32
639,0.3211789021829525,PRUNED,0:00:03.118867,0.012319102674580274,21
640,1.0824267589293388,PRUNED,0:00:01.656669,0.0021861955882867914,25
641,0.3076602299169374,PRUNED,0:00:03.583243,0.01294467369032279,23
642,1.1041498868508115,PRUNED,0:00:01.731343,0.002357431781935054,24
643,3.337616891533844,PRUNED,0:00:01.641716,6.891401283130886e-05,23
644,0.2849167157210272,PRUNED,0:00:03.330582,0.01398937788311051,23
645,1.435778931152722,PRUNED,0:00:03.013271,0.0005927126030715324,12
646,0.09490147821628296,PRUNED,0:00:22.167759,0.0035200670909428054,9
647,1.336387878932962,PRUNED,0:00:03.066187,0.0006410271160840996,11
648,0.2254617230806763,PRUNED,0:00:06.745281,0.0036171000148227327,11
649,0.21343844399477044,PRUNED,0:00:06.665639,0.003642663848349241,11
650,1.4080236593656468,PRUNED,0:00:03.272179,0.0005722238821794568,11
651,1.0618361639931346,PRUNED,0:00:01.396114,0.003924510628620719,33
652,1.0649872379341092,PRUNED,0:00:01.267079,0.0035175078638505276,31
653,1.0817277741364457,PRUNED,0:00:01.347828,0.0036230394432514683,33
654,0.12696977986725813,PRUNED,0:00:23.569686,0.0028908334097826997,4
655,0.7422171145338904,PRUNED,0:00:03.410421,0.00268271209392934,11
656,0.11079497022561759,PRUNED,0:00:20.216849,0.002815057612122741,7
657,0.2431801217596933,PRUNED,0:00:09.551585,0.00822341696779521,7
658,0.31104017813288914,PRUNED,0:00:17.368175,0.007403054494469301,4
659,0.15423032380785892,PRUNED,0:00:26.346015,0.00807745424945663,4
660,0.19282724804844883,PRUNED,0:00:13.808408,0.0077966952785129716,5
661,0.794942240366775,PRUNED,0:00:01.240921,0.005147667561456325,28
662,0.7824468139801232,PRUNED,0:00:01.470386,0.005364301559833747,27
663,0.20901541471850393,PRUNED,0:00:02.515150,0.007482477465480937,27
664,0.8539154060074226,PRUNED,0:00:01.186503,0.007147475986387816,37
665,0.2594788897509982,PRUNED,0:00:13.672634,0.007719086985317244,5
666,0.7539925569098843,PRUNED,0:00:02.036971,0.0029190898771790006,16
667,0.20644426852707556,PRUNED,0:00:14.636777,0.005036649822113886,4
668,0.7383679448122001,PRUNED,0:00:01.508401,0.0048864683117988104,21
669,2.0531366103518325,PRUNED,0:00:00.485826,0.004799881709686898,155
670,0.09753213661262788,PRUNED,0:00:11.274620,0.0059276742776397055,21
671,0.13518465602046942,PRUNED,0:00:21.554664,0.006025672592790962,4
672,1.0757427834644075,PRUNED,0:00:00.983847,0.005749872424704567,49
673,0.0026409288212639504,COMPLETE,0:00:28.176607,0.0056992802185073166,16
674,3.4183404989373867,PRUNED,0:00:02.497033,4.0378389420786815e-05,15
675,0.27143089153741456,PRUNED,0:00:04.550134,0.015752759410878548,16
676,0.34553555863900015,PRUNED,0:00:03.760096,0.03650037124491629,22
677,0.30648222309772416,PRUNED,0:00:03.534799,0.011287700009747473,22
678,0.12489988464286442,PRUNED,0:00:04.294137,0.011016841272148569,31
679,0.12386209130441055,PRUNED,0:00:03.923327,0.010056392083973114,30
680,0.2828610195359794,PRUNED,0:00:02.778623,0.010529290541361687,31
681,0.10551849530814232,PRUNED,0:00:06.884517,0.011623110055751305,30
682,0.9221213432971792,PRUNED,0:00:01.380935,0.004586131507075467,31
683,1.2131546762923302,PRUNED,0:00:00.887811,0.004400451402320169,43
684,0.8768002454962814,PRUNED,0:00:01.511565,0.0043637623396092125,28
685,0.8499618917703629,PRUNED,0:00:02.455919,0.0018975571169305597,14
686,0.2977676966552993,PRUNED,0:00:04.310475,0.00608874014244291,15
687,1.04790884170444,PRUNED,0:00:02.546954,0.001333748362654519,15
688,1.0279613796640796,PRUNED,0:00:02.433975,0.0017731813602718653,15
689,0.26210659244281637,PRUNED,0:00:04.800746,0.00606871098531738,16
690,0.12117939017528345,PRUNED,0:00:06.096862,0.006095995040760314,18
691,0.12156082272078052,PRUNED,0:00:04.962078,0.006232281580369092,24
692,0.16967778319374918,PRUNED,0:00:03.441225,0.0065462593142321815,24
693,0.11295795801434512,PRUNED,0:00:07.139358,0.00628361109607362,19
694,0.12563923830794468,PRUNED,0:00:05.115488,0.0063742644152183555,25
695,0.7524025027593496,PRUNED,0:00:01.230328,0.00830193532655357,38
696,1.2315575889159636,PRUNED,0:00:01.206003,0.0028780713585783283,39
697,1.0282853986468352,PRUNED,0:00:01.830674,0.0030357953963452648,23
698,0.8909195932397328,PRUNED,0:00:02.060604,0.002617012624645728,20
699,0.12237223144620657,PRUNED,0:00:06.060442,0.004872155612418942,20
700,0.732259601952696,PRUNED,0:00:01.851986,0.003503293068862276,20
701,0.9039944278758748,PRUNED,0:00:01.421479,0.003371131218512053,24
702,0.33260138082867874,PRUNED,0:00:04.080276,0.018990362148328364,19
703,2.1926260907767396,PRUNED,0:00:03.290246,0.0002153053218085374,11
704,0.10947696823811481,PRUNED,0:00:09.767851,0.00432516935639462,12
705,0.10891051738137247,PRUNED,0:00:12.900232,0.004480942670431858,11
706,0.00327436024940358,COMPLETE,0:00:34.272088,0.004363350563350297,11
707,0.2148368989324404,PRUNED,0:00:05.473499,0.014430121774071018,11
708,0.31915281598555517,PRUNED,0:00:05.393539,0.01447604631696344,13
709,0.29855170929767044,PRUNED,0:00:02.369062,0.014898886934166924,35
710,0.218359596970858,PRUNED,0:00:05.984963,0.00853806151692617,12
711,0.3004577305516291,PRUNED,0:00:07.095916,0.008647817892595564,10
712,1.543253091392138,PRUNED,0:00:00.521929,0.007919681416713899,116
713,0.24397376089898187,PRUNED,0:00:05.006232,0.008419618026170212,12
714,0.288890424628095,PRUNED,0:00:05.378406,0.008834996778409843,14
715,0.30798794932736107,PRUNED,0:00:07.172034,0.008594635586951454,10
716,0.1732521460605844,PRUNED,0:00:07.418715,0.008728651166229862,10
717,0.1731229272696994,PRUNED,0:00:02.426303,0.008037308877187017,27
718,0.8142261969927704,PRUNED,0:00:01.310532,0.0050885942750051325,26
719,0.1807619643220601,PRUNED,0:00:03.521392,0.004723370403594872,18
720,2.3701560464170246,PRUNED,0:00:00.390671,0.005093748454673391,245
721,0.763047679681518,PRUNED,0:00:01.659950,0.005007025294314206,25
722,2.1664434173604943,PRUNED,0:00:00.436364,0.005318218612060197,193
723,2.0627880527859643,PRUNED,0:00:00.464182,0.005384795625709301,166
724,0.1622912115532874,PRUNED,0:00:03.694120,0.010890693898995158,18
725,0.2161340191233449,PRUNED,0:00:04.569261,0.007160571364574131,17
726,0.24960280799360807,PRUNED,0:00:04.559921,0.010851981249422663,18
727,0.28264012370905106,PRUNED,0:00:04.421363,0.007125343841810279,18
728,1.763791173696518,PRUNED,0:00:00.438066,0.010258187550075128,183
729,0.3007980128365361,PRUNED,0:00:03.607815,0.007048727863416929,18
730,0.2338132786233563,PRUNED,0:00:04.349416,0.007356538311231286,18
731,0.7764068373404516,PRUNED,0:00:01.095038,0.007166252948663832,34
732,0.8098293223903199,PRUNED,0:00:01.245902,0.006871045111500984,36
733,2.1625078932235113,PRUNED,0:00:00.426753,0.006892566150720094,231
734,0.0027007312386628547,COMPLETE,0:00:17.486940,0.006639921371764646,30
735,0.9151159973626726,PRUNED,0:00:01.252829,0.003953272279312927,28
736,0.9183007752579633,PRUNED,0:00:01.504406,0.0036389162734744517,28
737,0.779939112192895,PRUNED,0:00:01.933143,0.0038799293884224733,21
738,0.8775491084010906,PRUNED,0:00:01.689717,0.003828315696145607,25
739,2.9138147422065837,PRUNED,0:00:01.489698,0.00013765664788778758,23
740,0.9002221036632913,PRUNED,0:00:01.375314,0.0036012153666251487,25
741,0.8001618648650889,PRUNED,0:00:01.668085,0.004127929585338544,24
742,0.3278913701193943,PRUNED,0:00:03.277981,0.026712857007629126,23
743,1.0545773634035396,PRUNED,0:00:01.697069,0.0022077669246241324,24
744,1.4323643186327182,PRUNED,0:00:01.039745,0.0022630775562471213,44
745,0.176153081240897,PRUNED,0:00:07.125600,0.013105730715120563,8
746,0.12789386622710333,PRUNED,0:00:10.767889,0.005548023706535486,8
747,0.18015090467132922,PRUNED,0:00:08.892299,0.005404433285404424,8
748,0.20827749104019258,PRUNED,0:00:08.755482,0.012612212768808683,8
749,0.11068100101807085,PRUNED,0:00:15.531455,0.0054558755811692,9
750,0.876221887562253,PRUNED,0:00:01.275825,0.0054837596981647165,32
751,0.19461188019621908,PRUNED,0:00:08.328695,0.005544438584187508,8
752,0.003150129197872115,COMPLETE,0:00:25.129805,0.005197139634342767,14
753,0.11154385352205821,PRUNED,0:00:11.429938,0.005438059631599998,13
754,0.20383445374577877,PRUNED,0:00:05.239752,0.009953347202609113,14
755,0.28887179294025084,PRUNED,0:00:04.357626,0.009743087941026102,14
756,0.2694489940701718,PRUNED,0:00:05.237491,0.018593208104641823,14
757,0.2703864534550608,PRUNED,0:00:04.615248,0.010154863878554332,15
758,1.14313797800939,PRUNED,0:00:01.307844,0.0030497061260984283,31
759,1.7574815371610824,PRUNED,0:00:00.531962,0.006164520842998932,128
760,1.1712076081952236,PRUNED,0:00:01.120968,0.003014298614477449,31
761,3.761624596039919,PRUNED,0:00:01.263719,1.7659045355016236e-05,34
762,0.19374425015071542,PRUNED,0:00:04.637758,0.004612301028667834,17
763,0.17149192686617476,PRUNED,0:00:04.301611,0.004649054060883639,15
764,0.12439572661409792,PRUNED,0:00:07.772707,0.004639628729093272,15
765,0.09790023124861738,PRUNED,0:00:15.121004,0.004463014962111562,15
766,0.12096398343426099,PRUNED,0:00:05.753262,0.004447435401599459,20
767,0.10413932684945677,PRUNED,0:00:09.155529,0.004868639943075457,20
768,0.18514671755117287,PRUNED,0:00:03.399083,0.004375218766866589,20
769,0.17535117139798984,PRUNED,0:00:03.579755,0.006436795914378154,23
770,0.12395826532359583,PRUNED,0:00:05.682820,0.006855704263041938,21
771,0.7278098852457277,PRUNED,0:00:01.557951,0.006908039510506804,27
772,0.7457043893935141,PRUNED,0:00:01.320152,0.006771831233531245,27
773,0.8325547855972444,PRUNED,0:00:01.217692,0.007043667405163722,39
774,0.8944189669501862,PRUNED,0:00:01.196890,0.007168862733529558,39
775,1.472909222168425,PRUNED,0:00:00.540841,0.007638398053956711,107
776,0.90569480873016,PRUNED,0:00:01.630855,0.002597832558462656,21
777,1.228194931321893,PRUNED,0:00:01.202438,0.0026255974681341663,36
778,0.8497852431183838,PRUNED,0:00:01.914368,0.0031737904787758897,21
779,1.4995519594245015,PRUNED,0:00:00.928461,0.002646049401554087,52
780,0.8461480197597699,PRUNED,0:00:02.000674,0.0035092319584626897,21
781,1.070954986478697,PRUNED,0:00:01.515977,0.003158173526153859,28
782,1.4797868196021866,PRUNED,0:00:00.901701,0.0034249017557653467,59
783,0.9106605094468262,PRUNED,0:00:01.362033,0.003738287799746078,27
784,0.8968852588586975,PRUNED,0:00:01.488045,0.0037379253900176983,28
785,0.869737864844202,PRUNED,0:00:01.374116,0.003676395718562889,28
786,0.9484272080778877,PRUNED,0:00:01.356978,0.0038942314076791207,29
787,0.7507539204676454,PRUNED,0:00:01.501379,0.005568774783922805,27
788,0.19690614608112172,PRUNED,0:00:14.183433,0.0056967604903849,4
789,1.620638403892517,PRUNED,0:00:00.572244,0.005623614592262256,100
790,0.17012811555801674,PRUNED,0:00:15.190951,0.005671751389120412,4
791,0.2661197760275432,PRUNED,0:00:04.787898,0.005751340436831528,15
792,0.10260500716888658,PRUNED,0:00:11.772903,0.005764430271843575,15
793,0.31954530757724475,PRUNED,0:00:16.682338,0.008972273879684162,4
794,0.20378496205624497,PRUNED,0:00:05.521814,0.00853845946271904,13
795,0.1978838332604593,PRUNED,0:00:16.646063,0.008558485975239363,4
796,0.22653805504900865,PRUNED,0:00:08.002020,0.008683155851460298,7
797,0.25165212093646744,PRUNED,0:00:09.792308,0.008233838287769326,7
798,0.1305471408693307,PRUNED,0:00:15.345173,0.008981411631177279,7
799,0.12550488499585877,PRUNED,0:00:03.110800,0.008634632769883901,33
800,0.19499883319111172,PRUNED,0:00:03.255375,0.00899593045714081,23
801,0.7601676404927716,PRUNED,0:00:01.067023,0.009062882049430928,33
802,0.2631843283095143,PRUNED,0:00:02.939816,0.008925308821748874,22
803,0.003282702515576538,COMPLETE,0:00:24.330320,0.004384213689844332,19
804,0.7449879073020484,PRUNED,0:00:01.532504,0.004416057009321292,22
805,0.19271391065398213,PRUNED,0:00:03.807702,0.004565617142005036,20
806,0.003055866267826377,COMPLETE,0:00:22.237906,0.0043743138893149475,19
807,0.9739138844523055,PRUNED,0:00:01.866257,0.0020695325628566122,18
808,0.002642703296180455,COMPLETE,0:00:25.093830,0.006304100324982681,18
809,1.184008476668291,PRUNED,0:00:00.820231,0.004344550040522277,47
810,0.26415667156077394,PRUNED,0:00:04.065562,0.006415482752454257,16
811,0.17924245133638902,PRUNED,0:00:03.396089,0.006976226391309612,19
812,0.3035320075341018,PRUNED,0:00:05.026176,0.006308254299071678,14
813,0.18569336828747482,PRUNED,0:00:06.439436,0.0071376801959822656,11
814,1.9916904870800407,PRUNED,0:00:02.540293,0.00029198565705353975,12
815,0.2101509573692379,PRUNED,0:00:05.805241,0.011982628953987487,12
816,0.3072361981357671,PRUNED,0:00:05.225262,0.012614848108228521,12
817,2.472891586069739,PRUNED,0:00:01.591850,0.0003012124615342929,25
818,1.4928823212212434,PRUNED,0:00:01.336068,0.0011106884318648116,25
819,0.7695581905094974,PRUNED,0:00:00.906879,0.013077469938468152,42
820,0.3966574921188029,PRUNED,0:00:02.404779,0.0666338452794946,33
821,0.7306877021270105,PRUNED,0:00:01.184068,0.012800779843880656,35
822,1.1439893157974785,PRUNED,0:00:01.053039,0.0032756079699581848,34
823,1.172289941562425,PRUNED,0:00:01.290901,0.002673098715783686,32
824,0.839911811583496,PRUNED,0:00:01.664252,0.0031457194941566327,20
825,0.8797961243790043,PRUNED,0:00:01.842094,0.002627182210743036,18
826,1.0946930191907747,PRUNED,0:00:02.074395,0.0016058803176454018,19
827,0.8917198746610399,PRUNED,0:00:01.885490,0.0026390037729418867,20
828,1.3559664455101346,PRUNED,0:00:00.731221,0.004568718838827352,66
829,0.8164979652361343,PRUNED,0:00:01.403753,0.004387242350995159,25
830,0.8749038441170524,PRUNED,0:00:01.294244,0.004347773170122018,26
831,0.7543497341400465,PRUNED,0:00:01.530798,0.005405111653522686,26
832,0.73289373078767,PRUNED,0:00:01.687221,0.005392157483816826,25
833,0.8276755493076593,PRUNED,0:00:01.579488,0.005060072281251112,27
834,0.7455068548028314,PRUNED,0:00:01.429912,0.005853187589371158,27
835,0.7851434104553673,PRUNED,0:00:01.312567,0.005727779513018237,29
836,0.002604315629362354,COMPLETE,0:00:25.687237,0.006354227214217723,17
837,0.12180646022489248,PRUNED,0:00:07.056114,0.006639710697541743,16
838,0.10249034072567777,PRUNED,0:00:10.732500,0.006922636809200416,17
839,0.17666192487245652,PRUNED,0:00:03.927715,0.007300611269894787,17
840,0.24777960413944017,PRUNED,0:00:05.960381,0.0073935061781342,10
841,0.10245042611009693,PRUNED,0:00:15.198664,0.0038348453336738623,10
842,0.1204037387062952,PRUNED,0:00:09.775340,0.00359158292290968,10
843,0.7379444178854029,PRUNED,0:00:01.984803,0.003563976058443235,16
844,0.11175473098843243,PRUNED,0:00:15.723113,0.0035568567161610386,9
845,1.2706887050678854,PRUNED,0:00:00.685454,0.010304156487362286,92
846,0.11004488511375324,PRUNED,0:00:12.062966,0.003790357571859788,12
847,0.10704273499689496,PRUNED,0:00:14.601222,0.00327086709977294,10
848,0.7314500142398355,PRUNED,0:00:01.369408,0.007301682978295133,31
849,0.28219319168034923,PRUNED,0:00:02.651963,0.010235521649556618,31
850,0.7788060974888087,PRUNED,0:00:01.078984,0.01054518880552649,39
851,0.19395867411989764,PRUNED,0:00:07.131909,0.005780584994648744,10
852,0.15857857951160634,PRUNED,0:00:03.417330,0.006046491436440169,22
853,0.17363253159148712,PRUNED,0:00:03.256541,0.0062448516844944724,23
854,0.1213068763447783,PRUNED,0:00:05.031298,0.008103557949686585,23
855,0.30598767389157655,PRUNED,0:00:06.014647,0.007741226739712912,11
856,1.7188069170171565,PRUNED,0:00:00.418019,0.00781736084515119,145
857,0.15692546446461322,PRUNED,0:00:05.186607,0.00829346807271056,12
858,0.31715605122904666,PRUNED,0:00:03.529430,0.01649602969609796,23
859,0.1216932145407401,PRUNED,0:00:05.597106,0.007816419026268652,21
860,0.31685956199911464,PRUNED,0:00:03.324870,0.01651980900674624,23
861,0.7280229137708174,PRUNED,0:00:01.132578,0.01111386973811951,37
862,0.10301507901866977,PRUNED,0:00:04.885375,0.00961370601295393,37
863,0.11778364818854188,PRUNED,0:00:05.538786,0.011064102864511885,31
864,0.8213784441274948,PRUNED,0:00:01.425801,0.005201475054580318,30
865,0.8196954100953537,PRUNED,0:00:01.299882,0.005133672918403621,31
866,1.897068402858881,PRUNED,0:00:00.530779,0.005239385643211967,135
867,0.2983047479187628,PRUNED,0:00:05.498118,0.0063258390809404945,14
868,0.10060897882073379,PRUNED,0:00:13.881037,0.005201160836727677,16
869,0.15737131463074705,PRUNED,0:00:04.111050,0.0053297781255738485,16
870,0.3024650341262095,PRUNED,0:00:05.143994,0.006601448723200514,15
871,0.12110744356507003,PRUNED,0:00:07.332279,0.005864776196025459,16
872,0.0027029707040894667,COMPLETE,0:00:22.917781,0.0061613162504697205,18
873,0.09966056176802007,PRUNED,0:00:11.206015,0.006156480879873462,17
874,2.9432865995349307,PRUNED,0:00:02.384635,9.415094755286835e-05,16
875,0.10839161703395558,PRUNED,0:00:08.093049,0.004596151377598418,16
876,0.0028417808194887055,COMPLETE,0:00:24.651988,0.004464870999256927,18
877,0.1757871554369112,PRUNED,0:00:16.904938,0.004629445404853491,4
878,0.002666636132650441,COMPLETE,0:00:23.914202,0.004884674015569398,19
879,0.2987689032827404,PRUNED,0:00:17.014353,0.004382062257628059,4
880,0.12207778470199025,PRUNED,0:00:11.142188,0.004564759401865432,8
881,0.7292149668898095,PRUNED,0:00:01.773522,0.004204334799880623,22
882,0.12252644668149362,PRUNED,0:00:20.921271,0.004462684143798396,4
883,0.21220471835938942,PRUNED,0:00:16.181124,0.007276138810634946,4
884,0.21216977975708395,PRUNED,0:00:08.632708,0.006865895917539392,8
885,0.17088026651104943,PRUNED,0:00:02.608683,0.007053163277429658,26
886,1.9539442847414714,PRUNED,0:00:00.359441,0.009206346585373025,213
887,0.00283252474181827,COMPLETE,0:00:17.214391,0.007246962992819473,27
888,0.721928346352499,PRUNED,0:00:01.567873,0.0075097165047171574,26
889,0.263819020990662,PRUNED,0:00:02.903637,0.007307589628953924,24
890,0.24998352915407662,PRUNED,0:00:03.720204,0.009273652415406336,21
891,0.3340555741494402,PRUNED,0:00:03.363641,0.010407002873293042,20
892,0.29597272095911276,PRUNED,0:00:03.859414,0.009684335443099627,20
893,0.7933939924441188,PRUNED,0:00:01.049660,0.011035818357048845,42
894,0.7987526927271116,PRUNED,0:00:00.999495,0.013773469050116774,46
895,0.3027828024598009,PRUNED,0:00:02.796468,0.013201159323347204,29
896,0.7202569761503649,PRUNED,0:00:01.591621,0.006144797852003384,26
897,0.7486980270079884,PRUNED,0:00:01.495171,0.0063131942288883495,29
898,0.7675567284449563,PRUNED,0:00:01.388710,0.006020889330558991,29
899,0.7620502728075583,PRUNED,0:00:01.161434,0.006497815059214221,31
900,0.7290818816346877,PRUNED,0:00:01.468383,0.006118080631744232,28
901,2.610741036611594,PRUNED,0:00:01.339963,0.09701760211100832,31
902,0.7552162014369147,PRUNED,0:00:01.222362,0.009004897766626592,34
903,2.609230927144638,PRUNED,0:00:01.584573,0.09030572534404925,22
904,0.30812258653417984,PRUNED,0:00:03.642488,0.008857290848080868,22
905,1.1447868277588167,PRUNED,0:00:00.711868,0.008197138315827497,72
906,0.10759676559815394,PRUNED,0:00:06.576754,0.008391675637601034,24
907,0.7769874197022975,PRUNED,0:00:01.259628,0.008457956183311776,36
908,0.20020523744003754,PRUNED,0:00:03.379261,0.008837377879927144,23
909,0.775756674836654,PRUNED,0:00:01.838558,0.005222770699917288,24
910,0.7891372709481184,PRUNED,0:00:01.405272,0.00513026221454528,24
911,0.7238372646415857,PRUNED,0:00:01.485696,0.005382827482234354,24
912,0.7296550461044412,PRUNED,0:00:01.818773,0.005564826375320503,23
913,0.11593465750107708,PRUNED,0:00:06.841583,0.005687491350428945,19
914,0.12087596959842384,PRUNED,0:00:06.065903,0.007637763217011165,18
915,0.20221183138845628,PRUNED,0:00:04.067057,0.008059298783130414,18
916,0.4591478657958047,PRUNED,0:00:05.358308,0.047259410621732396,13
917,0.21247056121594154,PRUNED,0:00:05.190017,0.02079106868946522,13
918,0.2879427289291605,PRUNED,0:00:05.363726,0.023280506452536976,13
919,0.2932498835132782,PRUNED,0:00:05.315441,0.012618066687665512,13
920,0.19696319343685695,PRUNED,0:00:04.251153,0.012207177137168944,15
921,0.20780494644693437,PRUNED,0:00:05.373712,0.011683139540862739,13
922,0.2398232402839739,PRUNED,0:00:05.266605,0.021096642136065262,13
923,0.31256933815099974,PRUNED,0:00:03.869119,0.012080382805544042,18
924,0.19671382178329513,PRUNED,0:00:04.584949,0.011765698149388876,13
925,1.03333426856944,PRUNED,0:00:01.016770,0.003996702439117249,37
926,0.9940005975392362,PRUNED,0:00:01.200755,0.004014350855671783,34
927,1.0777752785827994,PRUNED,0:00:01.140476,0.004203810208511457,36
928,0.2648455668037883,PRUNED,0:00:03.506308,0.0060888332446467405,19
929,3.796404659009177,PRUNED,0:00:03.626364,2.2071660275849626e-06,9
930,0.1604612487626131,PRUNED,0:00:07.671661,0.006243832792539967,9
931,0.22344450668762783,PRUNED,0:00:06.527040,0.006103434702699656,9
932,0.7329852868658785,PRUNED,0:00:01.949221,0.006412853913121625,19
933,0.28744098910968546,PRUNED,0:00:03.909100,0.006509863272273075,19
934,0.1019430440645494,PRUNED,0:00:09.161218,0.006395576353022108,20
935,3.7830908279357716,PRUNED,0:00:01.440461,9.601289065469988e-06,28
936,1.826451882198974,PRUNED,0:00:00.458434,0.005002092112485391,122
937,1.1629111190282164,PRUNED,0:00:00.841938,0.00484724701022695,52
938,0.002994161832899601,COMPLETE,0:00:15.221242,0.006832363892978848,29
939,1.5447772324849398,PRUNED,0:00:00.522785,0.0068424321022024495,112
940,0.12287800157033253,PRUNED,0:00:04.351256,0.007203491455787485,27
941,3.744238210374348,PRUNED,0:00:01.563945,1.6633706094388286e-05,25
942,0.10752915504222701,PRUNED,0:00:06.344528,0.010127438997132214,29
943,1.2366984404366592,PRUNED,0:00:01.005820,0.0032145753906058566,43
944,3.7803675070041565,PRUNED,0:00:00.557691,3.0292836301402845e-05,85
945,0.09348603163600583,PRUNED,0:00:08.046689,0.009672355991004617,30
946,1.8930028994595813,PRUNED,0:00:01.255782,0.0008057225986926964,31
947,0.3105429747748539,PRUNED,0:00:03.596111,0.01015168180518771,20
948,0.29169111479836773,PRUNED,0:00:03.435876,0.00973817475470534,21
949,0.12127406591304926,PRUNED,0:00:04.806282,0.0048244915283268365,22
950,0.7393714196678965,PRUNED,0:00:01.598691,0.004913643008061937,22
951,0.31470690431591564,PRUNED,0:00:03.042689,0.01511210441428347,24
952,0.0023483333106999135,COMPLETE,0:00:23.736245,0.004886432388479633,16
953,0.2732295031417257,PRUNED,0:00:04.398528,0.0038013687665066852,15
954,0.3327074161327903,PRUNED,0:00:04.157299,0.015127534728804034,16
955,1.367617841249977,PRUNED,0:00:00.769397,0.0037849420268574368,57
956,0.15663110135241753,PRUNED,0:00:03.997584,0.00373133137394778,15
957,0.7336593534527184,PRUNED,0:00:02.174834,0.003920945642914958,16
958,0.19250029053400494,PRUNED,0:00:06.636749,0.007631353019064473,9
959,0.200581533395616,PRUNED,0:00:06.872397,0.008009118791913756,9
960,0.20814499745053078,PRUNED,0:00:06.635597,0.007896961623960707,9
961,0.178608177679602,PRUNED,0:00:06.780098,0.005147778305322694,8
962,1.0136750430219315,PRUNED,0:00:00.914321,0.005365271774465436,41
963,0.9274313293876704,PRUNED,0:00:01.055398,0.004779902899414899,34
964,3.8077644942220576,PRUNED,0:00:01.143178,4.386363369811532e-06,36
965,0.9481587156899705,PRUNED,0:00:00.987865,0.005266217799189332,36
966,1.043436459497439,PRUNED,0:00:01.306911,0.0028908539875035235,26
967,0.8386668397320641,PRUNED,0:00:01.771421,0.0029477946885603677,19
968,0.9283593846231143,PRUNED,0:00:01.206923,0.003248310263419425,25
969,0.9492762897626247,PRUNED,0:00:01.705196,0.002281104415652265,19
970,0.2630370944230394,PRUNED,0:00:03.289893,0.005508919583889722,18
971,0.1111517125306436,PRUNED,0:00:06.808694,0.006058043994177733,19
972,0.7328015002470614,PRUNED,0:00:01.307523,0.005860748841344119,26
973,1.7718928812915444,PRUNED,0:00:00.390880,0.007453569724711908,149
974,0.0030007772896010858,COMPLETE,0:00:23.909680,0.004151474887622713,14
975,0.00268062895893029,COMPLETE,0:00:25.986392,0.004205326881944972,13
976,0.227640580539861,PRUNED,0:00:04.982375,0.004046315950886224,12
977,0.09628130812146611,PRUNED,0:00:21.374951,0.004139599933903338,8
978,0.08969251441540961,PRUNED,0:00:27.470334,0.0030275513784175294,8
979,0.15801218407580173,PRUNED,0:00:08.173100,0.002463332063825398,7
980,0.11285154255907459,PRUNED,0:00:16.267925,0.0029520187654460306,7
981,0.11967766529874478,PRUNED,0:00:10.727295,0.0031606225153303262,8
982,0.1872535969487317,PRUNED,0:00:04.867321,0.003026210888882515,12
983,0.002576478285638458,COMPLETE,0:00:27.694011,0.0033901377705221774,12
984,0.24014110029254895,PRUNED,0:00:04.455884,0.0036426751138986914,13
985,0.002657282497077052,COMPLETE,0:00:24.545707,0.00415341836951675,14
986,0.11066061906051318,PRUNED,0:00:26.747501,0.002297697628318334,4
987,0.1929811138935093,PRUNED,0:00:13.274399,0.002204451652792558,4
988,0.15398529721277002,PRUNED,0:00:10.843305,0.0019153561702166596,5
989,0.7396005338594092,PRUNED,0:00:02.516246,0.0024115123547608056,11
990,0.10839498805564625,PRUNED,0:00:13.507944,0.0026993781290670683,8
991,0.10857933220451957,PRUNED,0:00:10.972764,0.0031722255303382883,10
992,0.0029726374212463856,COMPLETE,0:00:25.803686,0.003492254498145946,12
993,0.1670301344666435,PRUNED,0:00:04.746844,0.0034168400327761455,12
994,0.002673034952398772,COMPLETE,0:00:23.801512,0.0040623657980699305,13
995,0.10735822808685053,PRUNED,0:00:25.129190,0.0021435911462717714,4
996,0.8797781616338236,PRUNED,0:00:02.111110,0.0017162222099092494,13
997,0.7301137423799786,PRUNED,0:00:02.064700,0.0025267823194604594,13
998,2.466705533522594,PRUNED,0:00:00.292597,0.0037337111057688705,223
999,0.10863741641544332,PRUNED,0:00:12.837349,0.0027122657926983516,8
